path,filename,label,original_split,label_index,sha256
C:\Users\ransi\Documents\AA  SLIIT\Y2S1\IT2011 AIML\My First AI Project\EfficientNetB3_Project\data\brain_tumor_mri\Testing\pituitary_tumor\image(8).jpg,image(8).jpg,pituitary_tumor,Testing,3,dcd95c0c2665cd7680ba5d36c4f46df84c24faec7bb5b4bd31d164a04703d9a5
C:\Users\ransi\Documents\AA  SLIIT\Y2S1\IT2011 AIML\My First AI Project\EfficientNetB3_Project\data\brain_tumor_mri\Training\meningioma_tumor\m (79).jpg,m (79).jpg,meningioma_tumor,Training,1,ebd98af7354606bc7111fb8bbc09543bdf27bc0e05bf938a549c008d2085d763
C:\Users\ransi\Documents\AA  SLIIT\Y2S1\IT2011 AIML\My First AI Project\EfficientNetB3_Project\data\brain_tumor_mri\Training\glioma_tumor\gg (334).jpg,gg (334).jpg,glioma_tumor,Training,0,0e4ac53dd6ecee3d2eb649271b47248a45c72f796c05742f5db1f893877e809e
C:\Users\ransi\Documents\AA  SLIIT\Y2S1\IT2011 AIML\My First AI Project\EfficientNetB3_Project\data\brain_tumor_mri\Training\pituitary_tumor\p (248).jpg,p (248).jpg,pituitary_tumor,Training,3,fa40724a7210c30ee619fb77af6ada50148e70e55216d40bfbaf8e9c3f7ae462
C:\Users\ransi\Documents\AA  SLIIT\Y2S1\IT2011 AIML\My First AI Project\EfficientNetB3_Project\data\brain_tumor_mri\Training\no_tumor\image(253).jpg,image(253).jpg,no_tumor,Training,2,2779f5d9e97ff8a2283e34ab88a7e6de22c561367944758e2796f427fd2dddd9
C:\Users\ransi\Documents\AA  SLIIT\Y2S1\IT2011 AIML\My First AI Project\EfficientNetB3_Project\data\brain_tumor_mri\Training\no_tumor\image(32).jpg,image(32).jpg,no_tumor,Training,2,1d489fd63322dff8146dfb442c512362d2d42d5f4e44b90414202ac0abe5f97e
C:\Users\ransi\Documents\AA  SLIIT\Y2S1\IT2011 AIML\My First AI Project\EfficientNetB3_Project\data\brain_tumor_mri\Training\no_tumor\image(209).jpg,image(209).jpg,no_tumor,Training,2,682871b3c7250e0c56b28688840ac15101ec847a891e0b2d2cb72f0436ff8073
C:\Users\ransi\Documents\AA  SLIIT\Y2S1\IT2011 AIML\My First AI Project\EfficientNetB3_Project\data\brain_tumor_mri\Training\glioma_tumor\gg (335).jpg,gg (335).jpg,glioma_tumor,Training,0,1b1df8c2b4e4eced7e40cf9d04dde675e894072b17d49ecb1f59b773a91276e3
C:\Users\ransi\Documents\AA  SLIIT\Y2S1\IT2011 AIML\My First AI Project\EfficientNetB3_Project\data\brain_tumor_mri\Training\pituitary_tumor\p (222).jpg,p (222).jpg,pituitary_tumor,Training,3,1f1a1c219300acd07d315313dec59994139b88061b373e050a8acf8f77ebf39c
C:\Users\ransi\Documents\AA  SLIIT\Y2S1\IT2011 AIML\My First AI Project\EfficientNetB3_Project\data\brain_tumor_mri\Training\glioma_tumor\gg (293).jpg,gg (293).jpg,glioma_tumor,Training,0,bc073273b6dcd777610467e40f99add923081ca73f7efe9b4a4a4c0887d55b67
C:\Users\ransi\Documents\AA  SLIIT\Y2S1\IT2011 AIML\My First AI Project\EfficientNetB3_Project\data\brain_tumor_mri\Training\meningioma_tumor\m1(53).jpg,m1(53).jpg,meningioma_tumor,Training,1,0e1e504b3f86b954964d8614f13b726a96fe12a9b7a1a9712c0424f96d2e9b03
C:\Users\ransi\Documents\AA  SLIIT\Y2S1\IT2011 AIML\My First AI Project\EfficientNetB3_Project\data\brain_tumor_mri\Training\no_tumor\image(201).jpg,image(201).jpg,no_tumor,Training,2,17bd1588f84aafbccb846c974ae1f24cef5ce6f0fc0f32a4417af50bfe9f52cd
C:\Users\ransi\Documents\AA  SLIIT\Y2S1\IT2011 AIML\My First AI Project\EfficientNetB3_Project\data\brain_tumor_mri\Training\glioma_tumor\gg (89).jpg,gg (89).jpg,glioma_tumor,Training,0,ccfb683bfc5feb582712df23c57b83583f702a66f98e0ae7c8ea99b256898631
C:\Users\ransi\Documents\AA  SLIIT\Y2S1\IT2011 AIML\My First AI Project\EfficientNetB3_Project\data\brain_tumor_mri\Training\glioma_tumor\gg (95).jpg,gg (95).jpg,glioma_tumor,Training,0,6850c8b0ad180c1fbe4e6fcca5695912e586fe9ce63b701d297790a4c85eab60
C:\Users\ransi\Documents\AA  SLIIT\Y2S1\IT2011 AIML\My First AI Project\EfficientNetB3_Project\data\brain_tumor_mri\Training\no_tumor\image(191).jpg,image(191).jpg,no_tumor,Training,2,7adb02dafa127d16b635a76df10314f68ded12fa7a20457e4d666d2873a2130f
C:\Users\ransi\Documents\AA  SLIIT\Y2S1\IT2011 AIML\My First AI Project\EfficientNetB3_Project\data\brain_tumor_mri\Training\meningioma_tumor\m3 (166).jpg,m3 (166).jpg,meningioma_tumor,Training,1,8c1a5737466330c20f01adaa7979d51c52634dba850e0e7bd5bae4b2a9eb4b7e
C:\Users\ransi\Documents\AA  SLIIT\Y2S1\IT2011 AIML\My First AI Project\EfficientNetB3_Project\data\brain_tumor_mri\Training\meningioma_tumor\m (49).jpg,m (49).jpg,meningioma_tumor,Training,1,680ef75a2d3f76c310b70ee9e10dadc3b1dbfad061489f3eff6994bbadadf864
C:\Users\ransi\Documents\AA  SLIIT\Y2S1\IT2011 AIML\My First AI Project\EfficientNetB3_Project\data\brain_tumor_mri\Testing\pituitary_tumor\image.jpg,image.jpg,pituitary_tumor,Testing,3,93ea61a9b554ed27c76d767221bba1d6c8b24a03521aee53f4b822b89efa41b2
C:\Users\ransi\Documents\AA  SLIIT\Y2S1\IT2011 AIML\My First AI Project\EfficientNetB3_Project\data\brain_tumor_mri\Training\pituitary_tumor\p (240).jpg,p (240).jpg,pituitary_tumor,Training,3,c27c953b150b8cfa6c2820bac42a13a5d1b5b6420409973ba07a18542429afd5
C:\Users\ransi\Documents\AA  SLIIT\Y2S1\IT2011 AIML\My First AI Project\EfficientNetB3_Project\data\brain_tumor_mri\Training\pituitary_tumor\p (701).jpg,p (701).jpg,pituitary_tumor,Training,3,3f3d571c976b7767d1ee6f9b2992f6d7475c4307225491821501b18cd15bfabf
C:\Users\ransi\Documents\AA  SLIIT\Y2S1\IT2011 AIML\My First AI Project\EfficientNetB3_Project\data\brain_tumor_mri\Training\glioma_tumor\gg (166).jpg,gg (166).jpg,glioma_tumor,Training,0,f263e5c1b1139795586bb571418f429abe2f7f1805e9c7620948228d39b99371
C:\Users\ransi\Documents\AA  SLIIT\Y2S1\IT2011 AIML\My First AI Project\EfficientNetB3_Project\data\brain_tumor_mri\Training\pituitary_tumor\p (116).jpg,p (116).jpg,pituitary_tumor,Training,3,6202045c980db4efd0747cf0ff62880374c25d24a1b528d35ee8815744ff432f
C:\Users\ransi\Documents\AA  SLIIT\Y2S1\IT2011 AIML\My First AI Project\EfficientNetB3_Project\data\brain_tumor_mri\Training\meningioma_tumor\m1(120).jpg,m1(120).jpg,meningioma_tumor,Training,1,560ac96dc3f7ab9c6b84af2cb3f6a4a7f510b75e865bafeaa95f705992846861
C:\Users\ransi\Documents\AA  SLIIT\Y2S1\IT2011 AIML\My First AI Project\EfficientNetB3_Project\data\brain_tumor_mri\Training\pituitary_tumor\p (307).jpg,p (307).jpg,pituitary_tumor,Training,3,0aacc35e5930ea8e75ec9e42976bc4f4d104ec618d8797e5c5c3341df88fee42
C:\Users\ransi\Documents\AA  SLIIT\Y2S1\IT2011 AIML\My First AI Project\EfficientNetB3_Project\data\brain_tumor_mri\Training\glioma_tumor\gg (798).jpg,gg (798).jpg,glioma_tumor,Training,0,375c3fb1f729f59cd2fe8eed4ba4766513ae74e9b754f5758050c3d464515f35
C:\Users\ransi\Documents\AA  SLIIT\Y2S1\IT2011 AIML\My First AI Project\EfficientNetB3_Project\data\brain_tumor_mri\Training\pituitary_tumor\p (349).jpg,p (349).jpg,pituitary_tumor,Training,3,45bfb484733b3c9c87adf8053e8449d1a6e4f59c62acba918d38e394cf60a0cb
C:\Users\ransi\Documents\AA  SLIIT\Y2S1\IT2011 AIML\My First AI Project\EfficientNetB3_Project\data\brain_tumor_mri\Training\pituitary_tumor\p (195).jpg,p (195).jpg,pituitary_tumor,Training,3,c52c1de88a87a899f1c5db55927006d3bb41014e85554d95b586357246b14b61
C:\Users\ransi\Documents\AA  SLIIT\Y2S1\IT2011 AIML\My First AI Project\EfficientNetB3_Project\data\brain_tumor_mri\Training\meningioma_tumor\m1(8).jpg,m1(8).jpg,meningioma_tumor,Training,1,6340faba2fff3a8e99b8a8a08805383f95adf276c2468136af37199cdbd87f33
C:\Users\ransi\Documents\AA  SLIIT\Y2S1\IT2011 AIML\My First AI Project\EfficientNetB3_Project\data\brain_tumor_mri\Training\meningioma_tumor\m3 (102).jpg,m3 (102).jpg,meningioma_tumor,Training,1,c3a689cd5810ef8bd9470030d0642c691c22afbcfbc7561d7ddba196d78c81a7
C:\Users\ransi\Documents\AA  SLIIT\Y2S1\IT2011 AIML\My First AI Project\EfficientNetB3_Project\data\brain_tumor_mri\Testing\meningioma_tumor\image(55).jpg,image(55).jpg,meningioma_tumor,Testing,1,4061e76d26b82a92d71bd6440dad3bb875b36fc8443f6d48c1e33d16f6658729
C:\Users\ransi\Documents\AA  SLIIT\Y2S1\IT2011 AIML\My First AI Project\EfficientNetB3_Project\data\brain_tumor_mri\Training\glioma_tumor\gg (15).jpg,gg (15).jpg,glioma_tumor,Training,0,0ea54647e92701d965e139b43a0ef3f938c4e461b8bf75e4bf09257bb877655b
C:\Users\ransi\Documents\AA  SLIIT\Y2S1\IT2011 AIML\My First AI Project\EfficientNetB3_Project\data\brain_tumor_mri\Training\glioma_tumor\gg (138).jpg,gg (138).jpg,glioma_tumor,Training,0,9da3b3c044a6d29fd8b003e2cdf45611fc60767972807c03c83f7727816d013f
C:\Users\ransi\Documents\AA  SLIIT\Y2S1\IT2011 AIML\My First AI Project\EfficientNetB3_Project\data\brain_tumor_mri\Training\meningioma_tumor\m1(41).jpg,m1(41).jpg,meningioma_tumor,Training,1,17fa7362e2aac6d61219bac2f1ad9c082f12f1e50de77f08a64cd8093920aa25
C:\Users\ransi\Documents\AA  SLIIT\Y2S1\IT2011 AIML\My First AI Project\EfficientNetB3_Project\data\brain_tumor_mri\Training\glioma_tumor\gg (779).jpg,gg (779).jpg,glioma_tumor,Training,0,2dc68dec9209b4528258d3b13ac6346c91dff9c7545934b5b0d3e61cc1e9acdd
C:\Users\ransi\Documents\AA  SLIIT\Y2S1\IT2011 AIML\My First AI Project\EfficientNetB3_Project\data\brain_tumor_mri\Training\meningioma_tumor\m1(145).jpg,m1(145).jpg,meningioma_tumor,Training,1,44c5b942e58c6d70f1c96fdc7c9b3a0b960c2d41bb74546d96006f8d588c9b03
C:\Users\ransi\Documents\AA  SLIIT\Y2S1\IT2011 AIML\My First AI Project\EfficientNetB3_Project\data\brain_tumor_mri\Testing\no_tumor\image(46).jpg,image(46).jpg,no_tumor,Testing,2,733e77e4b6da2d851bddbf9cf2768c02db39d5fa0f7be61fdbcb9d1e044abb76
C:\Users\ransi\Documents\AA  SLIIT\Y2S1\IT2011 AIML\My First AI Project\EfficientNetB3_Project\data\brain_tumor_mri\Training\meningioma_tumor\m (75).jpg,m (75).jpg,meningioma_tumor,Training,1,1a29f9ed0321aeec696043b7c67021a38f9f5760cf6d3a7c93176da3eb18f9cc
C:\Users\ransi\Documents\AA  SLIIT\Y2S1\IT2011 AIML\My First AI Project\EfficientNetB3_Project\data\brain_tumor_mri\Training\pituitary_tumor\p (283).jpg,p (283).jpg,pituitary_tumor,Training,3,bbd45ab46b78d0c71a4d06b87a20cc8ced4646521db8b5d65ef450e8a7254bc6
C:\Users\ransi\Documents\AA  SLIIT\Y2S1\IT2011 AIML\My First AI Project\EfficientNetB3_Project\data\brain_tumor_mri\Training\pituitary_tumor\p (479).jpg,p (479).jpg,pituitary_tumor,Training,3,0d021d5403a52cbea118a8582bbeaed84b1eb7dfd8ed4ca412957a8e9b8d054c
C:\Users\ransi\Documents\AA  SLIIT\Y2S1\IT2011 AIML\My First AI Project\EfficientNetB3_Project\data\brain_tumor_mri\Training\pituitary_tumor\p (215).jpg,p (215).jpg,pituitary_tumor,Training,3,ff4f5c412f7a34b723bfc9c0572f54be109031bdb317c008920fa6775ef422ae
C:\Users\ransi\Documents\AA  SLIIT\Y2S1\IT2011 AIML\My First AI Project\EfficientNetB3_Project\data\brain_tumor_mri\Training\pituitary_tumor\p (92).jpg,p (92).jpg,pituitary_tumor,Training,3,5279da3cd452d2ec12004419bd57fd7b3baad9b24d69f972ef322d53c2758c22
C:\Users\ransi\Documents\AA  SLIIT\Y2S1\IT2011 AIML\My First AI Project\EfficientNetB3_Project\data\brain_tumor_mri\Training\meningioma_tumor\m3 (216).jpg,m3 (216).jpg,meningioma_tumor,Training,1,b7e4472793090b0b9e2e830561899bf0b1c1ce5f0b17a8473a9bfd0c87e429f6
C:\Users\ransi\Documents\AA  SLIIT\Y2S1\IT2011 AIML\My First AI Project\EfficientNetB3_Project\data\brain_tumor_mri\Training\pituitary_tumor\p (354).jpg,p (354).jpg,pituitary_tumor,Training,3,965a01763a8338819299be72a1dde9fbfbf5518fb4c457f4d8537e7495e0fdf5
C:\Users\ransi\Documents\AA  SLIIT\Y2S1\IT2011 AIML\My First AI Project\EfficientNetB3_Project\data\brain_tumor_mri\Training\meningioma_tumor\m2 (53).jpg,m2 (53).jpg,meningioma_tumor,Training,1,7f96b45e9a1f02f10945ff381f69e82c6dfa004bb1c15babd6e32d3c592626ae
C:\Users\ransi\Documents\AA  SLIIT\Y2S1\IT2011 AIML\My First AI Project\EfficientNetB3_Project\data\brain_tumor_mri\Training\meningioma_tumor\m (31).jpg,m (31).jpg,meningioma_tumor,Training,1,0967a79829d28ae415f9fae4350e8c69ff076c92b53929233562c80f2b346db0
C:\Users\ransi\Documents\AA  SLIIT\Y2S1\IT2011 AIML\My First AI Project\EfficientNetB3_Project\data\brain_tumor_mri\Training\glioma_tumor\gg (290).jpg,gg (290).jpg,glioma_tumor,Training,0,7ccd93b751a2c9e301d5cf279be23d99ab4b0db9e3545a739749c3b43dc5ebcd
C:\Users\ransi\Documents\AA  SLIIT\Y2S1\IT2011 AIML\My First AI Project\EfficientNetB3_Project\data\brain_tumor_mri\Training\pituitary_tumor\p (233).jpg,p (233).jpg,pituitary_tumor,Training,3,5f40b89cd3632b62df22b37306d0ff3d78fa1680a13ff3a981eb078df4e33b24
C:\Users\ransi\Documents\AA  SLIIT\Y2S1\IT2011 AIML\My First AI Project\EfficientNetB3_Project\data\brain_tumor_mri\Training\meningioma_tumor\m (6).jpg,m (6).jpg,meningioma_tumor,Training,1,272f9e1bcf95f15df518c8471533a0f539388b2c0bc6a194135a3ad287e18bbe
C:\Users\ransi\Documents\AA  SLIIT\Y2S1\IT2011 AIML\My First AI Project\EfficientNetB3_Project\data\brain_tumor_mri\Training\glioma_tumor\gg (458).jpg,gg (458).jpg,glioma_tumor,Training,0,d70b49e8f60bab6890f66491afcc9f2a19971e1f7dfa4dd68ef0e26a9627f824
C:\Users\ransi\Documents\AA  SLIIT\Y2S1\IT2011 AIML\My First AI Project\EfficientNetB3_Project\data\brain_tumor_mri\Training\no_tumor\image(305).jpg,image(305).jpg,no_tumor,Training,2,666b50d0474c4ff31d28ac1c6a8cd9e0d7c91f378d34f6f8eb8932dc986a635b
C:\Users\ransi\Documents\AA  SLIIT\Y2S1\IT2011 AIML\My First AI Project\EfficientNetB3_Project\data\brain_tumor_mri\Training\glioma_tumor\gg (365).jpg,gg (365).jpg,glioma_tumor,Training,0,0016fde6cbc9df73ba560cb8bdc5ac098308f51a1203c7c40151d72acc848743
C:\Users\ransi\Documents\AA  SLIIT\Y2S1\IT2011 AIML\My First AI Project\EfficientNetB3_Project\data\brain_tumor_mri\Training\glioma_tumor\gg (180).jpg,gg (180).jpg,glioma_tumor,Training,0,cf03050d26587ac013e1c0a9c7cb5a1e64a8ebbeec459c4f331536fd1fc477f2
C:\Users\ransi\Documents\AA  SLIIT\Y2S1\IT2011 AIML\My First AI Project\EfficientNetB3_Project\data\brain_tumor_mri\Training\meningioma_tumor\m (154).jpg,m (154).jpg,meningioma_tumor,Training,1,0e1c69bf7577d2b965ddca7e4e9b7ccb75abcb338a86b9c7493266eda7bf9f05
C:\Users\ransi\Documents\AA  SLIIT\Y2S1\IT2011 AIML\My First AI Project\EfficientNetB3_Project\data\brain_tumor_mri\Training\no_tumor\image (28).jpg,image (28).jpg,no_tumor,Training,2,d22f76ae6780bc947ddeb36446b3bb97bfcc5ada33b8db69753949c9d214111a
C:\Users\ransi\Documents\AA  SLIIT\Y2S1\IT2011 AIML\My First AI Project\EfficientNetB3_Project\data\brain_tumor_mri\Training\meningioma_tumor\m (102).jpg,m (102).jpg,meningioma_tumor,Training,1,12b6c3eff030eae8c284644b0d19388e5159d9d0682888ade9fb8c267186270f
C:\Users\ransi\Documents\AA  SLIIT\Y2S1\IT2011 AIML\My First AI Project\EfficientNetB3_Project\data\brain_tumor_mri\Training\glioma_tumor\gg (317).jpg,gg (317).jpg,glioma_tumor,Training,0,1b3680d70dcec5cba02a782d76b3f8af41bb43039c4788e354fa3215231382aa
C:\Users\ransi\Documents\AA  SLIIT\Y2S1\IT2011 AIML\My First AI Project\EfficientNetB3_Project\data\brain_tumor_mri\Training\pituitary_tumor\p (724).jpg,p (724).jpg,pituitary_tumor,Training,3,9f99d911e66ecc5e010cff0694465df42eb8be2fcd747cba19dc102276faf4c8
C:\Users\ransi\Documents\AA  SLIIT\Y2S1\IT2011 AIML\My First AI Project\EfficientNetB3_Project\data\brain_tumor_mri\Training\meningioma_tumor\m1(175).jpg,m1(175).jpg,meningioma_tumor,Training,1,0393684019b077c8ca1612bffafae672b08a84ed5e66d5290eb93d541a9face9
C:\Users\ransi\Documents\AA  SLIIT\Y2S1\IT2011 AIML\My First AI Project\EfficientNetB3_Project\data\brain_tumor_mri\Training\meningioma_tumor\m3 (80).jpg,m3 (80).jpg,meningioma_tumor,Training,1,732b052c052fea699ab9c3deff5b18eb84affd95ffaf0975c719f5d259ceb0a7
C:\Users\ransi\Documents\AA  SLIIT\Y2S1\IT2011 AIML\My First AI Project\EfficientNetB3_Project\data\brain_tumor_mri\Training\meningioma_tumor\m3 (1).jpg,m3 (1).jpg,meningioma_tumor,Training,1,58839b53a3514524275c3bbdfde895bc1d5737944a06e37461f9dab8b07ca035
C:\Users\ransi\Documents\AA  SLIIT\Y2S1\IT2011 AIML\My First AI Project\EfficientNetB3_Project\data\brain_tumor_mri\Training\glioma_tumor\gg (183).jpg,gg (183).jpg,glioma_tumor,Training,0,b78d5137a690458ef57bb38c07dc90f50ad6b6fcca09bf166801d2da59b1b916
C:\Users\ransi\Documents\AA  SLIIT\Y2S1\IT2011 AIML\My First AI Project\EfficientNetB3_Project\data\brain_tumor_mri\Training\meningioma_tumor\m1(62).jpg,m1(62).jpg,meningioma_tumor,Training,1,88b67024fdefbff05467055188402a9036dede7e9443da9dc8474df35e4016f7
C:\Users\ransi\Documents\AA  SLIIT\Y2S1\IT2011 AIML\My First AI Project\EfficientNetB3_Project\data\brain_tumor_mri\Training\meningioma_tumor\m2 (74).jpg,m2 (74).jpg,meningioma_tumor,Training,1,0471a53479c15eb66eddcebf9bc3100c13334f532215415b6807c59fc53e4bf0
C:\Users\ransi\Documents\AA  SLIIT\Y2S1\IT2011 AIML\My First AI Project\EfficientNetB3_Project\data\brain_tumor_mri\Training\glioma_tumor\gg (564).jpg,gg (564).jpg,glioma_tumor,Training,0,20f46ebad3677a5e46259cf20c68cfb795678db165ac28af110ba6e4edeec82b
C:\Users\ransi\Documents\AA  SLIIT\Y2S1\IT2011 AIML\My First AI Project\EfficientNetB3_Project\data\brain_tumor_mri\Training\meningioma_tumor\m3 (66).jpg,m3 (66).jpg,meningioma_tumor,Training,1,ad9ae435d093143165abe2a8566e4d76173cb996f724094de5c6c84e3838b9be
C:\Users\ransi\Documents\AA  SLIIT\Y2S1\IT2011 AIML\My First AI Project\EfficientNetB3_Project\data\brain_tumor_mri\Training\pituitary_tumor\p (675).jpg,p (675).jpg,pituitary_tumor,Training,3,39d9807c2c27d1d392583549d3b8621de14748bf20bf632a34b1177423d0164b
C:\Users\ransi\Documents\AA  SLIIT\Y2S1\IT2011 AIML\My First AI Project\EfficientNetB3_Project\data\brain_tumor_mri\Training\glioma_tumor\gg (658).jpg,gg (658).jpg,glioma_tumor,Training,0,f11625bdd4414b4bad7c3d7816fea9eda410bee8741764deb98eafb05c53dd83
C:\Users\ransi\Documents\AA  SLIIT\Y2S1\IT2011 AIML\My First AI Project\EfficientNetB3_Project\data\brain_tumor_mri\Training\pituitary_tumor\p (154).jpg,p (154).jpg,pituitary_tumor,Training,3,9fda5386c137c79edb9299eec880295385f7df883134a4255c2dbea2e8120b3b
C:\Users\ransi\Documents\AA  SLIIT\Y2S1\IT2011 AIML\My First AI Project\EfficientNetB3_Project\data\brain_tumor_mri\Training\glioma_tumor\gg (634).jpg,gg (634).jpg,glioma_tumor,Training,0,ed7a64d0dcda41a70825510279c8676c488c73923c741e0c15c34e7957b277e2
C:\Users\ransi\Documents\AA  SLIIT\Y2S1\IT2011 AIML\My First AI Project\EfficientNetB3_Project\data\brain_tumor_mri\Testing\pituitary_tumor\image(98).jpg,image(98).jpg,pituitary_tumor,Testing,3,0489b766cec142559599eebca9ddd5fb27390a6140dc3d15887f03563cc6e034
C:\Users\ransi\Documents\AA  SLIIT\Y2S1\IT2011 AIML\My First AI Project\EfficientNetB3_Project\data\brain_tumor_mri\Training\meningioma_tumor\m1(118).jpg,m1(118).jpg,meningioma_tumor,Training,1,37f56b108bf51b46843a02ee76d310daebdf2d9fcbbd0d8554514689203b7d90
C:\Users\ransi\Documents\AA  SLIIT\Y2S1\IT2011 AIML\My First AI Project\EfficientNetB3_Project\data\brain_tumor_mri\Training\glioma_tumor\gg (436).jpg,gg (436).jpg,glioma_tumor,Training,0,e803a3e10f73f993deb46672b973ef17c17b9535964bc0b1e18cd6bbf531442c
C:\Users\ransi\Documents\AA  SLIIT\Y2S1\IT2011 AIML\My First AI Project\EfficientNetB3_Project\data\brain_tumor_mri\Testing\no_tumor\image(74).jpg,image(74).jpg,no_tumor,Testing,2,c6d35e130bc719af5e19824979ce640e835635fc495a7383435df8b9aa16b023
C:\Users\ransi\Documents\AA  SLIIT\Y2S1\IT2011 AIML\My First AI Project\EfficientNetB3_Project\data\brain_tumor_mri\Training\meningioma_tumor\m2 (176).jpg,m2 (176).jpg,meningioma_tumor,Training,1,7addc273f231f7513ae9891af275a162d32950e7df5b67ad5cff31bfabeaf8e3
C:\Users\ransi\Documents\AA  SLIIT\Y2S1\IT2011 AIML\My First AI Project\EfficientNetB3_Project\data\brain_tumor_mri\Training\meningioma_tumor\m (11).jpg,m (11).jpg,meningioma_tumor,Training,1,ece02805e688e8a2dc29cc5b0263c7ee0e30dffe3cd72a91215a944b80ea6c10
C:\Users\ransi\Documents\AA  SLIIT\Y2S1\IT2011 AIML\My First AI Project\EfficientNetB3_Project\data\brain_tumor_mri\Training\glioma_tumor\gg (725).jpg,gg (725).jpg,glioma_tumor,Training,0,80465290633a2440682d01f9af00ee53fdb13c4495f7dc747919764564dbf19b
C:\Users\ransi\Documents\AA  SLIIT\Y2S1\IT2011 AIML\My First AI Project\EfficientNetB3_Project\data\brain_tumor_mri\Testing\pituitary_tumor\image(86).jpg,image(86).jpg,pituitary_tumor,Testing,3,93ea61a9b554ed27c76d767221bba1d6c8b24a03521aee53f4b822b89efa41b2
C:\Users\ransi\Documents\AA  SLIIT\Y2S1\IT2011 AIML\My First AI Project\EfficientNetB3_Project\data\brain_tumor_mri\Testing\no_tumor\image(60).jpg,image(60).jpg,no_tumor,Testing,2,d07ac7d4c62a45c3ca88e4b57cf485acd22b5d5f5e519110f769eb0cd9169d47
C:\Users\ransi\Documents\AA  SLIIT\Y2S1\IT2011 AIML\My First AI Project\EfficientNetB3_Project\data\brain_tumor_mri\Training\meningioma_tumor\m2 (137).jpg,m2 (137).jpg,meningioma_tumor,Training,1,ece5885a02c4d35c2e4034f57689e1c1086c080760f01d566efbf7fa6c2c2206
C:\Users\ransi\Documents\AA  SLIIT\Y2S1\IT2011 AIML\My First AI Project\EfficientNetB3_Project\data\brain_tumor_mri\Training\pituitary_tumor\p (607).jpg,p (607).jpg,pituitary_tumor,Training,3,d258ca512dff806f60f55f61281227d0f15481a7bb1ba61332188c929c6b3ac5
C:\Users\ransi\Documents\AA  SLIIT\Y2S1\IT2011 AIML\My First AI Project\EfficientNetB3_Project\data\brain_tumor_mri\Training\pituitary_tumor\p (430).jpg,p (430).jpg,pituitary_tumor,Training,3,87b8a4532f3734242ee45cd61680f8c00e5b6066e00bc1aad6765370a9fb1c8e
C:\Users\ransi\Documents\AA  SLIIT\Y2S1\IT2011 AIML\My First AI Project\EfficientNetB3_Project\data\brain_tumor_mri\Training\meningioma_tumor\m3 (245).jpg,m3 (245).jpg,meningioma_tumor,Training,1,5c706a6c586ce154bdc6fd3007107005b74469496982f7be068c71c6021cf08b
C:\Users\ransi\Documents\AA  SLIIT\Y2S1\IT2011 AIML\My First AI Project\EfficientNetB3_Project\data\brain_tumor_mri\Training\pituitary_tumor\p (270).jpg,p (270).jpg,pituitary_tumor,Training,3,de22eb828ef4e8a3fc3bc01957398196923119da5945efaf7cd9786413d91006
C:\Users\ransi\Documents\AA  SLIIT\Y2S1\IT2011 AIML\My First AI Project\EfficientNetB3_Project\data\brain_tumor_mri\Training\meningioma_tumor\m3 (237).jpg,m3 (237).jpg,meningioma_tumor,Training,1,41f8139d61a0e79d7b9e0a1bd2846acdc77d0624f6a72a8048aa64110ea70e00
C:\Users\ransi\Documents\AA  SLIIT\Y2S1\IT2011 AIML\My First AI Project\EfficientNetB3_Project\data\brain_tumor_mri\Training\glioma_tumor\gg (345).jpg,gg (345).jpg,glioma_tumor,Training,0,76140b2800167e125a6a5c80f552895e61dec41d72a8de0e1526786462a49261
C:\Users\ransi\Documents\AA  SLIIT\Y2S1\IT2011 AIML\My First AI Project\EfficientNetB3_Project\data\brain_tumor_mri\Training\glioma_tumor\gg (288).jpg,gg (288).jpg,glioma_tumor,Training,0,2d4bfd63e364c817381a73f6354572213a1a1b1665c85e10ce977ee92bc6a17e
C:\Users\ransi\Documents\AA  SLIIT\Y2S1\IT2011 AIML\My First AI Project\EfficientNetB3_Project\data\brain_tumor_mri\Training\meningioma_tumor\m3 (4).jpg,m3 (4).jpg,meningioma_tumor,Training,1,26727861981407e4442e91f4fc892017086d91ab6aa6362817eabee78aed0bda
C:\Users\ransi\Documents\AA  SLIIT\Y2S1\IT2011 AIML\My First AI Project\EfficientNetB3_Project\data\brain_tumor_mri\Training\meningioma_tumor\m3 (189).jpg,m3 (189).jpg,meningioma_tumor,Training,1,22ff202c8c1effc27362d7016064f225b192c4399265e042e6fdf6b4816e64e9
C:\Users\ransi\Documents\AA  SLIIT\Y2S1\IT2011 AIML\My First AI Project\EfficientNetB3_Project\data\brain_tumor_mri\Training\meningioma_tumor\m2 (17).jpg,m2 (17).jpg,meningioma_tumor,Training,1,fe9a521194f1dc36568a0a448069a0b8f37e6ed6a1fd29d06bbbed8b38c5e68a
C:\Users\ransi\Documents\AA  SLIIT\Y2S1\IT2011 AIML\My First AI Project\EfficientNetB3_Project\data\brain_tumor_mri\Training\meningioma_tumor\m3 (167).jpg,m3 (167).jpg,meningioma_tumor,Training,1,e53deea92aa71ef68d1ea7c7de654b8d39fed961abb1a4f0cf961a67431ea2e4
C:\Users\ransi\Documents\AA  SLIIT\Y2S1\IT2011 AIML\My First AI Project\EfficientNetB3_Project\data\brain_tumor_mri\Training\meningioma_tumor\m (181).jpg,m (181).jpg,meningioma_tumor,Training,1,fd168fc8156c563ec1d83516c40f12c9d207cd0b669b6bc4f708e31f8eafbd24
C:\Users\ransi\Documents\AA  SLIIT\Y2S1\IT2011 AIML\My First AI Project\EfficientNetB3_Project\data\brain_tumor_mri\Testing\glioma_tumor\image(85).jpg,image(85).jpg,glioma_tumor,Testing,0,68ad50d3393ec4fcea1562cb3b586a4313b88d64f7498c4a38aa3255cfe2322d
C:\Users\ransi\Documents\AA  SLIIT\Y2S1\IT2011 AIML\My First AI Project\EfficientNetB3_Project\data\brain_tumor_mri\Training\meningioma_tumor\m2 (171).jpg,m2 (171).jpg,meningioma_tumor,Training,1,43f07d4414852c8f4dcfef0493bb7784824969ee3c7c4dde176c8f1db2b3b990
C:\Users\ransi\Documents\AA  SLIIT\Y2S1\IT2011 AIML\My First AI Project\EfficientNetB3_Project\data\brain_tumor_mri\Training\no_tumor\image(140).jpg,image(140).jpg,no_tumor,Training,2,e02cfe85ef7294491fed9eecce00758829656f50d7b73ebef150ee2551770de6
C:\Users\ransi\Documents\AA  SLIIT\Y2S1\IT2011 AIML\My First AI Project\EfficientNetB3_Project\data\brain_tumor_mri\Training\no_tumor\image(321).jpg,image(321).jpg,no_tumor,Training,2,868d144dc615a0032a80283be8b2c5488fcfb30c2f186f2fbf74c84c606a050b
C:\Users\ransi\Documents\AA  SLIIT\Y2S1\IT2011 AIML\My First AI Project\EfficientNetB3_Project\data\brain_tumor_mri\Training\meningioma_tumor\m2 (88).jpg,m2 (88).jpg,meningioma_tumor,Training,1,b9eb2b76be65ce2bafa21998fd8125ae6989adf59ea06d043afb3009b70b056b
C:\Users\ransi\Documents\AA  SLIIT\Y2S1\IT2011 AIML\My First AI Project\EfficientNetB3_Project\data\brain_tumor_mri\Training\pituitary_tumor\p (132).jpg,p (132).jpg,pituitary_tumor,Training,3,3804a20b65da56c2c75c3ac576c7bf93e80e0a80e0d9a179e4041764ac75fd58
C:\Users\ransi\Documents\AA  SLIIT\Y2S1\IT2011 AIML\My First AI Project\EfficientNetB3_Project\data\brain_tumor_mri\Training\no_tumor\image(116).jpg,image(116).jpg,no_tumor,Training,2,fd392bbd9dcdf2b793db3a1c5b04b3b336949388258bcf34f8b5ab5a6f8edfbb
C:\Users\ransi\Documents\AA  SLIIT\Y2S1\IT2011 AIML\My First AI Project\EfficientNetB3_Project\data\brain_tumor_mri\Training\pituitary_tumor\p (682).jpg,p (682).jpg,pituitary_tumor,Training,3,75f49af5933b522f7708a6b1065428cc73a15d52113ba7e0838accb7f8c2953f
C:\Users\ransi\Documents\AA  SLIIT\Y2S1\IT2011 AIML\My First AI Project\EfficientNetB3_Project\data\brain_tumor_mri\Training\glioma_tumor\gg (5).jpg,gg (5).jpg,glioma_tumor,Training,0,eeaf34c45943c730fc14d3f25104e1516a9fba8cdf2bf86124f76823442ad98f
C:\Users\ransi\Documents\AA  SLIIT\Y2S1\IT2011 AIML\My First AI Project\EfficientNetB3_Project\data\brain_tumor_mri\Training\no_tumor\image(298).jpg,image(298).jpg,no_tumor,Training,2,4211925dc3a4fbb8585306ea6e18c7bde166dc4b7da97a8c638a885b48758f97
C:\Users\ransi\Documents\AA  SLIIT\Y2S1\IT2011 AIML\My First AI Project\EfficientNetB3_Project\data\brain_tumor_mri\Training\no_tumor\image(159).jpg,image(159).jpg,no_tumor,Training,2,ab198f545810b5a1455ffd1a56e82d1acbf5a22230bc2dea24c92d5ec73af1eb
C:\Users\ransi\Documents\AA  SLIIT\Y2S1\IT2011 AIML\My First AI Project\EfficientNetB3_Project\data\brain_tumor_mri\Training\pituitary_tumor\p (807).jpg,p (807).jpg,pituitary_tumor,Training,3,b6592ab4c14f4cdaf5d6d4ce72fa133bab7e288a24c079ec14203294b2a8ae33
C:\Users\ransi\Documents\AA  SLIIT\Y2S1\IT2011 AIML\My First AI Project\EfficientNetB3_Project\data\brain_tumor_mri\Training\pituitary_tumor\p (650).jpg,p (650).jpg,pituitary_tumor,Training,3,352e008e1018d3c2819adac79f88d5c22c147ea8eb9c1f36d8cebfc488e8229b
C:\Users\ransi\Documents\AA  SLIIT\Y2S1\IT2011 AIML\My First AI Project\EfficientNetB3_Project\data\brain_tumor_mri\Training\pituitary_tumor\p (219).jpg,p (219).jpg,pituitary_tumor,Training,3,68a212377e2252810edf3b67891b656ced1ea2639995165acdcbf04f136f073c
C:\Users\ransi\Documents\AA  SLIIT\Y2S1\IT2011 AIML\My First AI Project\EfficientNetB3_Project\data\brain_tumor_mri\Training\glioma_tumor\gg (374).jpg,gg (374).jpg,glioma_tumor,Training,0,41f7e653debcb81fce4166646aad61c68e7ca2398dc7f0f162b5aa109b99d06c
C:\Users\ransi\Documents\AA  SLIIT\Y2S1\IT2011 AIML\My First AI Project\EfficientNetB3_Project\data\brain_tumor_mri\Training\pituitary_tumor\p (736).jpg,p (736).jpg,pituitary_tumor,Training,3,71f17d2dbabdfd524d9f3298ca19be7d26d7787b16394196e88051ce7253c9c3
C:\Users\ransi\Documents\AA  SLIIT\Y2S1\IT2011 AIML\My First AI Project\EfficientNetB3_Project\data\brain_tumor_mri\Training\glioma_tumor\gg (433).jpg,gg (433).jpg,glioma_tumor,Training,0,bc56ba6d56f3ecf6fe4e6cacbd8150a311088e4b1250264046008c7f47a17362
C:\Users\ransi\Documents\AA  SLIIT\Y2S1\IT2011 AIML\My First AI Project\EfficientNetB3_Project\data\brain_tumor_mri\Training\glioma_tumor\gg (9).jpg,gg (9).jpg,glioma_tumor,Training,0,1d581f2790c3c2e8115255bcc80f545543ebbe4de232e2578ce2af8bbc4b8031
C:\Users\ransi\Documents\AA  SLIIT\Y2S1\IT2011 AIML\My First AI Project\EfficientNetB3_Project\data\brain_tumor_mri\Training\meningioma_tumor\m1(177).jpg,m1(177).jpg,meningioma_tumor,Training,1,ac3b5057b4ed5d49532b1a442243bdb6cc9e5ccf417421c0a0fbf7478a50c504
C:\Users\ransi\Documents\AA  SLIIT\Y2S1\IT2011 AIML\My First AI Project\EfficientNetB3_Project\data\brain_tumor_mri\Training\no_tumor\image(256).jpg,image(256).jpg,no_tumor,Training,2,2ad6ffff97ce8cbfd5d4785955ea16a6ccf7090eb67a8015e47cd8902571b827
C:\Users\ransi\Documents\AA  SLIIT\Y2S1\IT2011 AIML\My First AI Project\EfficientNetB3_Project\data\brain_tumor_mri\Training\glioma_tumor\gg (617).jpg,gg (617).jpg,glioma_tumor,Training,0,91e2aee97ba4249a173a8da29709dda1a74b525eb4d973ab4526bed1a953beff
C:\Users\ransi\Documents\AA  SLIIT\Y2S1\IT2011 AIML\My First AI Project\EfficientNetB3_Project\data\brain_tumor_mri\Training\glioma_tumor\gg (149).jpg,gg (149).jpg,glioma_tumor,Training,0,ef50d72a826e6b855467f4ecf6652fc53de9e0c631854adfb74e1782b6f401b7
C:\Users\ransi\Documents\AA  SLIIT\Y2S1\IT2011 AIML\My First AI Project\EfficientNetB3_Project\data\brain_tumor_mri\Testing\glioma_tumor\image(66).jpg,image(66).jpg,glioma_tumor,Testing,0,b054e1575bd5254d904f86d413f93f7ede36b16f01ce8119e060b6f707c6871f
C:\Users\ransi\Documents\AA  SLIIT\Y2S1\IT2011 AIML\My First AI Project\EfficientNetB3_Project\data\brain_tumor_mri\Testing\no_tumor\image(45).jpg,image(45).jpg,no_tumor,Testing,2,d07ac7d4c62a45c3ca88e4b57cf485acd22b5d5f5e519110f769eb0cd9169d47
C:\Users\ransi\Documents\AA  SLIIT\Y2S1\IT2011 AIML\My First AI Project\EfficientNetB3_Project\data\brain_tumor_mri\Training\glioma_tumor\gg (558).jpg,gg (558).jpg,glioma_tumor,Training,0,ae0a23523e7e99d9f2fd5be5d962f61dfa733266b9ab3ba726b9f3c5ef9e9294
C:\Users\ransi\Documents\AA  SLIIT\Y2S1\IT2011 AIML\My First AI Project\EfficientNetB3_Project\data\brain_tumor_mri\Training\meningioma_tumor\m2 (174).jpg,m2 (174).jpg,meningioma_tumor,Training,1,be21c9e4837e8a82fffec5f29002cfb5e89b3ea5cbb87ae71132e7e3f08ca076
C:\Users\ransi\Documents\AA  SLIIT\Y2S1\IT2011 AIML\My First AI Project\EfficientNetB3_Project\data\brain_tumor_mri\Training\pituitary_tumor\p (190).jpg,p (190).jpg,pituitary_tumor,Training,3,dfdb6e40b5fdb41ab638409b48971ab15aadd91a1ec60e3470109bf1d698f390
C:\Users\ransi\Documents\AA  SLIIT\Y2S1\IT2011 AIML\My First AI Project\EfficientNetB3_Project\data\brain_tumor_mri\Training\meningioma_tumor\m3 (217).jpg,m3 (217).jpg,meningioma_tumor,Training,1,35af97390b0b7068d2c141f5029bdaa3dd941e81edc95faa2b2ed6a83060d934
C:\Users\ransi\Documents\AA  SLIIT\Y2S1\IT2011 AIML\My First AI Project\EfficientNetB3_Project\data\brain_tumor_mri\Testing\meningioma_tumor\image(31).jpg,image(31).jpg,meningioma_tumor,Testing,1,49123208b118fc9fea58265c4033396e264cbcac373ee2878076baf38aaf412b
C:\Users\ransi\Documents\AA  SLIIT\Y2S1\IT2011 AIML\My First AI Project\EfficientNetB3_Project\data\brain_tumor_mri\Training\meningioma_tumor\m (44).jpg,m (44).jpg,meningioma_tumor,Training,1,9b7fabd8ec0caed3c3849a29ab2925d22d1271dcdec3d6ed0917b481baeaf7b2
C:\Users\ransi\Documents\AA  SLIIT\Y2S1\IT2011 AIML\My First AI Project\EfficientNetB3_Project\data\brain_tumor_mri\Training\meningioma_tumor\m1(152).jpg,m1(152).jpg,meningioma_tumor,Training,1,7aed0c5305f66cb3c67a0d617ef6e73e3f965cff91bedcc3bc074fba768d152e
C:\Users\ransi\Documents\AA  SLIIT\Y2S1\IT2011 AIML\My First AI Project\EfficientNetB3_Project\data\brain_tumor_mri\Training\meningioma_tumor\m3 (23).jpg,m3 (23).jpg,meningioma_tumor,Training,1,557153fae86d7159c1fcf7839214153a112c7f26a628461ce1a0aea565f4ad4a
C:\Users\ransi\Documents\AA  SLIIT\Y2S1\IT2011 AIML\My First AI Project\EfficientNetB3_Project\data\brain_tumor_mri\Training\glioma_tumor\gg (464).jpg,gg (464).jpg,glioma_tumor,Training,0,94e7b57894aafe66ee3997d4dcf1fdedc629270173bce7ece9c4a0414acaeb9a
C:\Users\ransi\Documents\AA  SLIIT\Y2S1\IT2011 AIML\My First AI Project\EfficientNetB3_Project\data\brain_tumor_mri\Training\pituitary_tumor\p (765).jpg,p (765).jpg,pituitary_tumor,Training,3,35523a9ac4384cb741dede1a16e5e87f0f45706ed12a4febb483557e54e447ac
C:\Users\ransi\Documents\AA  SLIIT\Y2S1\IT2011 AIML\My First AI Project\EfficientNetB3_Project\data\brain_tumor_mri\Training\glioma_tumor\gg (775).jpg,gg (775).jpg,glioma_tumor,Training,0,90551aa3ecdd39de63e7e0bd299a90ab0f8d542e5b69e57b129cd1742999efa3
C:\Users\ransi\Documents\AA  SLIIT\Y2S1\IT2011 AIML\My First AI Project\EfficientNetB3_Project\data\brain_tumor_mri\Training\no_tumor\image(194).jpg,image(194).jpg,no_tumor,Training,2,8b885da37475916c262dbbe902a956cf428c25a50341a9f90a2bf1b1593e1600
C:\Users\ransi\Documents\AA  SLIIT\Y2S1\IT2011 AIML\My First AI Project\EfficientNetB3_Project\data\brain_tumor_mri\Training\meningioma_tumor\m3 (224).jpg,m3 (224).jpg,meningioma_tumor,Training,1,fb6548cf187cb2bf841bbbe15513148da44e811d6fa699d5725f237536db2080
C:\Users\ransi\Documents\AA  SLIIT\Y2S1\IT2011 AIML\My First AI Project\EfficientNetB3_Project\data\brain_tumor_mri\Testing\no_tumor\image(2).jpg,image(2).jpg,no_tumor,Testing,2,9cb0bd6ba354991ae933b55af58ca040f3b8db01add876aba09159d7badd3599
C:\Users\ransi\Documents\AA  SLIIT\Y2S1\IT2011 AIML\My First AI Project\EfficientNetB3_Project\data\brain_tumor_mri\Training\no_tumor\image(51).jpg,image(51).jpg,no_tumor,Training,2,eed488f2e399ac4a011a52b70eff0a73837f1f2b8ef02297841792ba819420bc
C:\Users\ransi\Documents\AA  SLIIT\Y2S1\IT2011 AIML\My First AI Project\EfficientNetB3_Project\data\brain_tumor_mri\Training\no_tumor\image(76).jpg,image(76).jpg,no_tumor,Training,2,2ed15a662d8dcdf6077f3bf8bb4d21722e2a3b90ff2cf194db18b75933a4d322
C:\Users\ransi\Documents\AA  SLIIT\Y2S1\IT2011 AIML\My First AI Project\EfficientNetB3_Project\data\brain_tumor_mri\Training\meningioma_tumor\m3 (122).jpg,m3 (122).jpg,meningioma_tumor,Training,1,dec38f39f9d5fb3f9de8366ad4fd6eaa003a19df6c4af80c0d532f2ec58f4c03
C:\Users\ransi\Documents\AA  SLIIT\Y2S1\IT2011 AIML\My First AI Project\EfficientNetB3_Project\data\brain_tumor_mri\Training\pituitary_tumor\p (253).jpg,p (253).jpg,pituitary_tumor,Training,3,98dad9659eb6bb1504d09d240a10a980e5f78db48340e098127b91a3b928665b
C:\Users\ransi\Documents\AA  SLIIT\Y2S1\IT2011 AIML\My First AI Project\EfficientNetB3_Project\data\brain_tumor_mri\Training\pituitary_tumor\p (478).jpg,p (478).jpg,pituitary_tumor,Training,3,4cb7bc160d3349f441a476260a5a171115e07aaf9bf7ac22fe9bd98837b6ec75
C:\Users\ransi\Documents\AA  SLIIT\Y2S1\IT2011 AIML\My First AI Project\EfficientNetB3_Project\data\brain_tumor_mri\Training\no_tumor\image(272).jpg,image(272).jpg,no_tumor,Training,2,49d44a7fd256a35903b981a4c7fbd2c3adc0f87f24ed0cf34d83a91aa13441b0
C:\Users\ransi\Documents\AA  SLIIT\Y2S1\IT2011 AIML\My First AI Project\EfficientNetB3_Project\data\brain_tumor_mri\Training\glioma_tumor\gg (739).jpg,gg (739).jpg,glioma_tumor,Training,0,154e3a3f6adbb7318ab8d5d72cfe6b8bc3a0e06dc8e6b42bca28dec960b6a3fa
C:\Users\ransi\Documents\AA  SLIIT\Y2S1\IT2011 AIML\My First AI Project\EfficientNetB3_Project\data\brain_tumor_mri\Training\glioma_tumor\gg (696).jpg,gg (696).jpg,glioma_tumor,Training,0,8c6e25cbd203cc71138731aef3ab3f9f0a09e6d83630df556ae7c22be45d249c
C:\Users\ransi\Documents\AA  SLIIT\Y2S1\IT2011 AIML\My First AI Project\EfficientNetB3_Project\data\brain_tumor_mri\Training\meningioma_tumor\m3 (226).jpg,m3 (226).jpg,meningioma_tumor,Training,1,1c625422287b2054502134a3a6a1241ddfb030bed8addd6a9eda18435ec2fbc4
C:\Users\ransi\Documents\AA  SLIIT\Y2S1\IT2011 AIML\My First AI Project\EfficientNetB3_Project\data\brain_tumor_mri\Training\no_tumor\image(39).jpg,image(39).jpg,no_tumor,Training,2,76a70a3f68103e335f080a323d763fbda5febc37e4714c2f9b54499795f13fa3
C:\Users\ransi\Documents\AA  SLIIT\Y2S1\IT2011 AIML\My First AI Project\EfficientNetB3_Project\data\brain_tumor_mri\Training\pituitary_tumor\p (712).jpg,p (712).jpg,pituitary_tumor,Training,3,2b67885b0fbbdfdae2618f504fe267f89cc19f4d8b7cdc6add3bab223e0df89d
C:\Users\ransi\Documents\AA  SLIIT\Y2S1\IT2011 AIML\My First AI Project\EfficientNetB3_Project\data\brain_tumor_mri\Training\pituitary_tumor\p (184).jpg,p (184).jpg,pituitary_tumor,Training,3,e0d5d1154904c9cd2e1a571ca029578ae46ea3e2d869062685ea7b050f8ab591
C:\Users\ransi\Documents\AA  SLIIT\Y2S1\IT2011 AIML\My First AI Project\EfficientNetB3_Project\data\brain_tumor_mri\Training\glioma_tumor\gg (575).jpg,gg (575).jpg,glioma_tumor,Training,0,fba421993b1b308f158ce88bfe09d3321f9f4e711ccab12d2b9e945a1cf3b1a9
C:\Users\ransi\Documents\AA  SLIIT\Y2S1\IT2011 AIML\My First AI Project\EfficientNetB3_Project\data\brain_tumor_mri\Training\pituitary_tumor\p (234).jpg,p (234).jpg,pituitary_tumor,Training,3,8082b25fcb59c0adc03966144585a364dabb720055655e61eb2245166908b1df
C:\Users\ransi\Documents\AA  SLIIT\Y2S1\IT2011 AIML\My First AI Project\EfficientNetB3_Project\data\brain_tumor_mri\Training\glioma_tumor\gg (87).jpg,gg (87).jpg,glioma_tumor,Training,0,da74f79a26fe5965ef36ca3359ae3e96b4edf1dca27f3bd3981251e40670ff1a
C:\Users\ransi\Documents\AA  SLIIT\Y2S1\IT2011 AIML\My First AI Project\EfficientNetB3_Project\data\brain_tumor_mri\Training\pituitary_tumor\p (39).jpg,p (39).jpg,pituitary_tumor,Training,3,193c915569ac5ac68e10d96e637a5f171f2f143cb6f72162103271b264bcf464
C:\Users\ransi\Documents\AA  SLIIT\Y2S1\IT2011 AIML\My First AI Project\EfficientNetB3_Project\data\brain_tumor_mri\Training\meningioma_tumor\m (62).jpg,m (62).jpg,meningioma_tumor,Training,1,c611a4518e080d798bcff459388bf9dbd2b554996d9cb2bcae4d08f7d433c6be
C:\Users\ransi\Documents\AA  SLIIT\Y2S1\IT2011 AIML\My First AI Project\EfficientNetB3_Project\data\brain_tumor_mri\Training\no_tumor\image(95).jpg,image(95).jpg,no_tumor,Training,2,a1799d6b3794a4da77e4a05c0183d186ff92644dd02e76b585871c385d78fd9a
C:\Users\ransi\Documents\AA  SLIIT\Y2S1\IT2011 AIML\My First AI Project\EfficientNetB3_Project\data\brain_tumor_mri\Training\meningioma_tumor\m2 (123).jpg,m2 (123).jpg,meningioma_tumor,Training,1,3389e0f8a2a8baeaa4d709d8e0ada30c18b6b7975505b4cd8156776aeb8d291e
C:\Users\ransi\Documents\AA  SLIIT\Y2S1\IT2011 AIML\My First AI Project\EfficientNetB3_Project\data\brain_tumor_mri\Training\pituitary_tumor\p (51).jpg,p (51).jpg,pituitary_tumor,Training,3,904443faf3e2497456d640dac17ee07d2a8b5a86994b9585d4b2ae495a77a55f
C:\Users\ransi\Documents\AA  SLIIT\Y2S1\IT2011 AIML\My First AI Project\EfficientNetB3_Project\data\brain_tumor_mri\Training\meningioma_tumor\m2 (49).jpg,m2 (49).jpg,meningioma_tumor,Training,1,dcdc758c32afed43163adc0185a4274ea09caf1a7cc5606e7fe38f522bc07296
C:\Users\ransi\Documents\AA  SLIIT\Y2S1\IT2011 AIML\My First AI Project\EfficientNetB3_Project\data\brain_tumor_mri\Testing\no_tumor\image(83).jpg,image(83).jpg,no_tumor,Testing,2,ff1df5849a35548de3ed553bc8c927511045cce13c42a2159c62f546c52230c9
C:\Users\ransi\Documents\AA  SLIIT\Y2S1\IT2011 AIML\My First AI Project\EfficientNetB3_Project\data\brain_tumor_mri\Training\pituitary_tumor\p (527).jpg,p (527).jpg,pituitary_tumor,Training,3,2dd61a4f23c2c5a4570c75c9159f959a1f06ab8ad1e5cc055a4e3860e4a0f1a3
C:\Users\ransi\Documents\AA  SLIIT\Y2S1\IT2011 AIML\My First AI Project\EfficientNetB3_Project\data\brain_tumor_mri\Training\meningioma_tumor\m1(47).jpg,m1(47).jpg,meningioma_tumor,Training,1,73ddd68815f337375491f6305cc44f6c579f4083e0e061dad7b3b4002416a478
C:\Users\ransi\Documents\AA  SLIIT\Y2S1\IT2011 AIML\My First AI Project\EfficientNetB3_Project\data\brain_tumor_mri\Training\glioma_tumor\gg (551).jpg,gg (551).jpg,glioma_tumor,Training,0,cfe5dd6a712592e204975ea237071265a2910dc86866d782682d0987381a8115
C:\Users\ransi\Documents\AA  SLIIT\Y2S1\IT2011 AIML\My First AI Project\EfficientNetB3_Project\data\brain_tumor_mri\Training\glioma_tumor\gg (562).jpg,gg (562).jpg,glioma_tumor,Training,0,9c3017028c150bd6ebb4a7bd777b8aafc4a79bcd637ce0aa048e17dd2dceba63
C:\Users\ransi\Documents\AA  SLIIT\Y2S1\IT2011 AIML\My First AI Project\EfficientNetB3_Project\data\brain_tumor_mri\Training\pituitary_tumor\p (419).jpg,p (419).jpg,pituitary_tumor,Training,3,56ebf4c1a544ae1e4d998444cb08b4c03ebd7c4e51def7d060e69b1923c06d8e
C:\Users\ransi\Documents\AA  SLIIT\Y2S1\IT2011 AIML\My First AI Project\EfficientNetB3_Project\data\brain_tumor_mri\Training\glioma_tumor\gg (624).jpg,gg (624).jpg,glioma_tumor,Training,0,edb5544da11b499c8c8192380ebf1e5c3d925feb0b6d473379a47deeb67444c7
C:\Users\ransi\Documents\AA  SLIIT\Y2S1\IT2011 AIML\My First AI Project\EfficientNetB3_Project\data\brain_tumor_mri\Training\pituitary_tumor\p (173).jpg,p (173).jpg,pituitary_tumor,Training,3,a5a95cb000ce8bfec97505017cc8778f3731aa8ef5186727ece718a859ea3530
C:\Users\ransi\Documents\AA  SLIIT\Y2S1\IT2011 AIML\My First AI Project\EfficientNetB3_Project\data\brain_tumor_mri\Training\glioma_tumor\gg (534).jpg,gg (534).jpg,glioma_tumor,Training,0,0696b719130c33f31ec6400d19174a51eac76071ec01c92c3de662dafce4b460
C:\Users\ransi\Documents\AA  SLIIT\Y2S1\IT2011 AIML\My First AI Project\EfficientNetB3_Project\data\brain_tumor_mri\Training\pituitary_tumor\p (134).jpg,p (134).jpg,pituitary_tumor,Training,3,2208db4f94c29e8f98223741b5778c837acd2aacff1f4ea29c7e3281d84586f1
C:\Users\ransi\Documents\AA  SLIIT\Y2S1\IT2011 AIML\My First AI Project\EfficientNetB3_Project\data\brain_tumor_mri\Training\pituitary_tumor\p (302).jpg,p (302).jpg,pituitary_tumor,Training,3,a1ee82164acd190067400d50f236fbb6004c0002fe3c09e4cf2d71752865140b
C:\Users\ransi\Documents\AA  SLIIT\Y2S1\IT2011 AIML\My First AI Project\EfficientNetB3_Project\data\brain_tumor_mri\Testing\pituitary_tumor\image(85).jpg,image(85).jpg,pituitary_tumor,Testing,3,93ea61a9b554ed27c76d767221bba1d6c8b24a03521aee53f4b822b89efa41b2
C:\Users\ransi\Documents\AA  SLIIT\Y2S1\IT2011 AIML\My First AI Project\EfficientNetB3_Project\data\brain_tumor_mri\Training\meningioma_tumor\m2 (19).jpg,m2 (19).jpg,meningioma_tumor,Training,1,45cc9bb8843908d6463a9748c95932ff7992bb66e946100e9f94d15cc1ae5d7d
C:\Users\ransi\Documents\AA  SLIIT\Y2S1\IT2011 AIML\My First AI Project\EfficientNetB3_Project\data\brain_tumor_mri\Training\glioma_tumor\gg (204).jpg,gg (204).jpg,glioma_tumor,Training,0,979f3f4516d6d726a1091502a000be15bde9878da70c2c0e30fffbcc023aa097
C:\Users\ransi\Documents\AA  SLIIT\Y2S1\IT2011 AIML\My First AI Project\EfficientNetB3_Project\data\brain_tumor_mri\Training\pituitary_tumor\p (214).jpg,p (214).jpg,pituitary_tumor,Training,3,cfabf4b6d86240b5c0d8b41509d63a8757bc3cad234050c0a3d4f103fef3d679
C:\Users\ransi\Documents\AA  SLIIT\Y2S1\IT2011 AIML\My First AI Project\EfficientNetB3_Project\data\brain_tumor_mri\Training\meningioma_tumor\m (28).jpg,m (28).jpg,meningioma_tumor,Training,1,548760b3b911ae3bb44dbea176820f7eeb39fbb19fa7b77b9509851368bcdc6c
C:\Users\ransi\Documents\AA  SLIIT\Y2S1\IT2011 AIML\My First AI Project\EfficientNetB3_Project\data\brain_tumor_mri\Training\pituitary_tumor\p (564).jpg,p (564).jpg,pituitary_tumor,Training,3,6a5297d22f19dd71bd4206cb01599d77f971a1e498f8bff96273ed21dc07b356
C:\Users\ransi\Documents\AA  SLIIT\Y2S1\IT2011 AIML\My First AI Project\EfficientNetB3_Project\data\brain_tumor_mri\Testing\meningioma_tumor\image(63).jpg,image(63).jpg,meningioma_tumor,Testing,1,b576353f83cb34f2c43fc58122209388e2a12e64864e9b967d496ff79bb10927
C:\Users\ransi\Documents\AA  SLIIT\Y2S1\IT2011 AIML\My First AI Project\EfficientNetB3_Project\data\brain_tumor_mri\Training\glioma_tumor\gg (246).jpg,gg (246).jpg,glioma_tumor,Training,0,6273b00c6eeaa10894ad29188f1cc44c9534d063aa099dce82b41f9a4e0a2050
C:\Users\ransi\Documents\AA  SLIIT\Y2S1\IT2011 AIML\My First AI Project\EfficientNetB3_Project\data\brain_tumor_mri\Training\glioma_tumor\gg (511).jpg,gg (511).jpg,glioma_tumor,Training,0,0fd707a19f2355722744ecab7eabd4897ec5a7de8e5605a8c1aaae52dabac226
C:\Users\ransi\Documents\AA  SLIIT\Y2S1\IT2011 AIML\My First AI Project\EfficientNetB3_Project\data\brain_tumor_mri\Training\glioma_tumor\gg (386).jpg,gg (386).jpg,glioma_tumor,Training,0,3f226c2b3816c8b8d8735a208958982651c085dba1b8ec6e45d48d385c091828
C:\Users\ransi\Documents\AA  SLIIT\Y2S1\IT2011 AIML\My First AI Project\EfficientNetB3_Project\data\brain_tumor_mri\Testing\pituitary_tumor\image(63).jpg,image(63).jpg,pituitary_tumor,Testing,3,53446ebefbb558643e11fe7ecf3059737e2814172797c680e50463dd03656fdf
C:\Users\ransi\Documents\AA  SLIIT\Y2S1\IT2011 AIML\My First AI Project\EfficientNetB3_Project\data\brain_tumor_mri\Testing\glioma_tumor\image(51).jpg,image(51).jpg,glioma_tumor,Testing,0,6369ffc236fd7a7538ff1eda464f639e228b957b843d08bd4dea34b204828258
C:\Users\ransi\Documents\AA  SLIIT\Y2S1\IT2011 AIML\My First AI Project\EfficientNetB3_Project\data\brain_tumor_mri\Training\pituitary_tumor\p (129).jpg,p (129).jpg,pituitary_tumor,Training,3,ba2c2e727b9563c494dc910f0503216ec9c38248af9e402421ae7cf274d56cab
C:\Users\ransi\Documents\AA  SLIIT\Y2S1\IT2011 AIML\My First AI Project\EfficientNetB3_Project\data\brain_tumor_mri\Training\pituitary_tumor\p (401).jpg,p (401).jpg,pituitary_tumor,Training,3,f1715a121119539eb8b4f725904859587e45cbcf9f2d2ec279e03ba68e5e436e
C:\Users\ransi\Documents\AA  SLIIT\Y2S1\IT2011 AIML\My First AI Project\EfficientNetB3_Project\data\brain_tumor_mri\Testing\meningioma_tumor\image(39).jpg,image(39).jpg,meningioma_tumor,Testing,1,1940c7f8e7f72ab5b9e674953238fcb4b63ccf6d3d320661e57511070655b5aa
C:\Users\ransi\Documents\AA  SLIIT\Y2S1\IT2011 AIML\My First AI Project\EfficientNetB3_Project\data\brain_tumor_mri\Training\pituitary_tumor\p (535).jpg,p (535).jpg,pituitary_tumor,Training,3,735ae73f6bb1d377c08a1636780f66f33cfd3d0635c0406d6f5f31af117ae3e0
C:\Users\ransi\Documents\AA  SLIIT\Y2S1\IT2011 AIML\My First AI Project\EfficientNetB3_Project\data\brain_tumor_mri\Training\meningioma_tumor\m3 (72).jpg,m3 (72).jpg,meningioma_tumor,Training,1,a3a7037d0f74aaaa8f13ddefa0c3518594f0a3c690c4c356786cc37809416cb2
C:\Users\ransi\Documents\AA  SLIIT\Y2S1\IT2011 AIML\My First AI Project\EfficientNetB3_Project\data\brain_tumor_mri\Training\no_tumor\image(54).jpg,image(54).jpg,no_tumor,Training,2,19d1e5fece32f25cffe40d78ee005f41ff3c2598c7765ed122ffb29518274326
C:\Users\ransi\Documents\AA  SLIIT\Y2S1\IT2011 AIML\My First AI Project\EfficientNetB3_Project\data\brain_tumor_mri\Training\meningioma_tumor\m3 (14).jpg,m3 (14).jpg,meningioma_tumor,Training,1,8692754b32e7233d2a12f5a4c8ed53e197b3b317e8860e48f94a27ec8762028f
C:\Users\ransi\Documents\AA  SLIIT\Y2S1\IT2011 AIML\My First AI Project\EfficientNetB3_Project\data\brain_tumor_mri\Training\glioma_tumor\gg (299).jpg,gg (299).jpg,glioma_tumor,Training,0,5d97fd6bf3a1a0946111a5d465c0dca79cc893052db24637e78f21bae4add910
C:\Users\ransi\Documents\AA  SLIIT\Y2S1\IT2011 AIML\My First AI Project\EfficientNetB3_Project\data\brain_tumor_mri\Training\meningioma_tumor\m2 (162).jpg,m2 (162).jpg,meningioma_tumor,Training,1,f5905c9492f81b7728f69be3050ee4413600bb35fd534b0437b47f02b6f56866
C:\Users\ransi\Documents\AA  SLIIT\Y2S1\IT2011 AIML\My First AI Project\EfficientNetB3_Project\data\brain_tumor_mri\Training\pituitary_tumor\p (523).jpg,p (523).jpg,pituitary_tumor,Training,3,754cf18c00e16569deffd5afb54753751a1b04b3fe23805217a809271d8ef9d2
C:\Users\ransi\Documents\AA  SLIIT\Y2S1\IT2011 AIML\My First AI Project\EfficientNetB3_Project\data\brain_tumor_mri\Training\pituitary_tumor\p (454).jpg,p (454).jpg,pituitary_tumor,Training,3,1331dcc11d7fa358653b0a63a4c2f17c9741f2643e384bc3370e8ba910f1dac7
C:\Users\ransi\Documents\AA  SLIIT\Y2S1\IT2011 AIML\My First AI Project\EfficientNetB3_Project\data\brain_tumor_mri\Training\glioma_tumor\gg (308).jpg,gg (308).jpg,glioma_tumor,Training,0,043a2e8857ac164f6228500db9060a24c3b5ac99ffddcbc15c7342b09f35fbc9
C:\Users\ransi\Documents\AA  SLIIT\Y2S1\IT2011 AIML\My First AI Project\EfficientNetB3_Project\data\brain_tumor_mri\Training\meningioma_tumor\m (20).jpg,m (20).jpg,meningioma_tumor,Training,1,449a1e34370986f2ee42424ed33fd0e6bf71219687b05b227be0365bf8069ce2
C:\Users\ransi\Documents\AA  SLIIT\Y2S1\IT2011 AIML\My First AI Project\EfficientNetB3_Project\data\brain_tumor_mri\Training\meningioma_tumor\m3 (69).jpg,m3 (69).jpg,meningioma_tumor,Training,1,e1c2bbb9008babffc1d99c425275b208bf9e20aa7f23f5dba562a86bcf89514a
C:\Users\ransi\Documents\AA  SLIIT\Y2S1\IT2011 AIML\My First AI Project\EfficientNetB3_Project\data\brain_tumor_mri\Testing\meningioma_tumor\image(36).jpg,image(36).jpg,meningioma_tumor,Testing,1,2c9f7f2d80eac2f53f5a58d8a45f5e29aa942b5f9899dffa56592aeec66c3975
C:\Users\ransi\Documents\AA  SLIIT\Y2S1\IT2011 AIML\My First AI Project\EfficientNetB3_Project\data\brain_tumor_mri\Training\glioma_tumor\gg (313).jpg,gg (313).jpg,glioma_tumor,Training,0,b4c47b7422c93f73d83a7c0a2ada0c1b45bbcbe4e78702d584e196584e8c19e2
C:\Users\ransi\Documents\AA  SLIIT\Y2S1\IT2011 AIML\My First AI Project\EfficientNetB3_Project\data\brain_tumor_mri\Training\glioma_tumor\gg (592).jpg,gg (592).jpg,glioma_tumor,Training,0,febd5e1d655e07c3fd50c87caa8835c135f5ddf71e8db64b01401a0ab1918a1f
C:\Users\ransi\Documents\AA  SLIIT\Y2S1\IT2011 AIML\My First AI Project\EfficientNetB3_Project\data\brain_tumor_mri\Training\meningioma_tumor\m2 (69).jpg,m2 (69).jpg,meningioma_tumor,Training,1,055e3d6a3fc9cabbf9ae22b9f9fd2fc669dc22161962a22256bf41a37d35102d
C:\Users\ransi\Documents\AA  SLIIT\Y2S1\IT2011 AIML\My First AI Project\EfficientNetB3_Project\data\brain_tumor_mri\Training\glioma_tumor\gg (815).jpg,gg (815).jpg,glioma_tumor,Training,0,497b80712bf14d78c793d122527ac5dcbd7a451a0b52c4555b70e375d33b3598
C:\Users\ransi\Documents\AA  SLIIT\Y2S1\IT2011 AIML\My First AI Project\EfficientNetB3_Project\data\brain_tumor_mri\Training\meningioma_tumor\m3 (202).jpg,m3 (202).jpg,meningioma_tumor,Training,1,052302e135d5193b0dc257615d4159155366c7691911cf494d881dde0b377bcf
C:\Users\ransi\Documents\AA  SLIIT\Y2S1\IT2011 AIML\My First AI Project\EfficientNetB3_Project\data\brain_tumor_mri\Training\pituitary_tumor\p (753).jpg,p (753).jpg,pituitary_tumor,Training,3,18fc98377738f9e3524e730730bb6b58f1523a4e28e0868fcda330f57c4a5deb
C:\Users\ransi\Documents\AA  SLIIT\Y2S1\IT2011 AIML\My First AI Project\EfficientNetB3_Project\data\brain_tumor_mri\Training\pituitary_tumor\p (764).jpg,p (764).jpg,pituitary_tumor,Training,3,19ca9a84a19ccbaf66d2e92f02725941a2683f8825a6d01c4c03d1d6a071c03e
C:\Users\ransi\Documents\AA  SLIIT\Y2S1\IT2011 AIML\My First AI Project\EfficientNetB3_Project\data\brain_tumor_mri\Training\meningioma_tumor\m1(196).jpg,m1(196).jpg,meningioma_tumor,Training,1,f1871bee9eb8abe560678ed1f1242f4b1e92dc78b99b183e9ac69ad7f147f8f4
C:\Users\ransi\Documents\AA  SLIIT\Y2S1\IT2011 AIML\My First AI Project\EfficientNetB3_Project\data\brain_tumor_mri\Testing\no_tumor\image(61).jpg,image(61).jpg,no_tumor,Testing,2,7b73d6019deb1482bc5fb7027f12719bea983c8eb0b0c0f3e95feb61c90fafb3
C:\Users\ransi\Documents\AA  SLIIT\Y2S1\IT2011 AIML\My First AI Project\EfficientNetB3_Project\data\brain_tumor_mri\Training\glioma_tumor\gg (514).jpg,gg (514).jpg,glioma_tumor,Training,0,555ed4bcc11034153aee25687de2d3967db720e08f3acd32dcddca66f049a72d
C:\Users\ransi\Documents\AA  SLIIT\Y2S1\IT2011 AIML\My First AI Project\EfficientNetB3_Project\data\brain_tumor_mri\Training\no_tumor\image(239).jpg,image(239).jpg,no_tumor,Training,2,e9a63334af63a2ec8cab2149ec091466c60df5fe115cf36cc30c9304dacbb376
C:\Users\ransi\Documents\AA  SLIIT\Y2S1\IT2011 AIML\My First AI Project\EfficientNetB3_Project\data\brain_tumor_mri\Training\meningioma_tumor\m3 (188).jpg,m3 (188).jpg,meningioma_tumor,Training,1,1a63bc6b031b8f9aea7decf821c5418de6120db0a945055d040656c1589eb8de
C:\Users\ransi\Documents\AA  SLIIT\Y2S1\IT2011 AIML\My First AI Project\EfficientNetB3_Project\data\brain_tumor_mri\Training\no_tumor\image(106).jpg,image(106).jpg,no_tumor,Training,2,6f3bdbdba45d1f985b33e51c93c318e0f04f2c3186dfae874050a99a11b1af02
C:\Users\ransi\Documents\AA  SLIIT\Y2S1\IT2011 AIML\My First AI Project\EfficientNetB3_Project\data\brain_tumor_mri\Training\glioma_tumor\gg (359).jpg,gg (359).jpg,glioma_tumor,Training,0,afc2bf8703cff6c1f49e23b0603fc3ae05ad2c5aa3e96f23e0280da7c2d23552
C:\Users\ransi\Documents\AA  SLIIT\Y2S1\IT2011 AIML\My First AI Project\EfficientNetB3_Project\data\brain_tumor_mri\Training\pituitary_tumor\p (625).jpg,p (625).jpg,pituitary_tumor,Training,3,a14429678c724a789051707131286ff4954dd1c2669a8035584ef87b35ce66cc
C:\Users\ransi\Documents\AA  SLIIT\Y2S1\IT2011 AIML\My First AI Project\EfficientNetB3_Project\data\brain_tumor_mri\Training\meningioma_tumor\m2 (14).jpg,m2 (14).jpg,meningioma_tumor,Training,1,ad6994aed62e0573264c2bea298236f03dc33defffcfbc146e461fead73aeaf5
C:\Users\ransi\Documents\AA  SLIIT\Y2S1\IT2011 AIML\My First AI Project\EfficientNetB3_Project\data\brain_tumor_mri\Training\meningioma_tumor\m2 (79).jpg,m2 (79).jpg,meningioma_tumor,Training,1,89762254892fa04abc2aeb12578313f4df2a6b7e5f448c2a36b017b4087bc50d
C:\Users\ransi\Documents\AA  SLIIT\Y2S1\IT2011 AIML\My First AI Project\EfficientNetB3_Project\data\brain_tumor_mri\Training\pituitary_tumor\p (575).jpg,p (575).jpg,pituitary_tumor,Training,3,0ab28e8d7266b04f99dcd7c8c2f210e1fddec11f21d2e53f134ccd7e8d6e99d1
C:\Users\ransi\Documents\AA  SLIIT\Y2S1\IT2011 AIML\My First AI Project\EfficientNetB3_Project\data\brain_tumor_mri\Training\no_tumor\image(156).jpg,image(156).jpg,no_tumor,Training,2,2ed15a662d8dcdf6077f3bf8bb4d21722e2a3b90ff2cf194db18b75933a4d322
C:\Users\ransi\Documents\AA  SLIIT\Y2S1\IT2011 AIML\My First AI Project\EfficientNetB3_Project\data\brain_tumor_mri\Training\glioma_tumor\gg (697).jpg,gg (697).jpg,glioma_tumor,Training,0,de35e5ddd6d87fdab88173a4a679df971caf213c1cbbda123d340cb49306def0
C:\Users\ransi\Documents\AA  SLIIT\Y2S1\IT2011 AIML\My First AI Project\EfficientNetB3_Project\data\brain_tumor_mri\Training\glioma_tumor\gg (425).jpg,gg (425).jpg,glioma_tumor,Training,0,c68132aa1c169d71c92974108e375c410f0e8192bb0afa82b6367028630707e9
C:\Users\ransi\Documents\AA  SLIIT\Y2S1\IT2011 AIML\My First AI Project\EfficientNetB3_Project\data\brain_tumor_mri\Training\meningioma_tumor\m2 (15).jpg,m2 (15).jpg,meningioma_tumor,Training,1,73faf0b94ede11fe0f99646e0d014e54ac1b079a1ba82f8f4cfc2ca1642e8a0c
C:\Users\ransi\Documents\AA  SLIIT\Y2S1\IT2011 AIML\My First AI Project\EfficientNetB3_Project\data\brain_tumor_mri\Testing\meningioma_tumor\image(35).jpg,image(35).jpg,meningioma_tumor,Testing,1,64d6885599aa04ff6a12e8f961437ba39c355f66f67beac2992daedcf2f6e20e
C:\Users\ransi\Documents\AA  SLIIT\Y2S1\IT2011 AIML\My First AI Project\EfficientNetB3_Project\data\brain_tumor_mri\Training\meningioma_tumor\m1(84).jpg,m1(84).jpg,meningioma_tumor,Training,1,1ee940507fcdf032b6b48202c8d64f0830ab5c52f78f8e88bbcc7c8d981fcac1
C:\Users\ransi\Documents\AA  SLIIT\Y2S1\IT2011 AIML\My First AI Project\EfficientNetB3_Project\data\brain_tumor_mri\Training\glioma_tumor\gg (578).jpg,gg (578).jpg,glioma_tumor,Training,0,844f9415bd98ef0996a334063c270fc415f4bcbaf4cc14f0e30bbd9fed13c2ec
C:\Users\ransi\Documents\AA  SLIIT\Y2S1\IT2011 AIML\My First AI Project\EfficientNetB3_Project\data\brain_tumor_mri\Training\pituitary_tumor\p (163).jpg,p (163).jpg,pituitary_tumor,Training,3,47a7c0ad869afb29985e7d05ea020885bb6fb15d8e8469eb144a84dedec56b53
C:\Users\ransi\Documents\AA  SLIIT\Y2S1\IT2011 AIML\My First AI Project\EfficientNetB3_Project\data\brain_tumor_mri\Training\glioma_tumor\gg (283).jpg,gg (283).jpg,glioma_tumor,Training,0,1e925c0f244a2c23a1edac8eacb00d55373c3c29a7ad17bd0cb7d9153dfabdf7
C:\Users\ransi\Documents\AA  SLIIT\Y2S1\IT2011 AIML\My First AI Project\EfficientNetB3_Project\data\brain_tumor_mri\Training\pituitary_tumor\p (684).jpg,p (684).jpg,pituitary_tumor,Training,3,85b2b50cbb2fe555ec127e1e3dd192cc0a0a3dd6f17abf916298954003a2e2e6
C:\Users\ransi\Documents\AA  SLIIT\Y2S1\IT2011 AIML\My First AI Project\EfficientNetB3_Project\data\brain_tumor_mri\Training\pituitary_tumor\p (810).jpg,p (810).jpg,pituitary_tumor,Training,3,84466958a02a064d25701d1d70a3a752cf66f8f6add734e19d4d67f127557497
C:\Users\ransi\Documents\AA  SLIIT\Y2S1\IT2011 AIML\My First AI Project\EfficientNetB3_Project\data\brain_tumor_mri\Training\no_tumor\image(134).jpg,image(134).jpg,no_tumor,Training,2,4bad8f733f5502738f467db1919c6daaa64d6101649a1cd949ea55d71b88c869
C:\Users\ransi\Documents\AA  SLIIT\Y2S1\IT2011 AIML\My First AI Project\EfficientNetB3_Project\data\brain_tumor_mri\Training\pituitary_tumor\p (198).jpg,p (198).jpg,pituitary_tumor,Training,3,901543968ed4941110082f375b9f163d8866c8bc21135bf5598de4310157f579
C:\Users\ransi\Documents\AA  SLIIT\Y2S1\IT2011 AIML\My First AI Project\EfficientNetB3_Project\data\brain_tumor_mri\Training\pituitary_tumor\p (533).jpg,p (533).jpg,pituitary_tumor,Training,3,540668fe197377a5f521b503dc71b92ddde622519eac3abbca513500ed70af96
C:\Users\ransi\Documents\AA  SLIIT\Y2S1\IT2011 AIML\My First AI Project\EfficientNetB3_Project\data\brain_tumor_mri\Testing\glioma_tumor\image(9).jpg,image(9).jpg,glioma_tumor,Testing,0,54b7260f61700a2df4e28edb56447fb7ab5bf6d30521076aca81e73e85f4fa38
C:\Users\ransi\Documents\AA  SLIIT\Y2S1\IT2011 AIML\My First AI Project\EfficientNetB3_Project\data\brain_tumor_mri\Training\pituitary_tumor\p (152).jpg,p (152).jpg,pituitary_tumor,Training,3,0e3d0c18da9f9c54c9957d7b1a5bf41795310b1710ac50dabffc5a8c69eb5e0b
C:\Users\ransi\Documents\AA  SLIIT\Y2S1\IT2011 AIML\My First AI Project\EfficientNetB3_Project\data\brain_tumor_mri\Testing\glioma_tumor\image(92).jpg,image(92).jpg,glioma_tumor,Testing,0,c286938cf23a39ed9c8961a8f56611aa0b52439bf398d1dae781a1cf2671bd98
C:\Users\ransi\Documents\AA  SLIIT\Y2S1\IT2011 AIML\My First AI Project\EfficientNetB3_Project\data\brain_tumor_mri\Training\no_tumor\image(324).jpg,image(324).jpg,no_tumor,Training,2,90b09a698e88ffae221f5f5c0c732e7a17e93387b4e91fc0be28b3aa3b91ba33
C:\Users\ransi\Documents\AA  SLIIT\Y2S1\IT2011 AIML\My First AI Project\EfficientNetB3_Project\data\brain_tumor_mri\Training\pituitary_tumor\p (727).jpg,p (727).jpg,pituitary_tumor,Training,3,dde390c88546e94830025de02c86127cdd32e546aeef7fab702fa89d36197fb9
C:\Users\ransi\Documents\AA  SLIIT\Y2S1\IT2011 AIML\My First AI Project\EfficientNetB3_Project\data\brain_tumor_mri\Training\meningioma_tumor\m1(141).jpg,m1(141).jpg,meningioma_tumor,Training,1,4dee52eb749d6ef80648eb84b951b084a60543ad6e60e878bfb8c5d5dcfab4bd
C:\Users\ransi\Documents\AA  SLIIT\Y2S1\IT2011 AIML\My First AI Project\EfficientNetB3_Project\data\brain_tumor_mri\Training\pituitary_tumor\p (655).jpg,p (655).jpg,pituitary_tumor,Training,3,20f460159e8b0f1134a88672c65eedc1b50ee6226c196aedb865649d6f2bea1f
C:\Users\ransi\Documents\AA  SLIIT\Y2S1\IT2011 AIML\My First AI Project\EfficientNetB3_Project\data\brain_tumor_mri\Training\pituitary_tumor\p (370).jpg,p (370).jpg,pituitary_tumor,Training,3,9d52ef1e01a510dd5189e96e12daff9d03a95f82c4a4432b7673119ed2901c9b
C:\Users\ransi\Documents\AA  SLIIT\Y2S1\IT2011 AIML\My First AI Project\EfficientNetB3_Project\data\brain_tumor_mri\Training\glioma_tumor\gg (418).jpg,gg (418).jpg,glioma_tumor,Training,0,e003b8cf7a717a153563d6a7764a5be2bdc3da5702e4677a268976d1a50179a2
C:\Users\ransi\Documents\AA  SLIIT\Y2S1\IT2011 AIML\My First AI Project\EfficientNetB3_Project\data\brain_tumor_mri\Training\pituitary_tumor\p (729).jpg,p (729).jpg,pituitary_tumor,Training,3,915ef7a80a561704be70b4b07f6c94fc6d08da061dbf146bbc6f15eec760744f
C:\Users\ransi\Documents\AA  SLIIT\Y2S1\IT2011 AIML\My First AI Project\EfficientNetB3_Project\data\brain_tumor_mri\Training\meningioma_tumor\m1(38).jpg,m1(38).jpg,meningioma_tumor,Training,1,0157ee63732747449bb5170ef1445aa91919c887ee01c866bc24655d464dfd81
C:\Users\ransi\Documents\AA  SLIIT\Y2S1\IT2011 AIML\My First AI Project\EfficientNetB3_Project\data\brain_tumor_mri\Training\glioma_tumor\gg (222).jpg,gg (222).jpg,glioma_tumor,Training,0,f3c44768b2e83e0cd28b3eaddc06694cfdf5556e4c7cd16f771dd0d8ba5ccae1
C:\Users\ransi\Documents\AA  SLIIT\Y2S1\IT2011 AIML\My First AI Project\EfficientNetB3_Project\data\brain_tumor_mri\Training\meningioma_tumor\m1(57).jpg,m1(57).jpg,meningioma_tumor,Training,1,614429ebc577e596bd9c70edfbf30670ffd407cb8522e9f7f1a974343f057ab2
C:\Users\ransi\Documents\AA  SLIIT\Y2S1\IT2011 AIML\My First AI Project\EfficientNetB3_Project\data\brain_tumor_mri\Training\no_tumor\image (22).jpg,image (22).jpg,no_tumor,Training,2,fa0c1c4fb6eabf57c61ae1afd2f24efd5aa69d47a6df7d468579cdee91a86c8a
C:\Users\ransi\Documents\AA  SLIIT\Y2S1\IT2011 AIML\My First AI Project\EfficientNetB3_Project\data\brain_tumor_mri\Training\pituitary_tumor\p (475).jpg,p (475).jpg,pituitary_tumor,Training,3,5a9ab0765b566ab4d4797eceadf63a432242b035349ae19c234e20007ba07206
C:\Users\ransi\Documents\AA  SLIIT\Y2S1\IT2011 AIML\My First AI Project\EfficientNetB3_Project\data\brain_tumor_mri\Training\glioma_tumor\gg (699).jpg,gg (699).jpg,glioma_tumor,Training,0,79f988a862a4455627b6034327e59f5b9797315e3a233f361b936fdcc4c7f37b
C:\Users\ransi\Documents\AA  SLIIT\Y2S1\IT2011 AIML\My First AI Project\EfficientNetB3_Project\data\brain_tumor_mri\Training\no_tumor\image(311).jpg,image(311).jpg,no_tumor,Training,2,8d1b8cb2975b43db869caaecbffd11f51651b6c25d35928f84cc295215cfb822
C:\Users\ransi\Documents\AA  SLIIT\Y2S1\IT2011 AIML\My First AI Project\EfficientNetB3_Project\data\brain_tumor_mri\Training\pituitary_tumor\p (255).jpg,p (255).jpg,pituitary_tumor,Training,3,3719dd82c068737f685c63f7fcc79e13ec2cabd315ffbed93db49c010fd719a4
C:\Users\ransi\Documents\AA  SLIIT\Y2S1\IT2011 AIML\My First AI Project\EfficientNetB3_Project\data\brain_tumor_mri\Training\glioma_tumor\gg (158).jpg,gg (158).jpg,glioma_tumor,Training,0,96a3d59a287e62e1cbf65030cc575cc68e05dbcb48bbcbda19a2c22d8dcf9062
C:\Users\ransi\Documents\AA  SLIIT\Y2S1\IT2011 AIML\My First AI Project\EfficientNetB3_Project\data\brain_tumor_mri\Training\pituitary_tumor\p (86).jpg,p (86).jpg,pituitary_tumor,Training,3,4cd9be28c335a75d975ffb5899844126eff977adf92eae4ac0fad646f9f15c8d
C:\Users\ransi\Documents\AA  SLIIT\Y2S1\IT2011 AIML\My First AI Project\EfficientNetB3_Project\data\brain_tumor_mri\Training\glioma_tumor\gg (700).jpg,gg (700).jpg,glioma_tumor,Training,0,293e51dc9220322c6312c60c097c28fdbf6eec6d5405c8e26f5fa37434b16a0b
C:\Users\ransi\Documents\AA  SLIIT\Y2S1\IT2011 AIML\My First AI Project\EfficientNetB3_Project\data\brain_tumor_mri\Testing\meningioma_tumor\image(11).jpg,image(11).jpg,meningioma_tumor,Testing,1,10349e0d5645628fe11b685fdb2396ebb7100a8257cd5d8f1e488bb8d92c131b
C:\Users\ransi\Documents\AA  SLIIT\Y2S1\IT2011 AIML\My First AI Project\EfficientNetB3_Project\data\brain_tumor_mri\Training\meningioma_tumor\m (67).jpg,m (67).jpg,meningioma_tumor,Training,1,9f9902462c13c163e244589e1fe1b90191b13c88441cbc12d784be593042a58f
C:\Users\ransi\Documents\AA  SLIIT\Y2S1\IT2011 AIML\My First AI Project\EfficientNetB3_Project\data\brain_tumor_mri\Training\glioma_tumor\gg (640).jpg,gg (640).jpg,glioma_tumor,Training,0,6ec701a975e0f00103faa9a00410c8b422d9877b41682fe4668593e990efe3b3
C:\Users\ransi\Documents\AA  SLIIT\Y2S1\IT2011 AIML\My First AI Project\EfficientNetB3_Project\data\brain_tumor_mri\Training\glioma_tumor\gg (35).jpg,gg (35).jpg,glioma_tumor,Training,0,21ca21495c5d770a2acb774b2158c0005a02693d1d615bdddfe46723fbe16098
C:\Users\ransi\Documents\AA  SLIIT\Y2S1\IT2011 AIML\My First AI Project\EfficientNetB3_Project\data\brain_tumor_mri\Training\glioma_tumor\gg (589).jpg,gg (589).jpg,glioma_tumor,Training,0,6864a3e2f7406bdef32f33aecfeeb19b0a5fe0ac92a6f7b09be01c2ddc255278
C:\Users\ransi\Documents\AA  SLIIT\Y2S1\IT2011 AIML\My First AI Project\EfficientNetB3_Project\data\brain_tumor_mri\Training\no_tumor\image(118).jpg,image(118).jpg,no_tumor,Training,2,6d3b34cc13e0db97ae6c7cc41a99d99e2142e4e30ff167afc2c209e8c9cec216
C:\Users\ransi\Documents\AA  SLIIT\Y2S1\IT2011 AIML\My First AI Project\EfficientNetB3_Project\data\brain_tumor_mri\Training\meningioma_tumor\m3 (194).jpg,m3 (194).jpg,meningioma_tumor,Training,1,3ad594cf65b88442c7764f0f011fd1cde59f92cf8c8c6c5c716119f85a7445db
C:\Users\ransi\Documents\AA  SLIIT\Y2S1\IT2011 AIML\My First AI Project\EfficientNetB3_Project\data\brain_tumor_mri\Training\glioma_tumor\gg (461).jpg,gg (461).jpg,glioma_tumor,Training,0,180b256a603f27be79b06557c87174a5a5fe73362a568d003e63b927a9e1dd40
C:\Users\ransi\Documents\AA  SLIIT\Y2S1\IT2011 AIML\My First AI Project\EfficientNetB3_Project\data\brain_tumor_mri\Training\glioma_tumor\gg (614).jpg,gg (614).jpg,glioma_tumor,Training,0,f502c4cd85bfc98a41b44255914288ac5b30acc42506b61a4d37cb9c3e74b3fa
C:\Users\ransi\Documents\AA  SLIIT\Y2S1\IT2011 AIML\My First AI Project\EfficientNetB3_Project\data\brain_tumor_mri\Training\glioma_tumor\gg (94).jpg,gg (94).jpg,glioma_tumor,Training,0,032cd37cdb459a03a94efa7d9e721f44bd30e46d41c5504e040f4f636161ead9
C:\Users\ransi\Documents\AA  SLIIT\Y2S1\IT2011 AIML\My First AI Project\EfficientNetB3_Project\data\brain_tumor_mri\Testing\glioma_tumor\image(40).jpg,image(40).jpg,glioma_tumor,Testing,0,0e309a1995b55b6ff81ecef631e11d6c21d43fbc95606126053bde9941f49c19
C:\Users\ransi\Documents\AA  SLIIT\Y2S1\IT2011 AIML\My First AI Project\EfficientNetB3_Project\data\brain_tumor_mri\Training\pituitary_tumor\p (70).jpg,p (70).jpg,pituitary_tumor,Training,3,01facbc64962bb3ba6d8d5a8cf9a2eb6d3754300449eab06aa1146369c032a8d
C:\Users\ransi\Documents\AA  SLIIT\Y2S1\IT2011 AIML\My First AI Project\EfficientNetB3_Project\data\brain_tumor_mri\Training\meningioma_tumor\m (63).jpg,m (63).jpg,meningioma_tumor,Training,1,fbe12b2a7a2bf03ba453b3c681ecd1667a1434b1caf6b2dea35b62406cc2b914
C:\Users\ransi\Documents\AA  SLIIT\Y2S1\IT2011 AIML\My First AI Project\EfficientNetB3_Project\data\brain_tumor_mri\Training\pituitary_tumor\p (623).jpg,p (623).jpg,pituitary_tumor,Training,3,ade862e9fe92a2beb335640aa8b1ad31e78554b6c5ac1b8725be0c6b73fae3a8
C:\Users\ransi\Documents\AA  SLIIT\Y2S1\IT2011 AIML\My First AI Project\EfficientNetB3_Project\data\brain_tumor_mri\Training\glioma_tumor\gg (632).jpg,gg (632).jpg,glioma_tumor,Training,0,107bc1c513201da60d3b2802264fa50304d4cd8eb70ac7422b9509c1aa573d28
C:\Users\ransi\Documents\AA  SLIIT\Y2S1\IT2011 AIML\My First AI Project\EfficientNetB3_Project\data\brain_tumor_mri\Training\glioma_tumor\gg (336).jpg,gg (336).jpg,glioma_tumor,Training,0,1b1df8c2b4e4eced7e40cf9d04dde675e894072b17d49ecb1f59b773a91276e3
C:\Users\ransi\Documents\AA  SLIIT\Y2S1\IT2011 AIML\My First AI Project\EfficientNetB3_Project\data\brain_tumor_mri\Testing\pituitary_tumor\image(87).jpg,image(87).jpg,pituitary_tumor,Testing,3,f2152513bd2804ec1ef7e8b188ab72a991417708a0b98e3dac3131578d1aa794
C:\Users\ransi\Documents\AA  SLIIT\Y2S1\IT2011 AIML\My First AI Project\EfficientNetB3_Project\data\brain_tumor_mri\Training\pituitary_tumor\p (819).jpg,p (819).jpg,pituitary_tumor,Training,3,b85b0f35fd606fd6d98280f06500206ebc9038bad3e88f23965a036a0812e685
C:\Users\ransi\Documents\AA  SLIIT\Y2S1\IT2011 AIML\My First AI Project\EfficientNetB3_Project\data\brain_tumor_mri\Training\pituitary_tumor\p (64).jpg,p (64).jpg,pituitary_tumor,Training,3,6d7a48f8eb7196e7111676510bc0983b7a110d21a1d5843fe9bf010c5c15be80
C:\Users\ransi\Documents\AA  SLIIT\Y2S1\IT2011 AIML\My First AI Project\EfficientNetB3_Project\data\brain_tumor_mri\Testing\meningioma_tumor\image(99).jpg,image(99).jpg,meningioma_tumor,Testing,1,1b806f154eeffce24b422bbcff1082ae4a02ff743378ebb3ff3c6aa9f6020a9b
C:\Users\ransi\Documents\AA  SLIIT\Y2S1\IT2011 AIML\My First AI Project\EfficientNetB3_Project\data\brain_tumor_mri\Training\glioma_tumor\gg (741).jpg,gg (741).jpg,glioma_tumor,Training,0,add3639ad235b08ac82b01c9c18f277acfa9f4d0a614402f3843368eb17d9b53
C:\Users\ransi\Documents\AA  SLIIT\Y2S1\IT2011 AIML\My First AI Project\EfficientNetB3_Project\data\brain_tumor_mri\Training\pituitary_tumor\p (613).jpg,p (613).jpg,pituitary_tumor,Training,3,5d7bda7d1708d7fa99d8803b3f7618526c8ab05cce97cc86b72d9a62a70a51a4
C:\Users\ransi\Documents\AA  SLIIT\Y2S1\IT2011 AIML\My First AI Project\EfficientNetB3_Project\data\brain_tumor_mri\Training\no_tumor\image(192).jpg,image(192).jpg,no_tumor,Training,2,bd5b12c433485230720aa33032e1f6bd089702090481d7e56dccfa43435d6950
C:\Users\ransi\Documents\AA  SLIIT\Y2S1\IT2011 AIML\My First AI Project\EfficientNetB3_Project\data\brain_tumor_mri\Training\glioma_tumor\gg (342).jpg,gg (342).jpg,glioma_tumor,Training,0,ce9bfbaf4070a2b20170e0de59681e648ccc9d016e6c4e6c119c3d8532d3a33b
C:\Users\ransi\Documents\AA  SLIIT\Y2S1\IT2011 AIML\My First AI Project\EfficientNetB3_Project\data\brain_tumor_mri\Training\pituitary_tumor\p (787).jpg,p (787).jpg,pituitary_tumor,Training,3,ed89b4c4359e5d632f1a783f8c4fe0786edd224c2bb0d86a908ba028a935b633
C:\Users\ransi\Documents\AA  SLIIT\Y2S1\IT2011 AIML\My First AI Project\EfficientNetB3_Project\data\brain_tumor_mri\Training\pituitary_tumor\p (293).jpg,p (293).jpg,pituitary_tumor,Training,3,d70092fd40326446db4941b7677828920cd04b7c5885867e858189d4f898ff8c
C:\Users\ransi\Documents\AA  SLIIT\Y2S1\IT2011 AIML\My First AI Project\EfficientNetB3_Project\data\brain_tumor_mri\Testing\no_tumor\image(26).jpg,image(26).jpg,no_tumor,Testing,2,c6b37dbcc8c59a18f68c4ecde7f081eb0caa8cae6edb6d438e11170f0736bf01
C:\Users\ransi\Documents\AA  SLIIT\Y2S1\IT2011 AIML\My First AI Project\EfficientNetB3_Project\data\brain_tumor_mri\Training\glioma_tumor\gg (90).jpg,gg (90).jpg,glioma_tumor,Training,0,3e1933297b70e39cb80681ca97cbadd1a1382a9c240801b0cc3f67848584c619
C:\Users\ransi\Documents\AA  SLIIT\Y2S1\IT2011 AIML\My First AI Project\EfficientNetB3_Project\data\brain_tumor_mri\Training\no_tumor\image(104).jpg,image(104).jpg,no_tumor,Training,2,ea5e64006d6755c910e81ff08f1bbad4aed5964999da6ba5521036cd18b4c305
C:\Users\ransi\Documents\AA  SLIIT\Y2S1\IT2011 AIML\My First AI Project\EfficientNetB3_Project\data\brain_tumor_mri\Training\meningioma_tumor\m2 (155).jpg,m2 (155).jpg,meningioma_tumor,Training,1,a81372f90978c01b91193c90c28b8a856a36a54863716b8296f4cba5d736df0c
C:\Users\ransi\Documents\AA  SLIIT\Y2S1\IT2011 AIML\My First AI Project\EfficientNetB3_Project\data\brain_tumor_mri\Training\meningioma_tumor\m1(147).jpg,m1(147).jpg,meningioma_tumor,Training,1,fad1650afc5dc5512c9215f9f48dc1008498bba45510289e6df9922b120dcae7
C:\Users\ransi\Documents\AA  SLIIT\Y2S1\IT2011 AIML\My First AI Project\EfficientNetB3_Project\data\brain_tumor_mri\Testing\glioma_tumor\image(22).jpg,image(22).jpg,glioma_tumor,Testing,0,7a3225fb590cf78e7e56b4595854db07dc1d73e892ee2f4d3769f8ae9224ed4b
C:\Users\ransi\Documents\AA  SLIIT\Y2S1\IT2011 AIML\My First AI Project\EfficientNetB3_Project\data\brain_tumor_mri\Training\meningioma_tumor\m (201).jpg,m (201).jpg,meningioma_tumor,Training,1,e5a710a3d8a915ff01d88d12ca9b823f99a2b8fb7d4fc9d0fce83075af6763a0
C:\Users\ransi\Documents\AA  SLIIT\Y2S1\IT2011 AIML\My First AI Project\EfficientNetB3_Project\data\brain_tumor_mri\Training\meningioma_tumor\m1(37).jpg,m1(37).jpg,meningioma_tumor,Training,1,0718d8733a1d4a280c22be534e741fdf9bff698368d019366bfa64dc75ed3b99
C:\Users\ransi\Documents\AA  SLIIT\Y2S1\IT2011 AIML\My First AI Project\EfficientNetB3_Project\data\brain_tumor_mri\Training\meningioma_tumor\m3 (110).jpg,m3 (110).jpg,meningioma_tumor,Training,1,1f926b86a7758019153d254e10af471c5c70ae45e5a2a429cd23fef1bcf5156e
C:\Users\ransi\Documents\AA  SLIIT\Y2S1\IT2011 AIML\My First AI Project\EfficientNetB3_Project\data\brain_tumor_mri\Training\pituitary_tumor\p (559).jpg,p (559).jpg,pituitary_tumor,Training,3,afb255c2742ac9f946ae3cdcf90d5a235999d10a76a9ea0f73d34b894424abff
C:\Users\ransi\Documents\AA  SLIIT\Y2S1\IT2011 AIML\My First AI Project\EfficientNetB3_Project\data\brain_tumor_mri\Training\meningioma_tumor\m1(72).jpg,m1(72).jpg,meningioma_tumor,Training,1,ad1b1c66b5a812fd00a091ff98966351824c49222910e91148fdee2ce35f8b1b
C:\Users\ransi\Documents\AA  SLIIT\Y2S1\IT2011 AIML\My First AI Project\EfficientNetB3_Project\data\brain_tumor_mri\Training\pituitary_tumor\p (536).jpg,p (536).jpg,pituitary_tumor,Training,3,df30274174729c0df0c8fd4e94cc43d0f7904e2eee37aae34bcfcedd158df915
C:\Users\ransi\Documents\AA  SLIIT\Y2S1\IT2011 AIML\My First AI Project\EfficientNetB3_Project\data\brain_tumor_mri\Training\meningioma_tumor\m1(191).jpg,m1(191).jpg,meningioma_tumor,Training,1,deaee0ac0187be63718484cd3a6bdc76a6bbdfedc10ea56e36045feb624bb24d
C:\Users\ransi\Documents\AA  SLIIT\Y2S1\IT2011 AIML\My First AI Project\EfficientNetB3_Project\data\brain_tumor_mri\Training\pituitary_tumor\p (386).jpg,p (386).jpg,pituitary_tumor,Training,3,a30c747f99de63bda282fdbe6835268357bfe99dcd6e644ca1b2dc22a1f6d6ff
C:\Users\ransi\Documents\AA  SLIIT\Y2S1\IT2011 AIML\My First AI Project\EfficientNetB3_Project\data\brain_tumor_mri\Training\meningioma_tumor\m2 (18).jpg,m2 (18).jpg,meningioma_tumor,Training,1,158cbb72d584bba7f017fa8ff8a636ec9779f3c96ced6a3bd80ea3e99b04e453
C:\Users\ransi\Documents\AA  SLIIT\Y2S1\IT2011 AIML\My First AI Project\EfficientNetB3_Project\data\brain_tumor_mri\Training\pituitary_tumor\p (238).jpg,p (238).jpg,pituitary_tumor,Training,3,a1a596cb0d5260808b5743fb727e8b81ddaeaa4a8e3bb095eec949e3ff8a561a
C:\Users\ransi\Documents\AA  SLIIT\Y2S1\IT2011 AIML\My First AI Project\EfficientNetB3_Project\data\brain_tumor_mri\Testing\meningioma_tumor\image(47).jpg,image(47).jpg,meningioma_tumor,Testing,1,a8a63f4a08ad17bdb54d156f983114a023a2fbd000ec12e313d4ce0b945cef47
C:\Users\ransi\Documents\AA  SLIIT\Y2S1\IT2011 AIML\My First AI Project\EfficientNetB3_Project\data\brain_tumor_mri\Training\meningioma_tumor\m2 (91).jpg,m2 (91).jpg,meningioma_tumor,Training,1,ab9908377c5e112e38624628e3989d9daa3a8a4b8134d6f8a760341ebf7d76cb
C:\Users\ransi\Documents\AA  SLIIT\Y2S1\IT2011 AIML\My First AI Project\EfficientNetB3_Project\data\brain_tumor_mri\Training\meningioma_tumor\m2 (73).jpg,m2 (73).jpg,meningioma_tumor,Training,1,f8aa9e771916ef7e435563be132a6197be6f4b58e13c685a8a61d13486dcf4b1
C:\Users\ransi\Documents\AA  SLIIT\Y2S1\IT2011 AIML\My First AI Project\EfficientNetB3_Project\data\brain_tumor_mri\Training\no_tumor\image(33).jpg,image(33).jpg,no_tumor,Training,2,247420d663a2af95266ddfb5c9cd2ee741d2474f300ca0d25809d37f61e9c4df
C:\Users\ransi\Documents\AA  SLIIT\Y2S1\IT2011 AIML\My First AI Project\EfficientNetB3_Project\data\brain_tumor_mri\Training\no_tumor\image(326).jpg,image(326).jpg,no_tumor,Training,2,f1aa73c33c56a13b8fe3b256ba2e6e3d2d84ddc6f3ed814d874bc88726ac1f9d
C:\Users\ransi\Documents\AA  SLIIT\Y2S1\IT2011 AIML\My First AI Project\EfficientNetB3_Project\data\brain_tumor_mri\Training\glioma_tumor\gg (392).jpg,gg (392).jpg,glioma_tumor,Training,0,60248a00bd87d82df7ccda699011f025fb89c9eada4f7ed9378025748dcdb602
C:\Users\ransi\Documents\AA  SLIIT\Y2S1\IT2011 AIML\My First AI Project\EfficientNetB3_Project\data\brain_tumor_mri\Training\glioma_tumor\gg (208).jpg,gg (208).jpg,glioma_tumor,Training,0,278f9e507e197e802b85b4e85d2b2e42f08594ca5ec175bf7ccc7b2857552036
C:\Users\ransi\Documents\AA  SLIIT\Y2S1\IT2011 AIML\My First AI Project\EfficientNetB3_Project\data\brain_tumor_mri\Training\glioma_tumor\gg (381).jpg,gg (381).jpg,glioma_tumor,Training,0,f8d016b122fb60ee44312743254005461234780a9b3a3fb401eb9de2c8d24fb0
C:\Users\ransi\Documents\AA  SLIIT\Y2S1\IT2011 AIML\My First AI Project\EfficientNetB3_Project\data\brain_tumor_mri\Training\pituitary_tumor\p (626).jpg,p (626).jpg,pituitary_tumor,Training,3,874ea23fc0bd01f04545ed6f880a492866b976d3d0731842883b630355e23b54
C:\Users\ransi\Documents\AA  SLIIT\Y2S1\IT2011 AIML\My First AI Project\EfficientNetB3_Project\data\brain_tumor_mri\Training\pituitary_tumor\p (652).jpg,p (652).jpg,pituitary_tumor,Training,3,9b6671dcbc7f725e2260b83cecf05f2b90b551e0be4e7d2e8fdfb6b3be71d26c
C:\Users\ransi\Documents\AA  SLIIT\Y2S1\IT2011 AIML\My First AI Project\EfficientNetB3_Project\data\brain_tumor_mri\Training\glioma_tumor\gg (738).jpg,gg (738).jpg,glioma_tumor,Training,0,5994ec3a97f9cdce8f154b2157da4ddb248a57f2cf849e4452bb0852d892be9f
C:\Users\ransi\Documents\AA  SLIIT\Y2S1\IT2011 AIML\My First AI Project\EfficientNetB3_Project\data\brain_tumor_mri\Training\no_tumor\image(214).jpg,image(214).jpg,no_tumor,Training,2,f431914175104f5eed55c65b44347820eefcb61dff8ad47cacf6596f239266a2
C:\Users\ransi\Documents\AA  SLIIT\Y2S1\IT2011 AIML\My First AI Project\EfficientNetB3_Project\data\brain_tumor_mri\Training\glioma_tumor\gg (541).jpg,gg (541).jpg,glioma_tumor,Training,0,6fd1918b39e7a7f92fa5652d7802583f3251fed50a23ec691b099fea4696e060
C:\Users\ransi\Documents\AA  SLIIT\Y2S1\IT2011 AIML\My First AI Project\EfficientNetB3_Project\data\brain_tumor_mri\Training\meningioma_tumor\m2 (134).jpg,m2 (134).jpg,meningioma_tumor,Training,1,14a0228983e03a28bc77046c928ca0737794e39ded468a69154e08cbf1dc4007
C:\Users\ransi\Documents\AA  SLIIT\Y2S1\IT2011 AIML\My First AI Project\EfficientNetB3_Project\data\brain_tumor_mri\Training\pituitary_tumor\p (506).jpg,p (506).jpg,pituitary_tumor,Training,3,7aec92ccd62386da2ef724e12486ce23443737754717b8e7e564080a58a6e17a
C:\Users\ransi\Documents\AA  SLIIT\Y2S1\IT2011 AIML\My First AI Project\EfficientNetB3_Project\data\brain_tumor_mri\Training\pituitary_tumor\p (323).jpg,p (323).jpg,pituitary_tumor,Training,3,c86a932b2313c54b5ee10adf14da318ad76d07c9de0df5301c29bcc8301d56aa
C:\Users\ransi\Documents\AA  SLIIT\Y2S1\IT2011 AIML\My First AI Project\EfficientNetB3_Project\data\brain_tumor_mri\Training\meningioma_tumor\m1(20).jpg,m1(20).jpg,meningioma_tumor,Training,1,e0a8bcae6fd316882e5ef3545fa8445cb9c60c6c038668b0821e9e50d3de307a
C:\Users\ransi\Documents\AA  SLIIT\Y2S1\IT2011 AIML\My First AI Project\EfficientNetB3_Project\data\brain_tumor_mri\Training\pituitary_tumor\p (605).jpg,p (605).jpg,pituitary_tumor,Training,3,18fcd943c6a08991f9712ed6c189d48c6a26e702a30d5f93696fc577c8ad7b8b
C:\Users\ransi\Documents\AA  SLIIT\Y2S1\IT2011 AIML\My First AI Project\EfficientNetB3_Project\data\brain_tumor_mri\Training\pituitary_tumor\p (258).jpg,p (258).jpg,pituitary_tumor,Training,3,61d93c3ed3679a865b1671fcfc8cf2e211e4fe2b0d702fb1506a073d36bcae33
C:\Users\ransi\Documents\AA  SLIIT\Y2S1\IT2011 AIML\My First AI Project\EfficientNetB3_Project\data\brain_tumor_mri\Training\no_tumor\image(224).jpg,image(224).jpg,no_tumor,Training,2,c5c3c342a808665131f102225f3cae7fb3234dfa5395ab9945cfd01e11fab6db
C:\Users\ransi\Documents\AA  SLIIT\Y2S1\IT2011 AIML\My First AI Project\EfficientNetB3_Project\data\brain_tumor_mri\Training\glioma_tumor\gg (616).jpg,gg (616).jpg,glioma_tumor,Training,0,a0b10f0688bf2c77d3bd929973701e35f03761005945f78bf06b579f5bdc64f1
C:\Users\ransi\Documents\AA  SLIIT\Y2S1\IT2011 AIML\My First AI Project\EfficientNetB3_Project\data\brain_tumor_mri\Training\meningioma_tumor\m1(42).jpg,m1(42).jpg,meningioma_tumor,Training,1,df1a100dadf09a290f7a99447250b450ace656c7a36f20f9d7fe34e140f84850
C:\Users\ransi\Documents\AA  SLIIT\Y2S1\IT2011 AIML\My First AI Project\EfficientNetB3_Project\data\brain_tumor_mri\Training\meningioma_tumor\m (66).jpg,m (66).jpg,meningioma_tumor,Training,1,bfff10e50c1d25274305abb1881ab249ffcd3958650ddba67ea2047a20cae978
C:\Users\ransi\Documents\AA  SLIIT\Y2S1\IT2011 AIML\My First AI Project\EfficientNetB3_Project\data\brain_tumor_mri\Training\pituitary_tumor\p (710).jpg,p (710).jpg,pituitary_tumor,Training,3,e3632c3db28f34854cc5cdccb42da8fa98e8207ea5449cea36acffa8aa1a245d
C:\Users\ransi\Documents\AA  SLIIT\Y2S1\IT2011 AIML\My First AI Project\EfficientNetB3_Project\data\brain_tumor_mri\Training\glioma_tumor\gg (69).jpg,gg (69).jpg,glioma_tumor,Training,0,c7f33df6891b9ad947a4c0b7939861b22a54fd56cca7fb203efb19af059f424e
C:\Users\ransi\Documents\AA  SLIIT\Y2S1\IT2011 AIML\My First AI Project\EfficientNetB3_Project\data\brain_tumor_mri\Training\no_tumor\image(86).jpg,image(86).jpg,no_tumor,Training,2,2bdd9c278299844c94695001aafd25afe43078f38d8b4368e8256e270ab2fadd
C:\Users\ransi\Documents\AA  SLIIT\Y2S1\IT2011 AIML\My First AI Project\EfficientNetB3_Project\data\brain_tumor_mri\Training\pituitary_tumor\p (665).jpg,p (665).jpg,pituitary_tumor,Training,3,274e1e131a9d57e5ff25f23abd25265c259043b12577107aed3ef086da18253c
C:\Users\ransi\Documents\AA  SLIIT\Y2S1\IT2011 AIML\My First AI Project\EfficientNetB3_Project\data\brain_tumor_mri\Training\glioma_tumor\gg (756).jpg,gg (756).jpg,glioma_tumor,Training,0,53018cfd4bc27a33b3cf5575f2c4189590058389fd41449cfc0c8d427125f3ff
C:\Users\ransi\Documents\AA  SLIIT\Y2S1\IT2011 AIML\My First AI Project\EfficientNetB3_Project\data\brain_tumor_mri\Training\pituitary_tumor\p (598).jpg,p (598).jpg,pituitary_tumor,Training,3,2cee72de4b0234183c86e09a1a06af992ff34b060d58196bba3ed6502a4573db
C:\Users\ransi\Documents\AA  SLIIT\Y2S1\IT2011 AIML\My First AI Project\EfficientNetB3_Project\data\brain_tumor_mri\Training\pituitary_tumor\p (719).jpg,p (719).jpg,pituitary_tumor,Training,3,96757b1c8a7fcdede67a6c1c66c75fda341e4606ab19605ad93367975d8ed5fe
C:\Users\ransi\Documents\AA  SLIIT\Y2S1\IT2011 AIML\My First AI Project\EfficientNetB3_Project\data\brain_tumor_mri\Training\meningioma_tumor\m1(58).jpg,m1(58).jpg,meningioma_tumor,Training,1,0908d1a91ab0006895738ce3c18bf0ff0bfc8308cb9fd13fbd4b8e1766dbe0ea
C:\Users\ransi\Documents\AA  SLIIT\Y2S1\IT2011 AIML\My First AI Project\EfficientNetB3_Project\data\brain_tumor_mri\Training\glioma_tumor\gg (134).jpg,gg (134).jpg,glioma_tumor,Training,0,5366ad668ed46cc435f1329401cf13f6724705d68cc3d22afc19855bc7b53db3
C:\Users\ransi\Documents\AA  SLIIT\Y2S1\IT2011 AIML\My First AI Project\EfficientNetB3_Project\data\brain_tumor_mri\Training\no_tumor\image(212).jpg,image(212).jpg,no_tumor,Training,2,270d8daa78d030858d13b95aad0f59bf3cd78b17a6ab1604e0118342676de60f
C:\Users\ransi\Documents\AA  SLIIT\Y2S1\IT2011 AIML\My First AI Project\EfficientNetB3_Project\data\brain_tumor_mri\Testing\meningioma_tumor\image(69).jpg,image(69).jpg,meningioma_tumor,Testing,1,36f571bbd7db967e68e0e0bddba8f81ee825221e166dad668c8323c557129f9b
C:\Users\ransi\Documents\AA  SLIIT\Y2S1\IT2011 AIML\My First AI Project\EfficientNetB3_Project\data\brain_tumor_mri\Training\no_tumor\image(139).jpg,image(139).jpg,no_tumor,Training,2,d56567916b5975d9f260f61a4cad99040696bd105293112af3d703c4bec42feb
C:\Users\ransi\Documents\AA  SLIIT\Y2S1\IT2011 AIML\My First AI Project\EfficientNetB3_Project\data\brain_tumor_mri\Training\no_tumor\image (26).jpg,image (26).jpg,no_tumor,Training,2,c1bf41ddb56396fd0e74b2eb7212c96a6a915ee86737c060c9db8e1439ff0390
C:\Users\ransi\Documents\AA  SLIIT\Y2S1\IT2011 AIML\My First AI Project\EfficientNetB3_Project\data\brain_tumor_mri\Training\meningioma_tumor\m3 (241).jpg,m3 (241).jpg,meningioma_tumor,Training,1,d8441008917a3198e67536253350c845de0fd7dda17b4c1669059152453a9186
C:\Users\ransi\Documents\AA  SLIIT\Y2S1\IT2011 AIML\My First AI Project\EfficientNetB3_Project\data\brain_tumor_mri\Training\no_tumor\image (7).jpg,image (7).jpg,no_tumor,Training,2,4b0d57d86e8f5a1db58c18b2af1eb41aa7102cb1f3744ff13747465ba458852c
C:\Users\ransi\Documents\AA  SLIIT\Y2S1\IT2011 AIML\My First AI Project\EfficientNetB3_Project\data\brain_tumor_mri\Training\pituitary_tumor\p (196).jpg,p (196).jpg,pituitary_tumor,Training,3,dea65808e631f46024aaa034984629ab8a455f2b951ca7022f12fa9e62b7c8ff
C:\Users\ransi\Documents\AA  SLIIT\Y2S1\IT2011 AIML\My First AI Project\EfficientNetB3_Project\data\brain_tumor_mri\Training\glioma_tumor\gg (633).jpg,gg (633).jpg,glioma_tumor,Training,0,84c83365ba5787cf071768ffc8ab37780e46572b4626e98c24a0af0e02235a8a
C:\Users\ransi\Documents\AA  SLIIT\Y2S1\IT2011 AIML\My First AI Project\EfficientNetB3_Project\data\brain_tumor_mri\Training\pituitary_tumor\p (304).jpg,p (304).jpg,pituitary_tumor,Training,3,19a6c0a87129e3bc3be050bfb95355f21a14788b9fa5d8ec1358f76488bda1dc
C:\Users\ransi\Documents\AA  SLIIT\Y2S1\IT2011 AIML\My First AI Project\EfficientNetB3_Project\data\brain_tumor_mri\Training\meningioma_tumor\m1(25).jpg,m1(25).jpg,meningioma_tumor,Training,1,63af1d654e0fead8c50f98a2a1f884eb517b7277ed7a1c9343d0861948721a5d
C:\Users\ransi\Documents\AA  SLIIT\Y2S1\IT2011 AIML\My First AI Project\EfficientNetB3_Project\data\brain_tumor_mri\Training\glioma_tumor\gg (745).jpg,gg (745).jpg,glioma_tumor,Training,0,a7dd4c37710b5b3d9e0dbfa2c0198577815691e477ecba18172cbb92068ff1b5
C:\Users\ransi\Documents\AA  SLIIT\Y2S1\IT2011 AIML\My First AI Project\EfficientNetB3_Project\data\brain_tumor_mri\Training\pituitary_tumor\p (345).jpg,p (345).jpg,pituitary_tumor,Training,3,7632831f8e0a76e0e1abbf512bd7fdbcaf9b2926ada2ee880712b6eba8952e24
C:\Users\ransi\Documents\AA  SLIIT\Y2S1\IT2011 AIML\My First AI Project\EfficientNetB3_Project\data\brain_tumor_mri\Testing\meningioma_tumor\image(19).jpg,image(19).jpg,meningioma_tumor,Testing,1,bb916ba7fe525b5ba8f325bdfb2941bbb9119c84f0ae3662a59bcd342679cfe8
C:\Users\ransi\Documents\AA  SLIIT\Y2S1\IT2011 AIML\My First AI Project\EfficientNetB3_Project\data\brain_tumor_mri\Training\glioma_tumor\gg (363).jpg,gg (363).jpg,glioma_tumor,Training,0,767c5d321448695f6dbd2d609a3aa7207c689a5be3d9d9e38967560585718f22
C:\Users\ransi\Documents\AA  SLIIT\Y2S1\IT2011 AIML\My First AI Project\EfficientNetB3_Project\data\brain_tumor_mri\Testing\glioma_tumor\image(14).jpg,image(14).jpg,glioma_tumor,Testing,0,f8a2b70c9e6cf72b75be9baa787d1706dad382dc582092971fa61f0a2273267d
C:\Users\ransi\Documents\AA  SLIIT\Y2S1\IT2011 AIML\My First AI Project\EfficientNetB3_Project\data\brain_tumor_mri\Training\glioma_tumor\gg (220).jpg,gg (220).jpg,glioma_tumor,Training,0,f5ed410f73e61c14991db32e67833bd20f8f63ee762c08a34765e831a895dfc3
C:\Users\ransi\Documents\AA  SLIIT\Y2S1\IT2011 AIML\My First AI Project\EfficientNetB3_Project\data\brain_tumor_mri\Training\glioma_tumor\gg (786).jpg,gg (786).jpg,glioma_tumor,Training,0,cc772f04a2e0363b5108e20f1366b94ed577c7f3023b92518afe90af52ffe695
C:\Users\ransi\Documents\AA  SLIIT\Y2S1\IT2011 AIML\My First AI Project\EfficientNetB3_Project\data\brain_tumor_mri\Training\meningioma_tumor\m3 (204).jpg,m3 (204).jpg,meningioma_tumor,Training,1,c3757397a21f7fc81b5bb0043b38614338413c0b53ebd3e8894d1ca52ffe64c0
C:\Users\ransi\Documents\AA  SLIIT\Y2S1\IT2011 AIML\My First AI Project\EfficientNetB3_Project\data\brain_tumor_mri\Training\no_tumor\image(43).jpg,image(43).jpg,no_tumor,Training,2,94721a1b47a80cb0533acdbac52f92ad7614d4685284b74b2a96914b038947a9
C:\Users\ransi\Documents\AA  SLIIT\Y2S1\IT2011 AIML\My First AI Project\EfficientNetB3_Project\data\brain_tumor_mri\Training\pituitary_tumor\p (246).jpg,p (246).jpg,pituitary_tumor,Training,3,8a80675672f9be41830b87889beb2ab5c8a4e3f728cde3b4e48d5ca50ac5fc0d
C:\Users\ransi\Documents\AA  SLIIT\Y2S1\IT2011 AIML\My First AI Project\EfficientNetB3_Project\data\brain_tumor_mri\Training\no_tumor\image(67).jpg,image(67).jpg,no_tumor,Training,2,ad26946bf8b6ba5be922f24ab271337964fc35675fa4d0398719e33665337ece
C:\Users\ransi\Documents\AA  SLIIT\Y2S1\IT2011 AIML\My First AI Project\EfficientNetB3_Project\data\brain_tumor_mri\Training\pituitary_tumor\p (446).jpg,p (446).jpg,pituitary_tumor,Training,3,e12510f20039c44510978f3a49f130bde75879ff5c7fed3dcbf766e201457c1e
C:\Users\ransi\Documents\AA  SLIIT\Y2S1\IT2011 AIML\My First AI Project\EfficientNetB3_Project\data\brain_tumor_mri\Training\glioma_tumor\gg (382).jpg,gg (382).jpg,glioma_tumor,Training,0,301dad7eb93b024c3b7ad1ea1cd7f5ad9b1d92ce9134f3a0a11b5c9b62dcc5f6
C:\Users\ransi\Documents\AA  SLIIT\Y2S1\IT2011 AIML\My First AI Project\EfficientNetB3_Project\data\brain_tumor_mri\Training\pituitary_tumor\p (384).jpg,p (384).jpg,pituitary_tumor,Training,3,cd84d6c1a32dda1d5657556f1a0399c4cad978887b9258395fcf3729dbeb8f2a
C:\Users\ransi\Documents\AA  SLIIT\Y2S1\IT2011 AIML\My First AI Project\EfficientNetB3_Project\data\brain_tumor_mri\Training\pituitary_tumor\p (329).jpg,p (329).jpg,pituitary_tumor,Training,3,eb221075b4c98d851e75a3a58df90813e15077672ea696fca50956bf8bf5b50a
C:\Users\ransi\Documents\AA  SLIIT\Y2S1\IT2011 AIML\My First AI Project\EfficientNetB3_Project\data\brain_tumor_mri\Testing\meningioma_tumor\image(126).jpg,image(126).jpg,meningioma_tumor,Testing,1,d122fa995de9d5266344d97c7e2d6973210911f4c8e549575c873b82aee3ae2a
C:\Users\ransi\Documents\AA  SLIIT\Y2S1\IT2011 AIML\My First AI Project\EfficientNetB3_Project\data\brain_tumor_mri\Training\pituitary_tumor\p (581).jpg,p (581).jpg,pituitary_tumor,Training,3,47c7effe2e98d694f7544d7488d1a5ce5280fa43cc5437943faf0c20405af396
C:\Users\ransi\Documents\AA  SLIIT\Y2S1\IT2011 AIML\My First AI Project\EfficientNetB3_Project\data\brain_tumor_mri\Training\meningioma_tumor\m (121).jpg,m (121).jpg,meningioma_tumor,Training,1,97fd4eb9c0e1947bdbb15be3c79f58a5d1dc2ef10b7db12de4bfd8111bf64e2d
C:\Users\ransi\Documents\AA  SLIIT\Y2S1\IT2011 AIML\My First AI Project\EfficientNetB3_Project\data\brain_tumor_mri\Testing\meningioma_tumor\image(91).jpg,image(91).jpg,meningioma_tumor,Testing,1,65a902fcdd43caafbfd32f996cda5eb70f49870ae04b457e63b4e12149168225
C:\Users\ransi\Documents\AA  SLIIT\Y2S1\IT2011 AIML\My First AI Project\EfficientNetB3_Project\data\brain_tumor_mri\Testing\glioma_tumor\image(32).jpg,image(32).jpg,glioma_tumor,Testing,0,8bb6bf50c21a17478fbd81c5c9f10abcb56bf38b046496b645f2f64cd77cbc06
C:\Users\ransi\Documents\AA  SLIIT\Y2S1\IT2011 AIML\My First AI Project\EfficientNetB3_Project\data\brain_tumor_mri\Training\pituitary_tumor\p (647).jpg,p (647).jpg,pituitary_tumor,Training,3,08cd316a43731a36ea32870b4250cf94d1263579ad9ea12a7a002161c6ce39a8
C:\Users\ransi\Documents\AA  SLIIT\Y2S1\IT2011 AIML\My First AI Project\EfficientNetB3_Project\data\brain_tumor_mri\Training\no_tumor\image (53).jpg,image (53).jpg,no_tumor,Training,2,856779c9208bce47defb64d82d26002ecf3c89161a4eafdceb1dc6082f06eefb
C:\Users\ransi\Documents\AA  SLIIT\Y2S1\IT2011 AIML\My First AI Project\EfficientNetB3_Project\data\brain_tumor_mri\Training\meningioma_tumor\m2 (24).jpg,m2 (24).jpg,meningioma_tumor,Training,1,12ca77d5afe3b97deed68094ce4459a0aced7edc13b8f01fa5f12c1cc60de64c
C:\Users\ransi\Documents\AA  SLIIT\Y2S1\IT2011 AIML\My First AI Project\EfficientNetB3_Project\data\brain_tumor_mri\Training\no_tumor\image (41).jpg,image (41).jpg,no_tumor,Training,2,9eb2f206cd2e88f015f4b08bd4a399ba5f8d97b263306205c1cf54385c7dd352
C:\Users\ransi\Documents\AA  SLIIT\Y2S1\IT2011 AIML\My First AI Project\EfficientNetB3_Project\data\brain_tumor_mri\Training\meningioma_tumor\m1(126).jpg,m1(126).jpg,meningioma_tumor,Training,1,8014da7bd1038ca29824ab595a45f36d1bf1316872250c8c3110a05c74ac0d3b
C:\Users\ransi\Documents\AA  SLIIT\Y2S1\IT2011 AIML\My First AI Project\EfficientNetB3_Project\data\brain_tumor_mri\Testing\no_tumor\image(19).jpg,image(19).jpg,no_tumor,Testing,2,0ac00682257258ee21f7c81af7bc22efbbbb4385e67e4d005f2000ad3b85561b
C:\Users\ransi\Documents\AA  SLIIT\Y2S1\IT2011 AIML\My First AI Project\EfficientNetB3_Project\data\brain_tumor_mri\Training\glioma_tumor\gg (60).jpg,gg (60).jpg,glioma_tumor,Training,0,05485b07647538a2eae3eab5fa34612dee00cea1b7f193fd89bf00aed81112f7
C:\Users\ransi\Documents\AA  SLIIT\Y2S1\IT2011 AIML\My First AI Project\EfficientNetB3_Project\data\brain_tumor_mri\Testing\glioma_tumor\image(68).jpg,image(68).jpg,glioma_tumor,Testing,0,039687b8d459da27d82239679a8b862b07f90393adc5bd0f511a38a0b7baa04f
C:\Users\ransi\Documents\AA  SLIIT\Y2S1\IT2011 AIML\My First AI Project\EfficientNetB3_Project\data\brain_tumor_mri\Training\no_tumor\image(135).jpg,image(135).jpg,no_tumor,Training,2,20fa2b337507b53cfee00ae903eee735e68bb586cb0485dd86e853fa63caa507
C:\Users\ransi\Documents\AA  SLIIT\Y2S1\IT2011 AIML\My First AI Project\EfficientNetB3_Project\data\brain_tumor_mri\Training\meningioma_tumor\m (12).jpg,m (12).jpg,meningioma_tumor,Training,1,8f88573bb9b2e3db7f1b5afcb6a351cb7892ca6053c328f31b4d7c662102a6f6
C:\Users\ransi\Documents\AA  SLIIT\Y2S1\IT2011 AIML\My First AI Project\EfficientNetB3_Project\data\brain_tumor_mri\Training\glioma_tumor\gg (674).jpg,gg (674).jpg,glioma_tumor,Training,0,6703c8a712a7fd455d033cc14bd591773dab6d3d4447e93894a37a4dd7a04a93
C:\Users\ransi\Documents\AA  SLIIT\Y2S1\IT2011 AIML\My First AI Project\EfficientNetB3_Project\data\brain_tumor_mri\Training\glioma_tumor\gg (588).jpg,gg (588).jpg,glioma_tumor,Training,0,a9981614a19b5313e294e3f9a8ba5f513e78f8d74edcca9f29beb7000edda36e
C:\Users\ransi\Documents\AA  SLIIT\Y2S1\IT2011 AIML\My First AI Project\EfficientNetB3_Project\data\brain_tumor_mri\Training\meningioma_tumor\m2 (42).jpg,m2 (42).jpg,meningioma_tumor,Training,1,5cbe0fabc9bfbab0317874156fa57bd6797c49871f6fd601be5abef1899b4377
C:\Users\ransi\Documents\AA  SLIIT\Y2S1\IT2011 AIML\My First AI Project\EfficientNetB3_Project\data\brain_tumor_mri\Training\meningioma_tumor\m1(155).jpg,m1(155).jpg,meningioma_tumor,Training,1,ad80fb721b5d5ee5b77ff2e29e3473a54db92a5004c7de810fe1353e89a65d33
C:\Users\ransi\Documents\AA  SLIIT\Y2S1\IT2011 AIML\My First AI Project\EfficientNetB3_Project\data\brain_tumor_mri\Training\meningioma_tumor\m3 (18).jpg,m3 (18).jpg,meningioma_tumor,Training,1,f64b8cc3ea3212942fca1b01c6ebd6b787fe4ce01dbf21bb499b481c2df03154
C:\Users\ransi\Documents\AA  SLIIT\Y2S1\IT2011 AIML\My First AI Project\EfficientNetB3_Project\data\brain_tumor_mri\Training\meningioma_tumor\m (156).jpg,m (156).jpg,meningioma_tumor,Training,1,8fa67cbef7bf110cc9803171124fa23d5b9c007c3bb6550d3f90f474e263956f
C:\Users\ransi\Documents\AA  SLIIT\Y2S1\IT2011 AIML\My First AI Project\EfficientNetB3_Project\data\brain_tumor_mri\Testing\meningioma_tumor\image(40).jpg,image(40).jpg,meningioma_tumor,Testing,1,066502884d443971d71836da239f41751eefdbb164af957947ad82fa6f584944
C:\Users\ransi\Documents\AA  SLIIT\Y2S1\IT2011 AIML\My First AI Project\EfficientNetB3_Project\data\brain_tumor_mri\Training\glioma_tumor\gg (568).jpg,gg (568).jpg,glioma_tumor,Training,0,e2983c343aa0e0168e38fb2541ba8fe03fd9853908a25573452b3c6463f69e73
C:\Users\ransi\Documents\AA  SLIIT\Y2S1\IT2011 AIML\My First AI Project\EfficientNetB3_Project\data\brain_tumor_mri\Training\no_tumor\image(264).jpg,image(264).jpg,no_tumor,Training,2,c515996f4519dbd88019480d9e6442c71bc2513a7e2cb35a776b56af27b1021a
C:\Users\ransi\Documents\AA  SLIIT\Y2S1\IT2011 AIML\My First AI Project\EfficientNetB3_Project\data\brain_tumor_mri\Training\glioma_tumor\gg (211).jpg,gg (211).jpg,glioma_tumor,Training,0,509163284c93b70126503317215139c1a239202fd72b8bbb40f458ba22538102
C:\Users\ransi\Documents\AA  SLIIT\Y2S1\IT2011 AIML\My First AI Project\EfficientNetB3_Project\data\brain_tumor_mri\Training\glioma_tumor\gg (610).jpg,gg (610).jpg,glioma_tumor,Training,0,c06f5441eafecff5a1efe6295e26368875f4b5d0aa3d049a728d3c39d1f3b440
C:\Users\ransi\Documents\AA  SLIIT\Y2S1\IT2011 AIML\My First AI Project\EfficientNetB3_Project\data\brain_tumor_mri\Training\no_tumor\image(175).jpg,image(175).jpg,no_tumor,Training,2,a820973ab9e444f92fdc4e5eb2e584a72d5da660675f1793469f229f40199538
C:\Users\ransi\Documents\AA  SLIIT\Y2S1\IT2011 AIML\My First AI Project\EfficientNetB3_Project\data\brain_tumor_mri\Training\meningioma_tumor\m3 (196).jpg,m3 (196).jpg,meningioma_tumor,Training,1,dfac12b378aa06e3b1c263312a6d0b4bd8ca0cef382a86a894d5edc158185952
C:\Users\ransi\Documents\AA  SLIIT\Y2S1\IT2011 AIML\My First AI Project\EfficientNetB3_Project\data\brain_tumor_mri\Training\glioma_tumor\gg (394).jpg,gg (394).jpg,glioma_tumor,Training,0,4cd277ed92cc3c8834fc71384fda984969f5c28c2d05574170d93da288965b20
C:\Users\ransi\Documents\AA  SLIIT\Y2S1\IT2011 AIML\My First AI Project\EfficientNetB3_Project\data\brain_tumor_mri\Training\meningioma_tumor\m2 (59).jpg,m2 (59).jpg,meningioma_tumor,Training,1,2cd9b7605a9c3821765a7225e94a6d2ffcac5087044a6e63b442db9294ba839a
C:\Users\ransi\Documents\AA  SLIIT\Y2S1\IT2011 AIML\My First AI Project\EfficientNetB3_Project\data\brain_tumor_mri\Training\glioma_tumor\gg (613).jpg,gg (613).jpg,glioma_tumor,Training,0,371efa5163a69805d5a3a83c00b03169a5337d8ab6164d8ed0c7017579dfa9c0
C:\Users\ransi\Documents\AA  SLIIT\Y2S1\IT2011 AIML\My First AI Project\EfficientNetB3_Project\data\brain_tumor_mri\Testing\glioma_tumor\image(11).jpg,image(11).jpg,glioma_tumor,Testing,0,c711a606ec66e74a2bbe5721727a3deeb2fd9e4b20aa50c99afd65d7dea42541
C:\Users\ransi\Documents\AA  SLIIT\Y2S1\IT2011 AIML\My First AI Project\EfficientNetB3_Project\data\brain_tumor_mri\Training\pituitary_tumor\p (640).jpg,p (640).jpg,pituitary_tumor,Training,3,d88d33d633371ca01dc8ded95c5f3d5cd3e9b42ce875ac9ce1f1ea9647102540
C:\Users\ransi\Documents\AA  SLIIT\Y2S1\IT2011 AIML\My First AI Project\EfficientNetB3_Project\data\brain_tumor_mri\Training\glioma_tumor\gg (3).jpg,gg (3).jpg,glioma_tumor,Training,0,398f68ff70f35c207fe7219fdbf9c7905d80326a4c45419c2ea5bc750800e621
C:\Users\ransi\Documents\AA  SLIIT\Y2S1\IT2011 AIML\My First AI Project\EfficientNetB3_Project\data\brain_tumor_mri\Training\pituitary_tumor\p (43).jpg,p (43).jpg,pituitary_tumor,Training,3,35ca1eb8b8c69c3fda53cc2a595c0af6534eabfdee723d38b022ab1677923a26
C:\Users\ransi\Documents\AA  SLIIT\Y2S1\IT2011 AIML\My First AI Project\EfficientNetB3_Project\data\brain_tumor_mri\Training\meningioma_tumor\m (59).jpg,m (59).jpg,meningioma_tumor,Training,1,1c48914ff9e011781b26b6321e9d44ea8e0e742a5827687886e4c4a076cd33ac
C:\Users\ransi\Documents\AA  SLIIT\Y2S1\IT2011 AIML\My First AI Project\EfficientNetB3_Project\data\brain_tumor_mri\Training\pituitary_tumor\p (368).jpg,p (368).jpg,pituitary_tumor,Training,3,c162de1261513b12fed6f5c8ab2b662984b76b49d82a0129799fa9ff318b897c
C:\Users\ransi\Documents\AA  SLIIT\Y2S1\IT2011 AIML\My First AI Project\EfficientNetB3_Project\data\brain_tumor_mri\Training\glioma_tumor\gg (591).jpg,gg (591).jpg,glioma_tumor,Training,0,f63d90f5ee644776dd4c418aefd72f26b263c5dcfe1fbc92f291814ddd167aa9
C:\Users\ransi\Documents\AA  SLIIT\Y2S1\IT2011 AIML\My First AI Project\EfficientNetB3_Project\data\brain_tumor_mri\Training\glioma_tumor\gg (98).jpg,gg (98).jpg,glioma_tumor,Training,0,df3347ec7229146c48c94b31d1ce2b19347617ab7b53f572bd3c1d886472d424
C:\Users\ransi\Documents\AA  SLIIT\Y2S1\IT2011 AIML\My First AI Project\EfficientNetB3_Project\data\brain_tumor_mri\Testing\pituitary_tumor\image(13).jpg,image(13).jpg,pituitary_tumor,Testing,3,12bbd4c54a8518e34b91604423e7c65778009ebc8d1850218b3f6b230e82fc95
C:\Users\ransi\Documents\AA  SLIIT\Y2S1\IT2011 AIML\My First AI Project\EfficientNetB3_Project\data\brain_tumor_mri\Testing\meningioma_tumor\image(112).jpg,image(112).jpg,meningioma_tumor,Testing,1,75de2e313a9570e899b592d69c150554c350699b058d3410e2eea78c6db8dc9a
C:\Users\ransi\Documents\AA  SLIIT\Y2S1\IT2011 AIML\My First AI Project\EfficientNetB3_Project\data\brain_tumor_mri\Training\pituitary_tumor\p (560).jpg,p (560).jpg,pituitary_tumor,Training,3,427bf07b252f4195624a2ba37cfdaca038fd306cba31a86736c3afcb6b7d8ead
C:\Users\ransi\Documents\AA  SLIIT\Y2S1\IT2011 AIML\My First AI Project\EfficientNetB3_Project\data\brain_tumor_mri\Training\glioma_tumor\gg (826).jpg,gg (826).jpg,glioma_tumor,Training,0,e31b77a60b2337c5c53ed8fe0866e52109e720384c5ee49ddbfe4a34cba76b49
C:\Users\ransi\Documents\AA  SLIIT\Y2S1\IT2011 AIML\My First AI Project\EfficientNetB3_Project\data\brain_tumor_mri\Training\no_tumor\image.jpg,image.jpg,no_tumor,Training,2,9d338079dd3288665657816ebeec6ada298761e0ff9f4c22a59f05c46768db14
C:\Users\ransi\Documents\AA  SLIIT\Y2S1\IT2011 AIML\My First AI Project\EfficientNetB3_Project\data\brain_tumor_mri\Training\glioma_tumor\gg (427).jpg,gg (427).jpg,glioma_tumor,Training,0,34b43817e547d6d5497ca16dc4788b3d55076bdb5c565d493323f67df21c300e
C:\Users\ransi\Documents\AA  SLIIT\Y2S1\IT2011 AIML\My First AI Project\EfficientNetB3_Project\data\brain_tumor_mri\Training\glioma_tumor\gg (252).jpg,gg (252).jpg,glioma_tumor,Training,0,b14dfbcef3d4a829cc901cc35e10a989b591bd1593c79270872795c4dd3198dc
C:\Users\ransi\Documents\AA  SLIIT\Y2S1\IT2011 AIML\My First AI Project\EfficientNetB3_Project\data\brain_tumor_mri\Training\no_tumor\image(110).jpg,image(110).jpg,no_tumor,Training,2,f3ce33b26a3784299fc2bc72215752b531bb1ff11e9b65dc39376039f8809f64
C:\Users\ransi\Documents\AA  SLIIT\Y2S1\IT2011 AIML\My First AI Project\EfficientNetB3_Project\data\brain_tumor_mri\Training\pituitary_tumor\p (93).jpg,p (93).jpg,pituitary_tumor,Training,3,eecf037eadbb71a327d9260aec76502c330ae23316ae630f9f5c2ee67c961386
C:\Users\ransi\Documents\AA  SLIIT\Y2S1\IT2011 AIML\My First AI Project\EfficientNetB3_Project\data\brain_tumor_mri\Training\meningioma_tumor\m3 (175).jpg,m3 (175).jpg,meningioma_tumor,Training,1,5ae21ac77ebcf7e9eae9c95519d71eda21479af78ce80352d90a14e105e9526a
C:\Users\ransi\Documents\AA  SLIIT\Y2S1\IT2011 AIML\My First AI Project\EfficientNetB3_Project\data\brain_tumor_mri\Training\pituitary_tumor\p (482).jpg,p (482).jpg,pituitary_tumor,Training,3,f6ddae0e63d00adfd06956e931c83f6cdb4f9010c02f5d2c41d71929a039790f
C:\Users\ransi\Documents\AA  SLIIT\Y2S1\IT2011 AIML\My First AI Project\EfficientNetB3_Project\data\brain_tumor_mri\Training\glioma_tumor\gg (671).jpg,gg (671).jpg,glioma_tumor,Training,0,8dbee0b2f41557b58b1a5ff0d1ddf3a943532d9aa52d3da77696f92e2db784d6
C:\Users\ransi\Documents\AA  SLIIT\Y2S1\IT2011 AIML\My First AI Project\EfficientNetB3_Project\data\brain_tumor_mri\Training\meningioma_tumor\m (196).jpg,m (196).jpg,meningioma_tumor,Training,1,32df625f3b8d8d090426fdfdcfa6449a38208df2a032672b92470a0501e30d09
C:\Users\ransi\Documents\AA  SLIIT\Y2S1\IT2011 AIML\My First AI Project\EfficientNetB3_Project\data\brain_tumor_mri\Testing\no_tumor\image(27).jpg,image(27).jpg,no_tumor,Testing,2,1fe1db4adc37442001e9e054e3a990efa31b7db7cdb0a3d2711afbf346f9094b
C:\Users\ransi\Documents\AA  SLIIT\Y2S1\IT2011 AIML\My First AI Project\EfficientNetB3_Project\data\brain_tumor_mri\Training\glioma_tumor\gg (604).jpg,gg (604).jpg,glioma_tumor,Training,0,b15f43cd6af124013533819c696517461969a34efe7de050f41266475b4598e2
C:\Users\ransi\Documents\AA  SLIIT\Y2S1\IT2011 AIML\My First AI Project\EfficientNetB3_Project\data\brain_tumor_mri\Training\glioma_tumor\gg (586).jpg,gg (586).jpg,glioma_tumor,Training,0,0423469c6b0d771688530aa2670050b206dacb0a567ed453eb0f5c5b581997e7
C:\Users\ransi\Documents\AA  SLIIT\Y2S1\IT2011 AIML\My First AI Project\EfficientNetB3_Project\data\brain_tumor_mri\Testing\meningioma_tumor\image(28).jpg,image(28).jpg,meningioma_tumor,Testing,1,4cc66638107c582da061fb013badc87dfb5dbdb94deee50550a5df8b967d9947
C:\Users\ransi\Documents\AA  SLIIT\Y2S1\IT2011 AIML\My First AI Project\EfficientNetB3_Project\data\brain_tumor_mri\Training\pituitary_tumor\p (159).jpg,p (159).jpg,pituitary_tumor,Training,3,b35e517f8f891c6c79cfe47473d96a085550c9a3178413792693f24cda4ff097
C:\Users\ransi\Documents\AA  SLIIT\Y2S1\IT2011 AIML\My First AI Project\EfficientNetB3_Project\data\brain_tumor_mri\Training\pituitary_tumor\p (737).jpg,p (737).jpg,pituitary_tumor,Training,3,39f4f7b252d7809d8d3d2e4521607de2195bf0f66c0592587b1cebd632aac640
C:\Users\ransi\Documents\AA  SLIIT\Y2S1\IT2011 AIML\My First AI Project\EfficientNetB3_Project\data\brain_tumor_mri\Training\glioma_tumor\gg (376).jpg,gg (376).jpg,glioma_tumor,Training,0,093f4236c971ad665deae468248d610ea91765ec53ab58b1cfc9e7c6f515968c
C:\Users\ransi\Documents\AA  SLIIT\Y2S1\IT2011 AIML\My First AI Project\EfficientNetB3_Project\data\brain_tumor_mri\Training\meningioma_tumor\m2 (36).jpg,m2 (36).jpg,meningioma_tumor,Training,1,6945d0818591c230af3fe1342ded9ff9e18ffd9823a084faf7eb57661a2d1bf8
C:\Users\ransi\Documents\AA  SLIIT\Y2S1\IT2011 AIML\My First AI Project\EfficientNetB3_Project\data\brain_tumor_mri\Training\glioma_tumor\gg (670).jpg,gg (670).jpg,glioma_tumor,Training,0,13be08fdfe4bcabaabe78b6d09fd30e0fc89144670c34032456cd0d9cc1b0968
C:\Users\ransi\Documents\AA  SLIIT\Y2S1\IT2011 AIML\My First AI Project\EfficientNetB3_Project\data\brain_tumor_mri\Training\pituitary_tumor\p (366).jpg,p (366).jpg,pituitary_tumor,Training,3,9cc3adb410ba218fae26901ced61fe1fe65a90d0eae987c97a3ea067be29e9cc
C:\Users\ransi\Documents\AA  SLIIT\Y2S1\IT2011 AIML\My First AI Project\EfficientNetB3_Project\data\brain_tumor_mri\Training\no_tumor\image(93).jpg,image(93).jpg,no_tumor,Training,2,bb9c0c75cf6859ab320834f50a154e90e5ddc05c2acbf14eb386104a07e416f5
C:\Users\ransi\Documents\AA  SLIIT\Y2S1\IT2011 AIML\My First AI Project\EfficientNetB3_Project\data\brain_tumor_mri\Training\meningioma_tumor\m2 (76).jpg,m2 (76).jpg,meningioma_tumor,Training,1,6194e69ac58b6bce67b598060d45c1e2751a2c58cea9638aa805564665395973
C:\Users\ransi\Documents\AA  SLIIT\Y2S1\IT2011 AIML\My First AI Project\EfficientNetB3_Project\data\brain_tumor_mri\Training\glioma_tumor\gg (491).jpg,gg (491).jpg,glioma_tumor,Training,0,113a0035edaa25c2091f83caf8e443c165f60dc188f5a80892fa7e0b93c17f90
C:\Users\ransi\Documents\AA  SLIIT\Y2S1\IT2011 AIML\My First AI Project\EfficientNetB3_Project\data\brain_tumor_mri\Training\pituitary_tumor\p (700).jpg,p (700).jpg,pituitary_tumor,Training,3,460d9f628c53b46d03cfad9589f853ef133d40a8ce3bd6bf7023b90fb1b8cfd0
C:\Users\ransi\Documents\AA  SLIIT\Y2S1\IT2011 AIML\My First AI Project\EfficientNetB3_Project\data\brain_tumor_mri\Training\meningioma_tumor\m (38).jpg,m (38).jpg,meningioma_tumor,Training,1,312d86a802afa3cfd5f642f94c0aaf183e77fc05db7ef85ecd41e481f4a889f5
C:\Users\ransi\Documents\AA  SLIIT\Y2S1\IT2011 AIML\My First AI Project\EfficientNetB3_Project\data\brain_tumor_mri\Training\glioma_tumor\gg (133).jpg,gg (133).jpg,glioma_tumor,Training,0,12df72fc591f72a7d529475285bcfecb7ea5b6c29c7d2cc60b7b281b6ec8649e
C:\Users\ransi\Documents\AA  SLIIT\Y2S1\IT2011 AIML\My First AI Project\EfficientNetB3_Project\data\brain_tumor_mri\Training\pituitary_tumor\p (183).jpg,p (183).jpg,pituitary_tumor,Training,3,0320f2ea582ad1dfaa9c05864360b873f5fec1fee3e35cf6b5e6237c53351497
C:\Users\ransi\Documents\AA  SLIIT\Y2S1\IT2011 AIML\My First AI Project\EfficientNetB3_Project\data\brain_tumor_mri\Training\glioma_tumor\gg (787).jpg,gg (787).jpg,glioma_tumor,Training,0,7972629fe6859f1dcbc8a4631f9c7881540603d230696a51cd7f663b3e4a4219
C:\Users\ransi\Documents\AA  SLIIT\Y2S1\IT2011 AIML\My First AI Project\EfficientNetB3_Project\data\brain_tumor_mri\Training\meningioma_tumor\m3 (56).jpg,m3 (56).jpg,meningioma_tumor,Training,1,37efb9a90fe279e60693f01d1ee4fe94bf20177ba06aaa70eb751724e62de297
C:\Users\ransi\Documents\AA  SLIIT\Y2S1\IT2011 AIML\My First AI Project\EfficientNetB3_Project\data\brain_tumor_mri\Training\no_tumor\image(102).jpg,image(102).jpg,no_tumor,Training,2,29f5011764730ed401f04b4978195c0b9fcedb005c3408f89a7586259cb1b675
C:\Users\ransi\Documents\AA  SLIIT\Y2S1\IT2011 AIML\My First AI Project\EfficientNetB3_Project\data\brain_tumor_mri\Testing\meningioma_tumor\image(70).jpg,image(70).jpg,meningioma_tumor,Testing,1,2879fe07fda1859fa38e6b675d8fb6cb92addc19a467a5a66c4834e345734752
C:\Users\ransi\Documents\AA  SLIIT\Y2S1\IT2011 AIML\My First AI Project\EfficientNetB3_Project\data\brain_tumor_mri\Training\meningioma_tumor\m (40).jpg,m (40).jpg,meningioma_tumor,Training,1,6ace5bf2c3efba9511f6eb4ac07419ecc0497ecb4c564dcb5070707d06a8eca9
C:\Users\ransi\Documents\AA  SLIIT\Y2S1\IT2011 AIML\My First AI Project\EfficientNetB3_Project\data\brain_tumor_mri\Testing\meningioma_tumor\image(106).jpg,image(106).jpg,meningioma_tumor,Testing,1,287e57e51279330fe35b02999f3e99c4a8d71a2982384edeb6dc21e65e69c853
C:\Users\ransi\Documents\AA  SLIIT\Y2S1\IT2011 AIML\My First AI Project\EfficientNetB3_Project\data\brain_tumor_mri\Training\pituitary_tumor\p (97).jpg,p (97).jpg,pituitary_tumor,Training,3,9652169786420306650613dd51653cdcfd5af138be3e811fa8041c55a57f1873
C:\Users\ransi\Documents\AA  SLIIT\Y2S1\IT2011 AIML\My First AI Project\EfficientNetB3_Project\data\brain_tumor_mri\Training\meningioma_tumor\m3 (8).jpg,m3 (8).jpg,meningioma_tumor,Training,1,8bd1d8144bd35f6a1522a0ca447832b8263829df4ead1f523be695e685068963
C:\Users\ransi\Documents\AA  SLIIT\Y2S1\IT2011 AIML\My First AI Project\EfficientNetB3_Project\data\brain_tumor_mri\Training\no_tumor\image(274).jpg,image(274).jpg,no_tumor,Training,2,90aa370bdde976ddb057adcadcda567e886f8e47f66f624b65d60c84092624cc
C:\Users\ransi\Documents\AA  SLIIT\Y2S1\IT2011 AIML\My First AI Project\EfficientNetB3_Project\data\brain_tumor_mri\Training\glioma_tumor\gg (27).jpg,gg (27).jpg,glioma_tumor,Training,0,e3547dddb710dce57d0d45965ea372faf6eb50dbc8b530f352622610887960db
C:\Users\ransi\Documents\AA  SLIIT\Y2S1\IT2011 AIML\My First AI Project\EfficientNetB3_Project\data\brain_tumor_mri\Training\meningioma_tumor\m2 (146).jpg,m2 (146).jpg,meningioma_tumor,Training,1,eae3362ff090ac0390ea98d24825ad63a6a119be876069e5c4c320a6862e0ae3
C:\Users\ransi\Documents\AA  SLIIT\Y2S1\IT2011 AIML\My First AI Project\EfficientNetB3_Project\data\brain_tumor_mri\Training\meningioma_tumor\m1(122).jpg,m1(122).jpg,meningioma_tumor,Training,1,96c69ebadfc6c5a736937c6bdf11983ebf111d0cd9f738b1c1aafa96dc61f551
C:\Users\ransi\Documents\AA  SLIIT\Y2S1\IT2011 AIML\My First AI Project\EfficientNetB3_Project\data\brain_tumor_mri\Testing\meningioma_tumor\image(95).jpg,image(95).jpg,meningioma_tumor,Testing,1,bb624454b04721a0bfe7e06c9bd2288c233f848603d9ae719ba2b052f530634a
C:\Users\ransi\Documents\AA  SLIIT\Y2S1\IT2011 AIML\My First AI Project\EfficientNetB3_Project\data\brain_tumor_mri\Testing\meningioma_tumor\image(30).jpg,image(30).jpg,meningioma_tumor,Testing,1,cdc4d724a668388abc3657213ea91c3e8d849b2c7e155dc4676ca38a4396b618
C:\Users\ransi\Documents\AA  SLIIT\Y2S1\IT2011 AIML\My First AI Project\EfficientNetB3_Project\data\brain_tumor_mri\Training\pituitary_tumor\p (815).jpg,p (815).jpg,pituitary_tumor,Training,3,7ad8f8b381fd8d6c40d2b8baba9b5be97f5bffab8d40c6db22b50dfa4b9babb7
C:\Users\ransi\Documents\AA  SLIIT\Y2S1\IT2011 AIML\My First AI Project\EfficientNetB3_Project\data\brain_tumor_mri\Training\glioma_tumor\gg (472).jpg,gg (472).jpg,glioma_tumor,Training,0,c456ec1984d3094468962ce2ed5359de0a40bfca809c36ed6b78911664a93eea
C:\Users\ransi\Documents\AA  SLIIT\Y2S1\IT2011 AIML\My First AI Project\EfficientNetB3_Project\data\brain_tumor_mri\Training\meningioma_tumor\m (17).jpg,m (17).jpg,meningioma_tumor,Training,1,408f622c227c58a3b4ad15a52a556db57b5f170b0e533cd64bc56304f8dbe2eb
C:\Users\ransi\Documents\AA  SLIIT\Y2S1\IT2011 AIML\My First AI Project\EfficientNetB3_Project\data\brain_tumor_mri\Training\pituitary_tumor\p (373).jpg,p (373).jpg,pituitary_tumor,Training,3,a9621878f7ba2bcb032775326139a3c6d3282ab79bfeee39e768f75f2daf53c6
C:\Users\ransi\Documents\AA  SLIIT\Y2S1\IT2011 AIML\My First AI Project\EfficientNetB3_Project\data\brain_tumor_mri\Training\glioma_tumor\gg (261).jpg,gg (261).jpg,glioma_tumor,Training,0,32efae0c748804684c5be5cccde9c90fbcb5329067617933ad326ed90c5b1c21
C:\Users\ransi\Documents\AA  SLIIT\Y2S1\IT2011 AIML\My First AI Project\EfficientNetB3_Project\data\brain_tumor_mri\Training\pituitary_tumor\p (68).jpg,p (68).jpg,pituitary_tumor,Training,3,b369dfb8f266c0726f0a1668cb177cd7ed0af2e15d0563ef815394c0ff30ef7a
C:\Users\ransi\Documents\AA  SLIIT\Y2S1\IT2011 AIML\My First AI Project\EfficientNetB3_Project\data\brain_tumor_mri\Training\meningioma_tumor\m1(159).jpg,m1(159).jpg,meningioma_tumor,Training,1,f17a463d83cc7fa4f2608f3791009e6bc87d73118755ed6043adaa054d94b695
C:\Users\ransi\Documents\AA  SLIIT\Y2S1\IT2011 AIML\My First AI Project\EfficientNetB3_Project\data\brain_tumor_mri\Training\pituitary_tumor\p (728).jpg,p (728).jpg,pituitary_tumor,Training,3,06c0e1102e945e75650e5427be415cbbb4bc16df8becc18fa98d8c08f46b35eb
C:\Users\ransi\Documents\AA  SLIIT\Y2S1\IT2011 AIML\My First AI Project\EfficientNetB3_Project\data\brain_tumor_mri\Training\glioma_tumor\gg (499).jpg,gg (499).jpg,glioma_tumor,Training,0,c6cae969fdaacb28dc918b68359c3d3b4b98577eba27f5b92a64d99fa5d7fb6b
C:\Users\ransi\Documents\AA  SLIIT\Y2S1\IT2011 AIML\My First AI Project\EfficientNetB3_Project\data\brain_tumor_mri\Training\glioma_tumor\gg (654).jpg,gg (654).jpg,glioma_tumor,Training,0,af0eaf6b46fa300ae50ec83b6f7d6a0853b7817d328ff3dd2368db6e3152e602
C:\Users\ransi\Documents\AA  SLIIT\Y2S1\IT2011 AIML\My First AI Project\EfficientNetB3_Project\data\brain_tumor_mri\Training\glioma_tumor\gg (330).jpg,gg (330).jpg,glioma_tumor,Training,0,f0ecf6b51a7d8553fa3f42de170e3771ab2ca8a91f55d538e1853792deda6c1e
C:\Users\ransi\Documents\AA  SLIIT\Y2S1\IT2011 AIML\My First AI Project\EfficientNetB3_Project\data\brain_tumor_mri\Training\meningioma_tumor\m (29).jpg,m (29).jpg,meningioma_tumor,Training,1,2afd271811dadb18683730ef88043d8545ed3c324359a2189b9c04bf32d61b89
C:\Users\ransi\Documents\AA  SLIIT\Y2S1\IT2011 AIML\My First AI Project\EfficientNetB3_Project\data\brain_tumor_mri\Training\pituitary_tumor\p (376).jpg,p (376).jpg,pituitary_tumor,Training,3,3fb9fe721db4af7d621ba0a4a9fe7038968fd194ac045a9723449c7f2882e5ae
C:\Users\ransi\Documents\AA  SLIIT\Y2S1\IT2011 AIML\My First AI Project\EfficientNetB3_Project\data\brain_tumor_mri\Training\meningioma_tumor\m (139).jpg,m (139).jpg,meningioma_tumor,Training,1,9c8fb7b3a545503a016816d5c0b97cdbde29a66eeecdfd5903138db72d7eb58f
C:\Users\ransi\Documents\AA  SLIIT\Y2S1\IT2011 AIML\My First AI Project\EfficientNetB3_Project\data\brain_tumor_mri\Training\pituitary_tumor\p (147).jpg,p (147).jpg,pituitary_tumor,Training,3,3ff24fe01a22cc7a29b5da4937df7a4faa6acd36ff4d587cdb47fa0fc6d26df7
C:\Users\ransi\Documents\AA  SLIIT\Y2S1\IT2011 AIML\My First AI Project\EfficientNetB3_Project\data\brain_tumor_mri\Training\meningioma_tumor\m (197).jpg,m (197).jpg,meningioma_tumor,Training,1,f29d536cc69c876e7b5fa825cd2abe326d10952034d83a6b4056e053de3cc2fc
C:\Users\ransi\Documents\AA  SLIIT\Y2S1\IT2011 AIML\My First AI Project\EfficientNetB3_Project\data\brain_tumor_mri\Training\meningioma_tumor\m3 (101).jpg,m3 (101).jpg,meningioma_tumor,Training,1,efeba53ac52dc6e29ea8d1fe3efece182516a433a168d61fe95fb780e452fac6
C:\Users\ransi\Documents\AA  SLIIT\Y2S1\IT2011 AIML\My First AI Project\EfficientNetB3_Project\data\brain_tumor_mri\Training\no_tumor\image(202).jpg,image(202).jpg,no_tumor,Training,2,8df1125bc5a3901ae602be99db7d676e79744a93eb6ed69de91b86cdb087a7a1
C:\Users\ransi\Documents\AA  SLIIT\Y2S1\IT2011 AIML\My First AI Project\EfficientNetB3_Project\data\brain_tumor_mri\Testing\pituitary_tumor\image(38).jpg,image(38).jpg,pituitary_tumor,Testing,3,6c8c2a11f01b532a75a01f052e3f536e10bcdca633e77ef3001d8ed852e83ee7
C:\Users\ransi\Documents\AA  SLIIT\Y2S1\IT2011 AIML\My First AI Project\EfficientNetB3_Project\data\brain_tumor_mri\Training\glioma_tumor\gg (167).jpg,gg (167).jpg,glioma_tumor,Training,0,2c06ed17b3a345270e5dbd8b583e32f03a791d819f266e523eb3205179da99d1
C:\Users\ransi\Documents\AA  SLIIT\Y2S1\IT2011 AIML\My First AI Project\EfficientNetB3_Project\data\brain_tumor_mri\Training\glioma_tumor\gg (794).jpg,gg (794).jpg,glioma_tumor,Training,0,cf90b0bf60072335ccd09ca4010f5f5e5eca70001b864c36af2cf6723e0bfc5b
C:\Users\ransi\Documents\AA  SLIIT\Y2S1\IT2011 AIML\My First AI Project\EfficientNetB3_Project\data\brain_tumor_mri\Training\glioma_tumor\gg (758).jpg,gg (758).jpg,glioma_tumor,Training,0,f043956c96fa9c1ea23a56bbed4d60a21844125384dd2c3605d6946b09c2b77b
C:\Users\ransi\Documents\AA  SLIIT\Y2S1\IT2011 AIML\My First AI Project\EfficientNetB3_Project\data\brain_tumor_mri\Training\pituitary_tumor\p (271).jpg,p (271).jpg,pituitary_tumor,Training,3,0f1cb299ff1c665492699839b5bc951b24819e229d6a4d0cff8557f2e09343b3
C:\Users\ransi\Documents\AA  SLIIT\Y2S1\IT2011 AIML\My First AI Project\EfficientNetB3_Project\data\brain_tumor_mri\Training\glioma_tumor\gg (690).jpg,gg (690).jpg,glioma_tumor,Training,0,ad9fd7da98d32438c3310c0cd32ef14f98edc4ea46035ca16a6d891d9bb80db9
C:\Users\ransi\Documents\AA  SLIIT\Y2S1\IT2011 AIML\My First AI Project\EfficientNetB3_Project\data\brain_tumor_mri\Training\glioma_tumor\gg (320).jpg,gg (320).jpg,glioma_tumor,Training,0,5c6227da4a215de8e9e292d38bef18ea26feef4ee9d168aa9221c7d5c69563ae
C:\Users\ransi\Documents\AA  SLIIT\Y2S1\IT2011 AIML\My First AI Project\EfficientNetB3_Project\data\brain_tumor_mri\Training\glioma_tumor\gg (353).jpg,gg (353).jpg,glioma_tumor,Training,0,cb8a8b299bd8275c058f4f3bb51de5f9b0bcd5f8844714d04819c5f8c670542a
C:\Users\ransi\Documents\AA  SLIIT\Y2S1\IT2011 AIML\My First AI Project\EfficientNetB3_Project\data\brain_tumor_mri\Training\pituitary_tumor\p (120).jpg,p (120).jpg,pituitary_tumor,Training,3,117736bc920454d1ae4e779216c15bd0c36b0723e23d091ab10ddc463513467f
C:\Users\ransi\Documents\AA  SLIIT\Y2S1\IT2011 AIML\My First AI Project\EfficientNetB3_Project\data\brain_tumor_mri\Training\meningioma_tumor\m3 (88).jpg,m3 (88).jpg,meningioma_tumor,Training,1,537c5f0119b516c3a6ed7ffe1b6c8a187c7b8eaebbc3bc5d4734c652bf87b8c6
C:\Users\ransi\Documents\AA  SLIIT\Y2S1\IT2011 AIML\My First AI Project\EfficientNetB3_Project\data\brain_tumor_mri\Training\meningioma_tumor\m1(95).jpg,m1(95).jpg,meningioma_tumor,Training,1,a47bcad5ac91f50b2fb3590b03fd0e575cc10f3a0c06c1d35a61f397b6efaf39
C:\Users\ransi\Documents\AA  SLIIT\Y2S1\IT2011 AIML\My First AI Project\EfficientNetB3_Project\data\brain_tumor_mri\Training\meningioma_tumor\m3 (206).jpg,m3 (206).jpg,meningioma_tumor,Training,1,78272d36f7b4a18a9e078ab389797a2f9efa19148e2f6574254ae86cc1558ce3
C:\Users\ransi\Documents\AA  SLIIT\Y2S1\IT2011 AIML\My First AI Project\EfficientNetB3_Project\data\brain_tumor_mri\Training\pituitary_tumor\p (381).jpg,p (381).jpg,pituitary_tumor,Training,3,36a29c054877743cdee0765607760598569bc949ad90ecdc90b4969e3212a987
C:\Users\ransi\Documents\AA  SLIIT\Y2S1\IT2011 AIML\My First AI Project\EfficientNetB3_Project\data\brain_tumor_mri\Testing\meningioma_tumor\image(102).jpg,image(102).jpg,meningioma_tumor,Testing,1,bbc7b2a45a317370ec1115cf902927adfcb71d569c1cf413fc4d1fd68fcdb763
C:\Users\ransi\Documents\AA  SLIIT\Y2S1\IT2011 AIML\My First AI Project\EfficientNetB3_Project\data\brain_tumor_mri\Training\glioma_tumor\gg (599).jpg,gg (599).jpg,glioma_tumor,Training,0,22793bee5cb8cfa56180d1e8e1fa96fec3492d4745b1c0481df46c8c02bbe33c
C:\Users\ransi\Documents\AA  SLIIT\Y2S1\IT2011 AIML\My First AI Project\EfficientNetB3_Project\data\brain_tumor_mri\Training\pituitary_tumor\p (677).jpg,p (677).jpg,pituitary_tumor,Training,3,ad64545a79954601bd908e93479e11be763c454bba61d87b7bb11ca0d66a2b9e
C:\Users\ransi\Documents\AA  SLIIT\Y2S1\IT2011 AIML\My First AI Project\EfficientNetB3_Project\data\brain_tumor_mri\Training\glioma_tumor\gg (454).jpg,gg (454).jpg,glioma_tumor,Training,0,b50b513278eb57ae8139eb5824c7c115351948e825ad8779036ee16cc919dfd5
C:\Users\ransi\Documents\AA  SLIIT\Y2S1\IT2011 AIML\My First AI Project\EfficientNetB3_Project\data\brain_tumor_mri\Training\pituitary_tumor\p (651).jpg,p (651).jpg,pituitary_tumor,Training,3,1336473438403b16e8acbabc0843178ce1e74a6efb2329e3210461c9bd4d14e4
C:\Users\ransi\Documents\AA  SLIIT\Y2S1\IT2011 AIML\My First AI Project\EfficientNetB3_Project\data\brain_tumor_mri\Training\pituitary_tumor\p (817).jpg,p (817).jpg,pituitary_tumor,Training,3,fb928dfc865d890ccabdc6bc68fcdefb2aff3313e8a4250ccd7b782f81d49cf5
C:\Users\ransi\Documents\AA  SLIIT\Y2S1\IT2011 AIML\My First AI Project\EfficientNetB3_Project\data\brain_tumor_mri\Training\pituitary_tumor\p (336).jpg,p (336).jpg,pituitary_tumor,Training,3,8cc006891641c908e4aec0c2a10f2d84a59a90b843c0ebf23a27a2258a0c84da
C:\Users\ransi\Documents\AA  SLIIT\Y2S1\IT2011 AIML\My First AI Project\EfficientNetB3_Project\data\brain_tumor_mri\Training\glioma_tumor\gg (641).jpg,gg (641).jpg,glioma_tumor,Training,0,328489dd932b3466be21ef4db70071954fbbe99ca52a0d98dc3b9bb954e4356d
C:\Users\ransi\Documents\AA  SLIIT\Y2S1\IT2011 AIML\My First AI Project\EfficientNetB3_Project\data\brain_tumor_mri\Training\glioma_tumor\gg (18).jpg,gg (18).jpg,glioma_tumor,Training,0,82ea98def175e4020557439810a1767b98bd4a0c908576a508de90e8a1ed563d
C:\Users\ransi\Documents\AA  SLIIT\Y2S1\IT2011 AIML\My First AI Project\EfficientNetB3_Project\data\brain_tumor_mri\Testing\no_tumor\image(69).jpg,image(69).jpg,no_tumor,Testing,2,4f3c00ef520660295576c472a0cafc9f1bb400d736b352b736966af08bf09235
C:\Users\ransi\Documents\AA  SLIIT\Y2S1\IT2011 AIML\My First AI Project\EfficientNetB3_Project\data\brain_tumor_mri\Training\pituitary_tumor\p (3).jpg,p (3).jpg,pituitary_tumor,Training,3,ae66ce1452794fc155029d727f963f52420072b22335b5543a28073770c07a57
C:\Users\ransi\Documents\AA  SLIIT\Y2S1\IT2011 AIML\My First AI Project\EfficientNetB3_Project\data\brain_tumor_mri\Training\glioma_tumor\gg (247).jpg,gg (247).jpg,glioma_tumor,Training,0,ceaad98c7b3377daefc072be7105fb6f981441994b1a1249d5d40d0d1338ff2e
C:\Users\ransi\Documents\AA  SLIIT\Y2S1\IT2011 AIML\My First AI Project\EfficientNetB3_Project\data\brain_tumor_mri\Training\meningioma_tumor\m1(142).jpg,m1(142).jpg,meningioma_tumor,Training,1,c4eae93e7fb065a8f96e0c916bced76f23e218331d5c540451200114f1dc4084
C:\Users\ransi\Documents\AA  SLIIT\Y2S1\IT2011 AIML\My First AI Project\EfficientNetB3_Project\data\brain_tumor_mri\Training\no_tumor\image (27).jpg,image (27).jpg,no_tumor,Training,2,84b2155377f2b5ec87d3988642b885d5b6249e7907486184ac311e15a8a599a9
C:\Users\ransi\Documents\AA  SLIIT\Y2S1\IT2011 AIML\My First AI Project\EfficientNetB3_Project\data\brain_tumor_mri\Training\glioma_tumor\gg (279).jpg,gg (279).jpg,glioma_tumor,Training,0,c5f9449c6e48a0aadc1e657a55e50be8b2ca9289bc434abbabd59f3576515721
C:\Users\ransi\Documents\AA  SLIIT\Y2S1\IT2011 AIML\My First AI Project\EfficientNetB3_Project\data\brain_tumor_mri\Training\no_tumor\image(3).jpg,image(3).jpg,no_tumor,Training,2,1fe1db4adc37442001e9e054e3a990efa31b7db7cdb0a3d2711afbf346f9094b
C:\Users\ransi\Documents\AA  SLIIT\Y2S1\IT2011 AIML\My First AI Project\EfficientNetB3_Project\data\brain_tumor_mri\Training\no_tumor\image(124).jpg,image(124).jpg,no_tumor,Training,2,a72083a8e41c3de74b09b3af545e37cdca6c056a78fadb558da48eba1fe8af77
C:\Users\ransi\Documents\AA  SLIIT\Y2S1\IT2011 AIML\My First AI Project\EfficientNetB3_Project\data\brain_tumor_mri\Training\glioma_tumor\gg (357).jpg,gg (357).jpg,glioma_tumor,Training,0,09907470cc0c3cc2cc828d5e9ab627c8bd7b02881ece8ad4519fa82227b8baa3
C:\Users\ransi\Documents\AA  SLIIT\Y2S1\IT2011 AIML\My First AI Project\EfficientNetB3_Project\data\brain_tumor_mri\Training\pituitary_tumor\p (422).jpg,p (422).jpg,pituitary_tumor,Training,3,270e1278a573a6a559075a6a01d412d00f72ad831c457138db6dad38aacf870b
C:\Users\ransi\Documents\AA  SLIIT\Y2S1\IT2011 AIML\My First AI Project\EfficientNetB3_Project\data\brain_tumor_mri\Training\pituitary_tumor\p (756).jpg,p (756).jpg,pituitary_tumor,Training,3,eda90d9108bb00a0c4344d96acf7f90ba0f60bd98db3362834a5257d13ece4f6
C:\Users\ransi\Documents\AA  SLIIT\Y2S1\IT2011 AIML\My First AI Project\EfficientNetB3_Project\data\brain_tumor_mri\Training\pituitary_tumor\p (490).jpg,p (490).jpg,pituitary_tumor,Training,3,eaea1fd087d0fa735ee3dd676adffc6577fb15427445c7ac53bd3f8dc8eca04d
C:\Users\ransi\Documents\AA  SLIIT\Y2S1\IT2011 AIML\My First AI Project\EfficientNetB3_Project\data\brain_tumor_mri\Training\meningioma_tumor\m (90).jpg,m (90).jpg,meningioma_tumor,Training,1,56c15ecccd01ef1b028ee16f2ad81f66b7a300072266cb60c8d4ea2af4bb42c2
C:\Users\ransi\Documents\AA  SLIIT\Y2S1\IT2011 AIML\My First AI Project\EfficientNetB3_Project\data\brain_tumor_mri\Training\no_tumor\image(132).jpg,image(132).jpg,no_tumor,Training,2,5c7f84410c09db7c2ad867d7da9ce7231be7c97e347b17aa1a76a06a9c3b3de4
C:\Users\ransi\Documents\AA  SLIIT\Y2S1\IT2011 AIML\My First AI Project\EfficientNetB3_Project\data\brain_tumor_mri\Testing\meningioma_tumor\image(8).jpg,image(8).jpg,meningioma_tumor,Testing,1,52f5ab2cd9062f8345c03115db0773650ebae255d3f2c8561a9f2336cabbb5a8
C:\Users\ransi\Documents\AA  SLIIT\Y2S1\IT2011 AIML\My First AI Project\EfficientNetB3_Project\data\brain_tumor_mri\Testing\pituitary_tumor\image(47).jpg,image(47).jpg,pituitary_tumor,Testing,3,14a873e8998c4a88896fd7be1155eeaf656b88209c8e9fcf7db731de3478484c
C:\Users\ransi\Documents\AA  SLIIT\Y2S1\IT2011 AIML\My First AI Project\EfficientNetB3_Project\data\brain_tumor_mri\Training\glioma_tumor\gg (178).jpg,gg (178).jpg,glioma_tumor,Training,0,2e039d4af04ab3baa2c0aabd13cb0b33647461fb61e78a28d8da69de3be5f801
C:\Users\ransi\Documents\AA  SLIIT\Y2S1\IT2011 AIML\My First AI Project\EfficientNetB3_Project\data\brain_tumor_mri\Training\pituitary_tumor\p (770).jpg,p (770).jpg,pituitary_tumor,Training,3,f60ed46213fcd857140781cb2b82c4074e70b1c4ba336f3ed529fa52ad4dbe0d
C:\Users\ransi\Documents\AA  SLIIT\Y2S1\IT2011 AIML\My First AI Project\EfficientNetB3_Project\data\brain_tumor_mri\Training\no_tumor\image(319).jpg,image(319).jpg,no_tumor,Training,2,e3b10e3d4c19e968114817f0cfe382103c689762a89d773de02e1fde8e133d69
C:\Users\ransi\Documents\AA  SLIIT\Y2S1\IT2011 AIML\My First AI Project\EfficientNetB3_Project\data\brain_tumor_mri\Training\meningioma_tumor\m3 (218).jpg,m3 (218).jpg,meningioma_tumor,Training,1,f4b4799ce18b64c1d2614b53774f6025b6428bf469d3414bcb6c6e97a997f8db
C:\Users\ransi\Documents\AA  SLIIT\Y2S1\IT2011 AIML\My First AI Project\EfficientNetB3_Project\data\brain_tumor_mri\Training\glioma_tumor\gg (414).jpg,gg (414).jpg,glioma_tumor,Training,0,f4250f5699461869cde2adf70edd5fe2700a557acede2457e2e6056f3a98c91e
C:\Users\ransi\Documents\AA  SLIIT\Y2S1\IT2011 AIML\My First AI Project\EfficientNetB3_Project\data\brain_tumor_mri\Training\meningioma_tumor\m2 (156).jpg,m2 (156).jpg,meningioma_tumor,Training,1,a21ff77f35b0dc253b49a4663d76e42402f1003e541840eddc4c4fad0fc1b0eb
C:\Users\ransi\Documents\AA  SLIIT\Y2S1\IT2011 AIML\My First AI Project\EfficientNetB3_Project\data\brain_tumor_mri\Training\glioma_tumor\gg (714).jpg,gg (714).jpg,glioma_tumor,Training,0,6bcea9d04e7d40cd00b1102d3196666e351abb772e4a49ad15c2efe9af0a0102
C:\Users\ransi\Documents\AA  SLIIT\Y2S1\IT2011 AIML\My First AI Project\EfficientNetB3_Project\data\brain_tumor_mri\Training\meningioma_tumor\m1(188).jpg,m1(188).jpg,meningioma_tumor,Training,1,5186f1029b7a4afa09dd8160cc196617d6950e8230e164e73598263736be95b2
C:\Users\ransi\Documents\AA  SLIIT\Y2S1\IT2011 AIML\My First AI Project\EfficientNetB3_Project\data\brain_tumor_mri\Training\pituitary_tumor\p (444).jpg,p (444).jpg,pituitary_tumor,Training,3,47fcf8eb90047e9908b0bc23fecb2e71c2c9360cafa22bc7bd08745555998b2b
C:\Users\ransi\Documents\AA  SLIIT\Y2S1\IT2011 AIML\My First AI Project\EfficientNetB3_Project\data\brain_tumor_mri\Training\glioma_tumor\gg (236).jpg,gg (236).jpg,glioma_tumor,Training,0,56f447222a3fe8d995cef50b5a7f6785a9d7395fa9dc3ed6fb707fccd50bc575
C:\Users\ransi\Documents\AA  SLIIT\Y2S1\IT2011 AIML\My First AI Project\EfficientNetB3_Project\data\brain_tumor_mri\Training\pituitary_tumor\p (615).jpg,p (615).jpg,pituitary_tumor,Training,3,c2eb40de407cccb68b425748f0fabae16ecd3745ff2f53b5f4b2367756b3fb49
C:\Users\ransi\Documents\AA  SLIIT\Y2S1\IT2011 AIML\My First AI Project\EfficientNetB3_Project\data\brain_tumor_mri\Training\no_tumor\image(34).jpg,image(34).jpg,no_tumor,Training,2,e34e448b7509d16d43c6a6505995cdbb7bf6b2ad29ee09a37ec740c8494f74e3
C:\Users\ransi\Documents\AA  SLIIT\Y2S1\IT2011 AIML\My First AI Project\EfficientNetB3_Project\data\brain_tumor_mri\Training\glioma_tumor\gg (462).jpg,gg (462).jpg,glioma_tumor,Training,0,53557c9537a3506f24434ae9f480c7d8b0fcbcdf23b676fa9f2e190095ec1056
C:\Users\ransi\Documents\AA  SLIIT\Y2S1\IT2011 AIML\My First AI Project\EfficientNetB3_Project\data\brain_tumor_mri\Training\glioma_tumor\gg (686).jpg,gg (686).jpg,glioma_tumor,Training,0,9a42f1fc2bf5e68846f3408337d8e2d0b9503c3e74eeeed17d348b794d8a27b5
C:\Users\ransi\Documents\AA  SLIIT\Y2S1\IT2011 AIML\My First AI Project\EfficientNetB3_Project\data\brain_tumor_mri\Training\no_tumor\image(225).jpg,image(225).jpg,no_tumor,Training,2,75fc5ddbe818ca8cb36cdf4aea83dba0f038a49c761e356c1e968c4ecd17774e
C:\Users\ransi\Documents\AA  SLIIT\Y2S1\IT2011 AIML\My First AI Project\EfficientNetB3_Project\data\brain_tumor_mri\Training\pituitary_tumor\p (77).jpg,p (77).jpg,pituitary_tumor,Training,3,a85299682d201c279642624cbd064fb1962c15c3acc252ba9c5bda078b7ffad2
C:\Users\ransi\Documents\AA  SLIIT\Y2S1\IT2011 AIML\My First AI Project\EfficientNetB3_Project\data\brain_tumor_mri\Training\pituitary_tumor\p (792).jpg,p (792).jpg,pituitary_tumor,Training,3,53b899408d8068fd71e574ff4b61b547572668c74f53f888c042983148f5b5d6
C:\Users\ransi\Documents\AA  SLIIT\Y2S1\IT2011 AIML\My First AI Project\EfficientNetB3_Project\data\brain_tumor_mri\Training\meningioma_tumor\m1(201).jpg,m1(201).jpg,meningioma_tumor,Training,1,f3fec5bf88028bff924a9866b3efc5711b6a4f4f1bce52692ddef89db1d2996b
C:\Users\ransi\Documents\AA  SLIIT\Y2S1\IT2011 AIML\My First AI Project\EfficientNetB3_Project\data\brain_tumor_mri\Training\glioma_tumor\gg (390).jpg,gg (390).jpg,glioma_tumor,Training,0,37517232ef23a320fd50c5765f840d118fb5f1d2c02282cf0ff638b08d1c0273
C:\Users\ransi\Documents\AA  SLIIT\Y2S1\IT2011 AIML\My First AI Project\EfficientNetB3_Project\data\brain_tumor_mri\Training\glioma_tumor\gg (560).jpg,gg (560).jpg,glioma_tumor,Training,0,abdc667b80ded0a6ebdfb277b962cc0438e0e63eb612cefa435dc0852ee069d7
C:\Users\ransi\Documents\AA  SLIIT\Y2S1\IT2011 AIML\My First AI Project\EfficientNetB3_Project\data\brain_tumor_mri\Testing\glioma_tumor\image(99).jpg,image(99).jpg,glioma_tumor,Testing,0,75a94d8802948910edc24b520257853ad379e8be91af1393bd6b5092b23e05b1
C:\Users\ransi\Documents\AA  SLIIT\Y2S1\IT2011 AIML\My First AI Project\EfficientNetB3_Project\data\brain_tumor_mri\Training\glioma_tumor\gg (596).jpg,gg (596).jpg,glioma_tumor,Training,0,897cfd157984160cef5735daa9a0446f4dd8761123ee0c3818c909cba1073e75
C:\Users\ransi\Documents\AA  SLIIT\Y2S1\IT2011 AIML\My First AI Project\EfficientNetB3_Project\data\brain_tumor_mri\Training\glioma_tumor\gg (186).jpg,gg (186).jpg,glioma_tumor,Training,0,9be52b3e96d30760bd4e1d211490392d20b582a5eb5bc2f820131358e8d71732
C:\Users\ransi\Documents\AA  SLIIT\Y2S1\IT2011 AIML\My First AI Project\EfficientNetB3_Project\data\brain_tumor_mri\Training\pituitary_tumor\p (119).jpg,p (119).jpg,pituitary_tumor,Training,3,619c95d49f80460a2723aca7b699d93583746b71cbf38cc878d85bf07bfac9e0
C:\Users\ransi\Documents\AA  SLIIT\Y2S1\IT2011 AIML\My First AI Project\EfficientNetB3_Project\data\brain_tumor_mri\Training\pituitary_tumor\p (501).jpg,p (501).jpg,pituitary_tumor,Training,3,39783400c275dac344db2bf56cb38f44dbbcf8e1d55978bb9a02924f56e508cf
C:\Users\ransi\Documents\AA  SLIIT\Y2S1\IT2011 AIML\My First AI Project\EfficientNetB3_Project\data\brain_tumor_mri\Training\pituitary_tumor\p (414).jpg,p (414).jpg,pituitary_tumor,Training,3,6c50addf215f8070698ffdbdba3776c630bfff719b0e7e3c3a445e1a5e59de2d
C:\Users\ransi\Documents\AA  SLIIT\Y2S1\IT2011 AIML\My First AI Project\EfficientNetB3_Project\data\brain_tumor_mri\Training\pituitary_tumor\p (783).jpg,p (783).jpg,pituitary_tumor,Training,3,669c9deff6239c893d4aa6b2582029c843509648fd3ab8f1ff81626bb87da901
C:\Users\ransi\Documents\AA  SLIIT\Y2S1\IT2011 AIML\My First AI Project\EfficientNetB3_Project\data\brain_tumor_mri\Training\pituitary_tumor\p (136).jpg,p (136).jpg,pituitary_tumor,Training,3,5b434c06140079af48509d2a3c63f006684109bdda03090f84c57ed334c3c5cd
C:\Users\ransi\Documents\AA  SLIIT\Y2S1\IT2011 AIML\My First AI Project\EfficientNetB3_Project\data\brain_tumor_mri\Training\glioma_tumor\gg (781).jpg,gg (781).jpg,glioma_tumor,Training,0,7dc2255941d23f504ec38582ebd59f1696246859e9782066abe3badec10cad0f
C:\Users\ransi\Documents\AA  SLIIT\Y2S1\IT2011 AIML\My First AI Project\EfficientNetB3_Project\data\brain_tumor_mri\Training\no_tumor\image(85).jpg,image(85).jpg,no_tumor,Training,2,0e94bed6ab99b6868c666ddefd0b4af8ac7a4ca0f7d70913eab82ef3c51911e0
C:\Users\ransi\Documents\AA  SLIIT\Y2S1\IT2011 AIML\My First AI Project\EfficientNetB3_Project\data\brain_tumor_mri\Testing\no_tumor\image(32).jpg,image(32).jpg,no_tumor,Testing,2,76a70a3f68103e335f080a323d763fbda5febc37e4714c2f9b54499795f13fa3
C:\Users\ransi\Documents\AA  SLIIT\Y2S1\IT2011 AIML\My First AI Project\EfficientNetB3_Project\data\brain_tumor_mri\Training\meningioma_tumor\m2 (68).jpg,m2 (68).jpg,meningioma_tumor,Training,1,142058ff7c9b643eb1cee4f012de981db0883f44308e5863b9821975d96529cf
C:\Users\ransi\Documents\AA  SLIIT\Y2S1\IT2011 AIML\My First AI Project\EfficientNetB3_Project\data\brain_tumor_mri\Training\pituitary_tumor\p (278).jpg,p (278).jpg,pituitary_tumor,Training,3,009bb0f6f6174828718de2b4566718aabaf61e819e5676b175b04477d9cee02a
C:\Users\ransi\Documents\AA  SLIIT\Y2S1\IT2011 AIML\My First AI Project\EfficientNetB3_Project\data\brain_tumor_mri\Training\pituitary_tumor\p (746).jpg,p (746).jpg,pituitary_tumor,Training,3,63cf4a70dbad6c02b2c70d260aa7adc7196eac66490fe5debab01b023711559d
C:\Users\ransi\Documents\AA  SLIIT\Y2S1\IT2011 AIML\My First AI Project\EfficientNetB3_Project\data\brain_tumor_mri\Training\meningioma_tumor\m3 (128).jpg,m3 (128).jpg,meningioma_tumor,Training,1,368680826f15c1f4c48efa9c141ab0af7221673898b46fd44690693dfc9e5ffb
C:\Users\ransi\Documents\AA  SLIIT\Y2S1\IT2011 AIML\My First AI Project\EfficientNetB3_Project\data\brain_tumor_mri\Training\meningioma_tumor\m (85).jpg,m (85).jpg,meningioma_tumor,Training,1,92ec70d0238cc0615ce2ba79fce534c44022e5f1ecc5ea5708628b25e0a22fab
C:\Users\ransi\Documents\AA  SLIIT\Y2S1\IT2011 AIML\My First AI Project\EfficientNetB3_Project\data\brain_tumor_mri\Training\glioma_tumor\gg (636).jpg,gg (636).jpg,glioma_tumor,Training,0,fc598cf1ca7b616965b2458a54a7ea246017437d1f21488b6379f57a66d898ee
C:\Users\ransi\Documents\AA  SLIIT\Y2S1\IT2011 AIML\My First AI Project\EfficientNetB3_Project\data\brain_tumor_mri\Training\meningioma_tumor\m (120).jpg,m (120).jpg,meningioma_tumor,Training,1,80c7bc3cb769d96b6974160f1fff584b1dbf696f0f23e8e6ed57345f1b527719
C:\Users\ransi\Documents\AA  SLIIT\Y2S1\IT2011 AIML\My First AI Project\EfficientNetB3_Project\data\brain_tumor_mri\Training\glioma_tumor\gg (594).jpg,gg (594).jpg,glioma_tumor,Training,0,aae766a5e48076bf4b105253d70d0a1507dfc4123e47d04c256e97818e480dd4
C:\Users\ransi\Documents\AA  SLIIT\Y2S1\IT2011 AIML\My First AI Project\EfficientNetB3_Project\data\brain_tumor_mri\Training\meningioma_tumor\m3 (16).jpg,m3 (16).jpg,meningioma_tumor,Training,1,efb15edf54e6376ffcf52d48d2c18fd1ff307371c995e6d685edeb48af9e71f3
C:\Users\ransi\Documents\AA  SLIIT\Y2S1\IT2011 AIML\My First AI Project\EfficientNetB3_Project\data\brain_tumor_mri\Training\no_tumor\image(273).jpg,image(273).jpg,no_tumor,Training,2,a3aeeb190902985d3583c8b9751cce3a4bc224ed01ed8797dddf920b3035f48f
C:\Users\ransi\Documents\AA  SLIIT\Y2S1\IT2011 AIML\My First AI Project\EfficientNetB3_Project\data\brain_tumor_mri\Training\glioma_tumor\gg (281).jpg,gg (281).jpg,glioma_tumor,Training,0,17df9d33c2b276fd2ff5bb2713e965b58511fb1cc33c5785c1222ac7f1a335d1
C:\Users\ransi\Documents\AA  SLIIT\Y2S1\IT2011 AIML\My First AI Project\EfficientNetB3_Project\data\brain_tumor_mri\Testing\glioma_tumor\image(6).jpg,image(6).jpg,glioma_tumor,Testing,0,9c20281ccdd53888d2ebcecc9c71521ed2431500eb4448e1b63465c050a0e59f
C:\Users\ransi\Documents\AA  SLIIT\Y2S1\IT2011 AIML\My First AI Project\EfficientNetB3_Project\data\brain_tumor_mri\Training\glioma_tumor\gg (156).jpg,gg (156).jpg,glioma_tumor,Training,0,4cfa186c4cfc9ec849e228668597fb581331f6d6bd9dd85271bc2e446ee13cfd
C:\Users\ransi\Documents\AA  SLIIT\Y2S1\IT2011 AIML\My First AI Project\EfficientNetB3_Project\data\brain_tumor_mri\Training\meningioma_tumor\m2 (99).jpg,m2 (99).jpg,meningioma_tumor,Training,1,a92efec4ee9d9dba2affa8be203559f7e39c8013fd8655d2376a54c16d21151a
C:\Users\ransi\Documents\AA  SLIIT\Y2S1\IT2011 AIML\My First AI Project\EfficientNetB3_Project\data\brain_tumor_mri\Training\no_tumor\image(252).jpg,image(252).jpg,no_tumor,Training,2,ca5a51914cad005d72af57fa6c9142fc9d650ca06ba23f3e839991c3fa4c8b36
C:\Users\ransi\Documents\AA  SLIIT\Y2S1\IT2011 AIML\My First AI Project\EfficientNetB3_Project\data\brain_tumor_mri\Training\glioma_tumor\gg (154).jpg,gg (154).jpg,glioma_tumor,Training,0,5a652c7025f05abb33de4ad1c1602a222f4d6ab0634729a83d65a0c97af06f1b
C:\Users\ransi\Documents\AA  SLIIT\Y2S1\IT2011 AIML\My First AI Project\EfficientNetB3_Project\data\brain_tumor_mri\Training\meningioma_tumor\m1(80).jpg,m1(80).jpg,meningioma_tumor,Training,1,ffde8c9d95515daa525cce3d7076fb9394b986feaeebe13dbef961194b276eab
C:\Users\ransi\Documents\AA  SLIIT\Y2S1\IT2011 AIML\My First AI Project\EfficientNetB3_Project\data\brain_tumor_mri\Training\meningioma_tumor\m1(55).jpg,m1(55).jpg,meningioma_tumor,Training,1,35e6c8e8a6a1e6b6d8691175c8ec091f759045fd73bbb9543a4fe29fe1794c1a
C:\Users\ransi\Documents\AA  SLIIT\Y2S1\IT2011 AIML\My First AI Project\EfficientNetB3_Project\data\brain_tumor_mri\Training\pituitary_tumor\p (538).jpg,p (538).jpg,pituitary_tumor,Training,3,b33e1f05e32d9bbe0bcd712b44ffbbe2971182c89887612ddc866a18c093b83f
C:\Users\ransi\Documents\AA  SLIIT\Y2S1\IT2011 AIML\My First AI Project\EfficientNetB3_Project\data\brain_tumor_mri\Training\pituitary_tumor\p (591).jpg,p (591).jpg,pituitary_tumor,Training,3,6d4f59f661247bdd290f3432a628db82fac30fc1afbabb3d801bac4146055ef7
C:\Users\ransi\Documents\AA  SLIIT\Y2S1\IT2011 AIML\My First AI Project\EfficientNetB3_Project\data\brain_tumor_mri\Training\glioma_tumor\gg (128).jpg,gg (128).jpg,glioma_tumor,Training,0,8a21f227d497d10392a0048cda850a94118dd546c9ab3ec2168cd7a6a4760a71
C:\Users\ransi\Documents\AA  SLIIT\Y2S1\IT2011 AIML\My First AI Project\EfficientNetB3_Project\data\brain_tumor_mri\Training\meningioma_tumor\m (87).jpg,m (87).jpg,meningioma_tumor,Training,1,d06b09c04650f0074f8cd5371622dc27ed76824286e8ebd37b73fc04aab74673
C:\Users\ransi\Documents\AA  SLIIT\Y2S1\IT2011 AIML\My First AI Project\EfficientNetB3_Project\data\brain_tumor_mri\Training\pituitary_tumor\p (242).jpg,p (242).jpg,pituitary_tumor,Training,3,6c374ab41105e5927d08e15103c8c27416f8e7d03c15c03d104ace5b310bd0ed
C:\Users\ransi\Documents\AA  SLIIT\Y2S1\IT2011 AIML\My First AI Project\EfficientNetB3_Project\data\brain_tumor_mri\Training\pituitary_tumor\p (445).jpg,p (445).jpg,pituitary_tumor,Training,3,382e731c8bd40e71fe2753b9b8e23edc51315ee859be93ffea0b5fd2fd1ef037
C:\Users\ransi\Documents\AA  SLIIT\Y2S1\IT2011 AIML\My First AI Project\EfficientNetB3_Project\data\brain_tumor_mri\Training\glioma_tumor\gg (740).jpg,gg (740).jpg,glioma_tumor,Training,0,ab20f2d55b645d2e207356a7d60474142dde7002ce4497d1de09fcd8bef90e39
C:\Users\ransi\Documents\AA  SLIIT\Y2S1\IT2011 AIML\My First AI Project\EfficientNetB3_Project\data\brain_tumor_mri\Training\glioma_tumor\gg (506).jpg,gg (506).jpg,glioma_tumor,Training,0,263564caebb70dd18f5efa954cc8f20536f25caebcbbdc2f3e3d78f790988217
C:\Users\ransi\Documents\AA  SLIIT\Y2S1\IT2011 AIML\My First AI Project\EfficientNetB3_Project\data\brain_tumor_mri\Training\meningioma_tumor\m3 (222).jpg,m3 (222).jpg,meningioma_tumor,Training,1,4bb5593dc1a0d3b97b7cca1d4bf2cc0e3ae4f520bc77d92bae9972f825a9e921
C:\Users\ransi\Documents\AA  SLIIT\Y2S1\IT2011 AIML\My First AI Project\EfficientNetB3_Project\data\brain_tumor_mri\Training\meningioma_tumor\m3 (54).jpg,m3 (54).jpg,meningioma_tumor,Training,1,f0321a6700ed7a9e6595a2d235465a312f4de5bbac07b2d0b13b6d2721bd403c
C:\Users\ransi\Documents\AA  SLIIT\Y2S1\IT2011 AIML\My First AI Project\EfficientNetB3_Project\data\brain_tumor_mri\Training\pituitary_tumor\p (53).jpg,p (53).jpg,pituitary_tumor,Training,3,c9ff6c4dca1b3894225d3b343e6cd954457e20cf1d92e507a3b1f217488a0bab
C:\Users\ransi\Documents\AA  SLIIT\Y2S1\IT2011 AIML\My First AI Project\EfficientNetB3_Project\data\brain_tumor_mri\Training\pituitary_tumor\p (298).jpg,p (298).jpg,pituitary_tumor,Training,3,cc622752849a3bac19daa1e3a9bfe657aa51e1aa136c7dfc752e8c35d22ceecf
C:\Users\ransi\Documents\AA  SLIIT\Y2S1\IT2011 AIML\My First AI Project\EfficientNetB3_Project\data\brain_tumor_mri\Training\pituitary_tumor\p (804).jpg,p (804).jpg,pituitary_tumor,Training,3,605451ef8728da6eb9f33745b1362d9d855f6937aab1e922d0a9b59e4e0b0b2f
C:\Users\ransi\Documents\AA  SLIIT\Y2S1\IT2011 AIML\My First AI Project\EfficientNetB3_Project\data\brain_tumor_mri\Testing\glioma_tumor\image(10).jpg,image(10).jpg,glioma_tumor,Testing,0,3762d2449d141b9e5668215c4ee685d132b021faefa59e6510ed5b21d152086b
C:\Users\ransi\Documents\AA  SLIIT\Y2S1\IT2011 AIML\My First AI Project\EfficientNetB3_Project\data\brain_tumor_mri\Testing\meningioma_tumor\image(120).jpg,image(120).jpg,meningioma_tumor,Testing,1,41bc0c7b4079d2fa8df7b97827a1d9fae68706e6c6457f43186d583da94c6df2
C:\Users\ransi\Documents\AA  SLIIT\Y2S1\IT2011 AIML\My First AI Project\EfficientNetB3_Project\data\brain_tumor_mri\Training\meningioma_tumor\m2 (121).jpg,m2 (121).jpg,meningioma_tumor,Training,1,fccafde850490fe103983f0f1fdb9dd1c1a2b14af837c1c6b4380b59db277d8a
C:\Users\ransi\Documents\AA  SLIIT\Y2S1\IT2011 AIML\My First AI Project\EfficientNetB3_Project\data\brain_tumor_mri\Training\glioma_tumor\gg (368).jpg,gg (368).jpg,glioma_tumor,Training,0,680c8606812ed6d9926962a09f7e9f3f59aa8277cbee47e80d81726163e68a27
C:\Users\ransi\Documents\AA  SLIIT\Y2S1\IT2011 AIML\My First AI Project\EfficientNetB3_Project\data\brain_tumor_mri\Training\no_tumor\image(58).jpg,image(58).jpg,no_tumor,Training,2,ff1df5849a35548de3ed553bc8c927511045cce13c42a2159c62f546c52230c9
C:\Users\ransi\Documents\AA  SLIIT\Y2S1\IT2011 AIML\My First AI Project\EfficientNetB3_Project\data\brain_tumor_mri\Testing\pituitary_tumor\image(11).jpg,image(11).jpg,pituitary_tumor,Testing,3,0b0edf9ee562c538a57e4396fe4ac94b286572b7346c85c2e879a2cb03a29841
C:\Users\ransi\Documents\AA  SLIIT\Y2S1\IT2011 AIML\My First AI Project\EfficientNetB3_Project\data\brain_tumor_mri\Training\meningioma_tumor\m3 (238).jpg,m3 (238).jpg,meningioma_tumor,Training,1,a2a1b400dfb968099b0635d36cbf5ad9b434fd1116287829cda4871501d0fe2b
C:\Users\ransi\Documents\AA  SLIIT\Y2S1\IT2011 AIML\My First AI Project\EfficientNetB3_Project\data\brain_tumor_mri\Training\meningioma_tumor\m3 (55).jpg,m3 (55).jpg,meningioma_tumor,Training,1,ecef4c52a3ee939d7eedf352dba45225cbcb989d76a85fbe2e1d756fef5ab107
C:\Users\ransi\Documents\AA  SLIIT\Y2S1\IT2011 AIML\My First AI Project\EfficientNetB3_Project\data\brain_tumor_mri\Training\glioma_tumor\gg (494).jpg,gg (494).jpg,glioma_tumor,Training,0,d66aec03c18b8f9834bb36c14bfc50ff3a052b5bc4617720c6c5018d003f95c1
C:\Users\ransi\Documents\AA  SLIIT\Y2S1\IT2011 AIML\My First AI Project\EfficientNetB3_Project\data\brain_tumor_mri\Testing\meningioma_tumor\image(24).jpg,image(24).jpg,meningioma_tumor,Testing,1,86847c6a4729a4b19bf1b3f58905c68812c6f75ea680c0ccb1621b94e165d16f
C:\Users\ransi\Documents\AA  SLIIT\Y2S1\IT2011 AIML\My First AI Project\EfficientNetB3_Project\data\brain_tumor_mri\Training\meningioma_tumor\m1(125).jpg,m1(125).jpg,meningioma_tumor,Training,1,9c8572b3fb29d4a2467cdd2a8ef06efadb3430358234296b9e3e9fd6d8b31a0f
C:\Users\ransi\Documents\AA  SLIIT\Y2S1\IT2011 AIML\My First AI Project\EfficientNetB3_Project\data\brain_tumor_mri\Training\pituitary_tumor\p (231).jpg,p (231).jpg,pituitary_tumor,Training,3,010841515b9457161c3065e47b2b983ebf5883edb809e206b1d43a4c745ca8d6
C:\Users\ransi\Documents\AA  SLIIT\Y2S1\IT2011 AIML\My First AI Project\EfficientNetB3_Project\data\brain_tumor_mri\Training\pituitary_tumor\p (324).jpg,p (324).jpg,pituitary_tumor,Training,3,2fc97fcdbb74907e1f32a2ee95a97353a26c40076a53628a530f738f3292a1ee
C:\Users\ransi\Documents\AA  SLIIT\Y2S1\IT2011 AIML\My First AI Project\EfficientNetB3_Project\data\brain_tumor_mri\Training\meningioma_tumor\m2 (101).jpg,m2 (101).jpg,meningioma_tumor,Training,1,86c9a8bb0fcdb1bb09bed65acf42001fb7e1cada3b70dd2fe1403e0d7c744615
C:\Users\ransi\Documents\AA  SLIIT\Y2S1\IT2011 AIML\My First AI Project\EfficientNetB3_Project\data\brain_tumor_mri\Training\meningioma_tumor\m3 (77).jpg,m3 (77).jpg,meningioma_tumor,Training,1,3c1468d8eb2ecd984f69261de8445de72e7a448ec2d095ec5a0865bd49d77019
C:\Users\ransi\Documents\AA  SLIIT\Y2S1\IT2011 AIML\My First AI Project\EfficientNetB3_Project\data\brain_tumor_mri\Training\pituitary_tumor\p (779).jpg,p (779).jpg,pituitary_tumor,Training,3,4aab0d5e125c1aba01cff994911e87fabd5348087a300f3228eaba99114045fe
C:\Users\ransi\Documents\AA  SLIIT\Y2S1\IT2011 AIML\My First AI Project\EfficientNetB3_Project\data\brain_tumor_mri\Training\meningioma_tumor\m1(165).jpg,m1(165).jpg,meningioma_tumor,Training,1,51354c7bdca6dd0d7a03ed215d768df8ab0db7f7831226e3b90af30e5863bc8d
C:\Users\ransi\Documents\AA  SLIIT\Y2S1\IT2011 AIML\My First AI Project\EfficientNetB3_Project\data\brain_tumor_mri\Testing\glioma_tumor\image(46).jpg,image(46).jpg,glioma_tumor,Testing,0,c3e0dfa4276ce9ec6db117fa83397c51ba751c0031b7ee044b682e34b5a82100
C:\Users\ransi\Documents\AA  SLIIT\Y2S1\IT2011 AIML\My First AI Project\EfficientNetB3_Project\data\brain_tumor_mri\Training\glioma_tumor\gg (772).jpg,gg (772).jpg,glioma_tumor,Training,0,dcb8d6cb4496603b7d8757bef29fa39cf1d84a4e5d953b3135d19dbd788b7dff
C:\Users\ransi\Documents\AA  SLIIT\Y2S1\IT2011 AIML\My First AI Project\EfficientNetB3_Project\data\brain_tumor_mri\Training\meningioma_tumor\m (146).jpg,m (146).jpg,meningioma_tumor,Training,1,4fcae6ad8008df53438b4e06305d9619ada1b95f03ec1fffd193e9c67ccd236a
C:\Users\ransi\Documents\AA  SLIIT\Y2S1\IT2011 AIML\My First AI Project\EfficientNetB3_Project\data\brain_tumor_mri\Training\meningioma_tumor\m1(76).jpg,m1(76).jpg,meningioma_tumor,Training,1,43eb7e9a031777a058078a28b13ef57e9e56c784921ea9bc6e55ae321c8fc97d
C:\Users\ransi\Documents\AA  SLIIT\Y2S1\IT2011 AIML\My First AI Project\EfficientNetB3_Project\data\brain_tumor_mri\Training\meningioma_tumor\m (58).jpg,m (58).jpg,meningioma_tumor,Training,1,4c73319a40f1cc34736c2fbccd776fdd225cdadbf03084f23c3b8597e3efd75e
C:\Users\ransi\Documents\AA  SLIIT\Y2S1\IT2011 AIML\My First AI Project\EfficientNetB3_Project\data\brain_tumor_mri\Training\pituitary_tumor\p (660).jpg,p (660).jpg,pituitary_tumor,Training,3,3b43fd98ee693140dc5a59301ba0d52de9cbe93dfd0d663cdfd5c392cb64b93b
C:\Users\ransi\Documents\AA  SLIIT\Y2S1\IT2011 AIML\My First AI Project\EfficientNetB3_Project\data\brain_tumor_mri\Training\pituitary_tumor\p (603).jpg,p (603).jpg,pituitary_tumor,Training,3,fe8493e02fe3f88f19e3849671cdfd86a8143d6cc467c0a969070c77007b03b1
C:\Users\ransi\Documents\AA  SLIIT\Y2S1\IT2011 AIML\My First AI Project\EfficientNetB3_Project\data\brain_tumor_mri\Training\meningioma_tumor\m3 (176).jpg,m3 (176).jpg,meningioma_tumor,Training,1,7221b29abe0cf90059797a25fcb7496a9ce77cdcbe097ded4ee1d7f9b5b2c0f0
C:\Users\ransi\Documents\AA  SLIIT\Y2S1\IT2011 AIML\My First AI Project\EfficientNetB3_Project\data\brain_tumor_mri\Testing\glioma_tumor\image(70).jpg,image(70).jpg,glioma_tumor,Testing,0,8872585c004347ea73fad063e407998e62786cc8d7a0938ad85792f19a55eb0a
C:\Users\ransi\Documents\AA  SLIIT\Y2S1\IT2011 AIML\My First AI Project\EfficientNetB3_Project\data\brain_tumor_mri\Testing\glioma_tumor\image(64).jpg,image(64).jpg,glioma_tumor,Testing,0,c2bd43b2b8cdb63dc5b6d86fa972dbc4d8395278a5e7fac7f1c972f01921a206
C:\Users\ransi\Documents\AA  SLIIT\Y2S1\IT2011 AIML\My First AI Project\EfficientNetB3_Project\data\brain_tumor_mri\Training\glioma_tumor\gg (797).jpg,gg (797).jpg,glioma_tumor,Training,0,ae926d6c5e0601d1fd2d452de6eaa3a03b8cb0581d52114a1c0890b7c0a1ca56
C:\Users\ransi\Documents\AA  SLIIT\Y2S1\IT2011 AIML\My First AI Project\EfficientNetB3_Project\data\brain_tumor_mri\Training\no_tumor\image(296).jpg,image(296).jpg,no_tumor,Training,2,98b975e302443759272d6d112532913d72094fa5f9fe318b2384243c1fd39bfe
C:\Users\ransi\Documents\AA  SLIIT\Y2S1\IT2011 AIML\My First AI Project\EfficientNetB3_Project\data\brain_tumor_mri\Training\no_tumor\image(2).jpg,image(2).jpg,no_tumor,Training,2,c6b37dbcc8c59a18f68c4ecde7f081eb0caa8cae6edb6d438e11170f0736bf01
C:\Users\ransi\Documents\AA  SLIIT\Y2S1\IT2011 AIML\My First AI Project\EfficientNetB3_Project\data\brain_tumor_mri\Training\glioma_tumor\gg (235).jpg,gg (235).jpg,glioma_tumor,Training,0,91b91aae9a3ef5dbc5337302d72742d6c201a87371027ba12d6c15ca9b466e3d
C:\Users\ransi\Documents\AA  SLIIT\Y2S1\IT2011 AIML\My First AI Project\EfficientNetB3_Project\data\brain_tumor_mri\Training\meningioma_tumor\m1(54).jpg,m1(54).jpg,meningioma_tumor,Training,1,79d2e277c89e5f5bf0d41472b717767a86f69fd4b0c55181d5f1b4e603e61068
C:\Users\ransi\Documents\AA  SLIIT\Y2S1\IT2011 AIML\My First AI Project\EfficientNetB3_Project\data\brain_tumor_mri\Training\no_tumor\image (40).jpg,image (40).jpg,no_tumor,Training,2,ae511b11b26309a2e60432852cb26d6b019057fc2aab35867badf8af04daa3b6
C:\Users\ransi\Documents\AA  SLIIT\Y2S1\IT2011 AIML\My First AI Project\EfficientNetB3_Project\data\brain_tumor_mri\Training\glioma_tumor\gg (557).jpg,gg (557).jpg,glioma_tumor,Training,0,c5872b3cf2887adda75e1abf3f144a018b81e7ca082e3af2d2ae950564e574c9
C:\Users\ransi\Documents\AA  SLIIT\Y2S1\IT2011 AIML\My First AI Project\EfficientNetB3_Project\data\brain_tumor_mri\Training\meningioma_tumor\m (33).jpg,m (33).jpg,meningioma_tumor,Training,1,14bc3a50174e535cbd343f1e1fb9c2880b8dd8314553b8ec320601259c7ef365
C:\Users\ransi\Documents\AA  SLIIT\Y2S1\IT2011 AIML\My First AI Project\EfficientNetB3_Project\data\brain_tumor_mri\Training\no_tumor\image (14).jpg,image (14).jpg,no_tumor,Training,2,c1bf41ddb56396fd0e74b2eb7212c96a6a915ee86737c060c9db8e1439ff0390
C:\Users\ransi\Documents\AA  SLIIT\Y2S1\IT2011 AIML\My First AI Project\EfficientNetB3_Project\data\brain_tumor_mri\Training\no_tumor\image(114).jpg,image(114).jpg,no_tumor,Training,2,ad38bcdb687b3b9ac046cb2aeada829c277d6ca59997efe5493d0b48322d1a0c
C:\Users\ransi\Documents\AA  SLIIT\Y2S1\IT2011 AIML\My First AI Project\EfficientNetB3_Project\data\brain_tumor_mri\Training\glioma_tumor\gg (657).jpg,gg (657).jpg,glioma_tumor,Training,0,63b32a97756de602d40a8d4ce936af773f0ebb50c68de982d5ac84cc940a3b53
C:\Users\ransi\Documents\AA  SLIIT\Y2S1\IT2011 AIML\My First AI Project\EfficientNetB3_Project\data\brain_tumor_mri\Training\pituitary_tumor\p (193).jpg,p (193).jpg,pituitary_tumor,Training,3,278c865065e2744ef9904c76c2b15595e63023bb6167bb419facae9b2a267eb8
C:\Users\ransi\Documents\AA  SLIIT\Y2S1\IT2011 AIML\My First AI Project\EfficientNetB3_Project\data\brain_tumor_mri\Training\glioma_tumor\gg (486).jpg,gg (486).jpg,glioma_tumor,Training,0,15982eb72afae70b8ab2c57481d8ebf5ca2a6e3a211e1998d032414e9041e9fc
C:\Users\ransi\Documents\AA  SLIIT\Y2S1\IT2011 AIML\My First AI Project\EfficientNetB3_Project\data\brain_tumor_mri\Training\pituitary_tumor\p (4).jpg,p (4).jpg,pituitary_tumor,Training,3,a2144642197a1bc3b518f775a50406a704f36937d357c0384c3b9e000b859a3e
C:\Users\ransi\Documents\AA  SLIIT\Y2S1\IT2011 AIML\My First AI Project\EfficientNetB3_Project\data\brain_tumor_mri\Training\glioma_tumor\gg (437).jpg,gg (437).jpg,glioma_tumor,Training,0,eb6f71f91accda559d5009962349efc69ff7b0ac9c143b6a68c7e9204fc5527e
C:\Users\ransi\Documents\AA  SLIIT\Y2S1\IT2011 AIML\My First AI Project\EfficientNetB3_Project\data\brain_tumor_mri\Training\meningioma_tumor\m (137).jpg,m (137).jpg,meningioma_tumor,Training,1,c7f57878770e6ab440483e0757c523aa5c2130e9fe741bfcf7414b168178e17f
C:\Users\ransi\Documents\AA  SLIIT\Y2S1\IT2011 AIML\My First AI Project\EfficientNetB3_Project\data\brain_tumor_mri\Training\pituitary_tumor\p (128).jpg,p (128).jpg,pituitary_tumor,Training,3,805a331f00d33a927555fb69eb3c694ae4f0f008cbecc892a666b9dd63b89518
C:\Users\ransi\Documents\AA  SLIIT\Y2S1\IT2011 AIML\My First AI Project\EfficientNetB3_Project\data\brain_tumor_mri\Training\pituitary_tumor\p (760).jpg,p (760).jpg,pituitary_tumor,Training,3,7f75d5f2c625916417712266deb889f246c63ae3a989bd35e136aa354f0098a6
C:\Users\ransi\Documents\AA  SLIIT\Y2S1\IT2011 AIML\My First AI Project\EfficientNetB3_Project\data\brain_tumor_mri\Training\pituitary_tumor\p (2).jpg,p (2).jpg,pituitary_tumor,Training,3,ea7d6b08b7112c10cb818c2ebb590ce9bb2cc5bb52f93bc37cc664cf881aefd8
C:\Users\ransi\Documents\AA  SLIIT\Y2S1\IT2011 AIML\My First AI Project\EfficientNetB3_Project\data\brain_tumor_mri\Training\meningioma_tumor\m3 (68).jpg,m3 (68).jpg,meningioma_tumor,Training,1,3ed1ad1d4fb6ac46d24011d6b9eab6c43a7bd8a489b0ee27da847a3bce11dd89
C:\Users\ransi\Documents\AA  SLIIT\Y2S1\IT2011 AIML\My First AI Project\EfficientNetB3_Project\data\brain_tumor_mri\Training\glioma_tumor\gg (344).jpg,gg (344).jpg,glioma_tumor,Training,0,3833c403ef39aa58acf74ad5ec5425a2bf2a2b6e6ee0823b8913d68a21e316bf
C:\Users\ransi\Documents\AA  SLIIT\Y2S1\IT2011 AIML\My First AI Project\EfficientNetB3_Project\data\brain_tumor_mri\Training\pituitary_tumor\p (704).jpg,p (704).jpg,pituitary_tumor,Training,3,ce3f714e32bee416a61d22812a46f93a875a6c3022dac9d33160b950128675c9
C:\Users\ransi\Documents\AA  SLIIT\Y2S1\IT2011 AIML\My First AI Project\EfficientNetB3_Project\data\brain_tumor_mri\Testing\pituitary_tumor\image(36).jpg,image(36).jpg,pituitary_tumor,Testing,3,6e4a32b7a73554a9a26b0e594f63d76920f7caeea52be19c323f8ad755d17f8b
C:\Users\ransi\Documents\AA  SLIIT\Y2S1\IT2011 AIML\My First AI Project\EfficientNetB3_Project\data\brain_tumor_mri\Training\meningioma_tumor\m2 (89).jpg,m2 (89).jpg,meningioma_tumor,Training,1,caea528c54089877b494d19b33bd17f8af44ad0ca64809e63d232d797c06aa95
C:\Users\ransi\Documents\AA  SLIIT\Y2S1\IT2011 AIML\My First AI Project\EfficientNetB3_Project\data\brain_tumor_mri\Training\glioma_tumor\gg (194).jpg,gg (194).jpg,glioma_tumor,Training,0,063bc942330829f2cc8e6fd50d563cb0085f80f5d1857e484ebbda3e666c06c3
C:\Users\ransi\Documents\AA  SLIIT\Y2S1\IT2011 AIML\My First AI Project\EfficientNetB3_Project\data\brain_tumor_mri\Training\meningioma_tumor\m3 (109).jpg,m3 (109).jpg,meningioma_tumor,Training,1,4f3fec6c53f4448ccf8a0e35089053fa98cb8c58079dea70fe67d1ca3e474cfe
C:\Users\ransi\Documents\AA  SLIIT\Y2S1\IT2011 AIML\My First AI Project\EfficientNetB3_Project\data\brain_tumor_mri\Training\glioma_tumor\gg (4).jpg,gg (4).jpg,glioma_tumor,Training,0,3cc1d1f39a215c5d725e009dbef71c39604f566e29cc495195d19f40b205ff13
C:\Users\ransi\Documents\AA  SLIIT\Y2S1\IT2011 AIML\My First AI Project\EfficientNetB3_Project\data\brain_tumor_mri\Training\glioma_tumor\gg (793).jpg,gg (793).jpg,glioma_tumor,Training,0,3d0254bee619c6676a2cb89a53e458123e6a40bdc1f5f51179b3240d6fa73581
C:\Users\ransi\Documents\AA  SLIIT\Y2S1\IT2011 AIML\My First AI Project\EfficientNetB3_Project\data\brain_tumor_mri\Training\glioma_tumor\gg (426).jpg,gg (426).jpg,glioma_tumor,Training,0,eec65bd10978e452da05219d614e3978901ab7363b716a88879842091aed5751
C:\Users\ransi\Documents\AA  SLIIT\Y2S1\IT2011 AIML\My First AI Project\EfficientNetB3_Project\data\brain_tumor_mri\Training\no_tumor\image(80).jpg,image(80).jpg,no_tumor,Training,2,85c8594ea52ea7c8d812d2c4565ef0aa079ab021f4936b623f64bd7878ec0c6a
C:\Users\ransi\Documents\AA  SLIIT\Y2S1\IT2011 AIML\My First AI Project\EfficientNetB3_Project\data\brain_tumor_mri\Testing\glioma_tumor\image(36).jpg,image(36).jpg,glioma_tumor,Testing,0,05582a244b78e3ffac393d7065d5c964376667edfae1a8379a80f315163b9313
C:\Users\ransi\Documents\AA  SLIIT\Y2S1\IT2011 AIML\My First AI Project\EfficientNetB3_Project\data\brain_tumor_mri\Training\glioma_tumor\gg (570).jpg,gg (570).jpg,glioma_tumor,Training,0,f6808485e27d10ed374a1cdc4f66309cda055097e3bf7bede9a1666604f5b03d
C:\Users\ransi\Documents\AA  SLIIT\Y2S1\IT2011 AIML\My First AI Project\EfficientNetB3_Project\data\brain_tumor_mri\Training\glioma_tumor\gg (625).jpg,gg (625).jpg,glioma_tumor,Training,0,c008d45ee75483edda6c6b87ec7bfd53e818e0e569024173b324fbecb9453a2b
C:\Users\ransi\Documents\AA  SLIIT\Y2S1\IT2011 AIML\My First AI Project\EfficientNetB3_Project\data\brain_tumor_mri\Training\meningioma_tumor\m2 (33).jpg,m2 (33).jpg,meningioma_tumor,Training,1,a1d2df7613aa89f329f82ac6c1f51e306655d1bfcbbb97231d90543d3785c3d1
C:\Users\ransi\Documents\AA  SLIIT\Y2S1\IT2011 AIML\My First AI Project\EfficientNetB3_Project\data\brain_tumor_mri\Training\pituitary_tumor\p (702).jpg,p (702).jpg,pituitary_tumor,Training,3,933dabb7739d807944d505fe002b4bfa403e430f0f6edcd2df16846d072dfa9b
C:\Users\ransi\Documents\AA  SLIIT\Y2S1\IT2011 AIML\My First AI Project\EfficientNetB3_Project\data\brain_tumor_mri\Testing\no_tumor\image(79).jpg,image(79).jpg,no_tumor,Testing,2,19d1e5fece32f25cffe40d78ee005f41ff3c2598c7765ed122ffb29518274326
C:\Users\ransi\Documents\AA  SLIIT\Y2S1\IT2011 AIML\My First AI Project\EfficientNetB3_Project\data\brain_tumor_mri\Training\pituitary_tumor\p (115).jpg,p (115).jpg,pituitary_tumor,Training,3,a2c4b5ea7da50e7be24713b8de8a5533887eae285785fdc3e2bb80c4de367dca
C:\Users\ransi\Documents\AA  SLIIT\Y2S1\IT2011 AIML\My First AI Project\EfficientNetB3_Project\data\brain_tumor_mri\Training\pituitary_tumor\p (458).jpg,p (458).jpg,pituitary_tumor,Training,3,f15a0a012faa87d2792c395ac5ddbbc5bc2f9af06e8a34511167dcdb2b8530fe
C:\Users\ransi\Documents\AA  SLIIT\Y2S1\IT2011 AIML\My First AI Project\EfficientNetB3_Project\data\brain_tumor_mri\Training\no_tumor\4.jpg,4.jpg,no_tumor,Training,2,7f04f0b6fd5821e19cf5a273a540df06a1f6bdcaa63bb235743e274fff825fbd
C:\Users\ransi\Documents\AA  SLIIT\Y2S1\IT2011 AIML\My First AI Project\EfficientNetB3_Project\data\brain_tumor_mri\Testing\pituitary_tumor\image(91).jpg,image(91).jpg,pituitary_tumor,Testing,3,8d463bf588c1bc9e685df1729434a541f187054456fe244024966078fe1aef61
C:\Users\ransi\Documents\AA  SLIIT\Y2S1\IT2011 AIML\My First AI Project\EfficientNetB3_Project\data\brain_tumor_mri\Training\meningioma_tumor\m2 (29).jpg,m2 (29).jpg,meningioma_tumor,Training,1,86f3b8603fdb63339bfd2df603a7758017247f4c1e4855d353e8fe8632b86057
C:\Users\ransi\Documents\AA  SLIIT\Y2S1\IT2011 AIML\My First AI Project\EfficientNetB3_Project\data\brain_tumor_mri\Training\glioma_tumor\gg (413).jpg,gg (413).jpg,glioma_tumor,Training,0,8c33371ad31399c18fe2fdc4ac56191019d795082e5eff580d91b88752e208aa
C:\Users\ransi\Documents\AA  SLIIT\Y2S1\IT2011 AIML\My First AI Project\EfficientNetB3_Project\data\brain_tumor_mri\Training\pituitary_tumor\p (363).jpg,p (363).jpg,pituitary_tumor,Training,3,165a68c1a51693d8710820a79c046dd25bd8c2fcfd92f0fd3a0a76b62c1cb057
C:\Users\ransi\Documents\AA  SLIIT\Y2S1\IT2011 AIML\My First AI Project\EfficientNetB3_Project\data\brain_tumor_mri\Training\meningioma_tumor\m (89).jpg,m (89).jpg,meningioma_tumor,Training,1,ceed84105c284112a2cf2079fe7325d1b741251227cf119de7f9114e2b76b3f3
C:\Users\ransi\Documents\AA  SLIIT\Y2S1\IT2011 AIML\My First AI Project\EfficientNetB3_Project\data\brain_tumor_mri\Training\no_tumor\image(70).jpg,image(70).jpg,no_tumor,Training,2,b23fe6dad4ff5e7e0fe80d1d315399658298647951c5f5e148e8c0d6ff6e3b5e
C:\Users\ransi\Documents\AA  SLIIT\Y2S1\IT2011 AIML\My First AI Project\EfficientNetB3_Project\data\brain_tumor_mri\Training\pituitary_tumor\p (672).jpg,p (672).jpg,pituitary_tumor,Training,3,68fbf9942b76cad1883696e51d5d86baa5b8049af7bf3bfd8f4018f23d7ea004
C:\Users\ransi\Documents\AA  SLIIT\Y2S1\IT2011 AIML\My First AI Project\EfficientNetB3_Project\data\brain_tumor_mri\Training\glioma_tumor\gg (12).jpg,gg (12).jpg,glioma_tumor,Training,0,67622cfe6c4e3b7e7316e9ed2301135858e2b19b8320eb34d59cf669e113298b
C:\Users\ransi\Documents\AA  SLIIT\Y2S1\IT2011 AIML\My First AI Project\EfficientNetB3_Project\data\brain_tumor_mri\Training\glioma_tumor\gg (79).jpg,gg (79).jpg,glioma_tumor,Training,0,488a8f673441e1d9d7856f39f9528bf7e4f23e222603fa898b33dff66680a0ca
C:\Users\ransi\Documents\AA  SLIIT\Y2S1\IT2011 AIML\My First AI Project\EfficientNetB3_Project\data\brain_tumor_mri\Training\pituitary_tumor\p (759).jpg,p (759).jpg,pituitary_tumor,Training,3,4984ea2d2d3b0d6d6308ab42e2e3bbbc024c116120cb72c537e3d7c3017e8f19
C:\Users\ransi\Documents\AA  SLIIT\Y2S1\IT2011 AIML\My First AI Project\EfficientNetB3_Project\data\brain_tumor_mri\Training\pituitary_tumor\p (171).jpg,p (171).jpg,pituitary_tumor,Training,3,1e52268bb60aff5502ed380763af0a9e52b14f404fd638df9adfc3b146f295b5
C:\Users\ransi\Documents\AA  SLIIT\Y2S1\IT2011 AIML\My First AI Project\EfficientNetB3_Project\data\brain_tumor_mri\Training\no_tumor\image(107).jpg,image(107).jpg,no_tumor,Training,2,29f5011764730ed401f04b4978195c0b9fcedb005c3408f89a7586259cb1b675
C:\Users\ransi\Documents\AA  SLIIT\Y2S1\IT2011 AIML\My First AI Project\EfficientNetB3_Project\data\brain_tumor_mri\Training\no_tumor\image (11).jpg,image (11).jpg,no_tumor,Training,2,94309411fb2cbd21f34fcceb3d458e987f0b38207b282efa7a190fd2aaefecd7
C:\Users\ransi\Documents\AA  SLIIT\Y2S1\IT2011 AIML\My First AI Project\EfficientNetB3_Project\data\brain_tumor_mri\Training\meningioma_tumor\m3 (161).jpg,m3 (161).jpg,meningioma_tumor,Training,1,de229e5fb92211e2d5a2352fbe8239a4251c3f4ff5f3bf7bf3254ee0ff6b6046
C:\Users\ransi\Documents\AA  SLIIT\Y2S1\IT2011 AIML\My First AI Project\EfficientNetB3_Project\data\brain_tumor_mri\Training\pituitary_tumor\p (80).jpg,p (80).jpg,pituitary_tumor,Training,3,18f9ce91ea4fc88aacee4ab5a3a82fe3f67c53395209275eaf94dd78f1cf59e8
C:\Users\ransi\Documents\AA  SLIIT\Y2S1\IT2011 AIML\My First AI Project\EfficientNetB3_Project\data\brain_tumor_mri\Training\meningioma_tumor\m3 (90).jpg,m3 (90).jpg,meningioma_tumor,Training,1,6fb19dc4f283d82e1a19e860bc86f152135a84f4216bfee62fd9618695ed7ada
C:\Users\ransi\Documents\AA  SLIIT\Y2S1\IT2011 AIML\My First AI Project\EfficientNetB3_Project\data\brain_tumor_mri\Training\meningioma_tumor\m1(16).jpg,m1(16).jpg,meningioma_tumor,Training,1,09b9031e30e757eb6e648686f0ca412357e86895ebbc52d300d2d0a9305fd417
C:\Users\ransi\Documents\AA  SLIIT\Y2S1\IT2011 AIML\My First AI Project\EfficientNetB3_Project\data\brain_tumor_mri\Testing\meningioma_tumor\image(109).jpg,image(109).jpg,meningioma_tumor,Testing,1,bd050c09c3c01a44d48094de9b613423722725e6af36246c60952b9f5c45c729
C:\Users\ransi\Documents\AA  SLIIT\Y2S1\IT2011 AIML\My First AI Project\EfficientNetB3_Project\data\brain_tumor_mri\Training\pituitary_tumor\p (113).jpg,p (113).jpg,pituitary_tumor,Training,3,fbb38b463f3ff26342118aebac5e0ecd1e7b6cb2951f98ea7263cbc44a4c2a5d
C:\Users\ransi\Documents\AA  SLIIT\Y2S1\IT2011 AIML\My First AI Project\EfficientNetB3_Project\data\brain_tumor_mri\Training\meningioma_tumor\m (95).jpg,m (95).jpg,meningioma_tumor,Training,1,bc8b26c6d0fde2bf13efd69f6fda7ac1a104c4eea4925ebb171ae732e0cc5b41
C:\Users\ransi\Documents\AA  SLIIT\Y2S1\IT2011 AIML\My First AI Project\EfficientNetB3_Project\data\brain_tumor_mri\Training\pituitary_tumor\p (505).jpg,p (505).jpg,pituitary_tumor,Training,3,a515eb4a3a7280bac413978c9211ccef641587d1c328a9bf6422be1f6639f13b
C:\Users\ransi\Documents\AA  SLIIT\Y2S1\IT2011 AIML\My First AI Project\EfficientNetB3_Project\data\brain_tumor_mri\Training\no_tumor\image(265).jpg,image(265).jpg,no_tumor,Training,2,dd4ddc577d69ed2b40ac77e48195ea19bedf7fd3e7c65a37c806e2d0e29f86f5
C:\Users\ransi\Documents\AA  SLIIT\Y2S1\IT2011 AIML\My First AI Project\EfficientNetB3_Project\data\brain_tumor_mri\Training\glioma_tumor\gg (343).jpg,gg (343).jpg,glioma_tumor,Training,0,ad571c1f7275071138625e2d225e03adf29b7bb8ec2f0f00ad4524291f1b3788
C:\Users\ransi\Documents\AA  SLIIT\Y2S1\IT2011 AIML\My First AI Project\EfficientNetB3_Project\data\brain_tumor_mri\Training\glioma_tumor\gg (778).jpg,gg (778).jpg,glioma_tumor,Training,0,7ba05d4c12d45dd2075150556b31ae695923af203dee102db060f9d33c1559a1
C:\Users\ransi\Documents\AA  SLIIT\Y2S1\IT2011 AIML\My First AI Project\EfficientNetB3_Project\data\brain_tumor_mri\Training\pituitary_tumor\p (327).jpg,p (327).jpg,pituitary_tumor,Training,3,0a7449717c1352419403dfb54d64a7a0ee57853ca104902308f8bb1fa4633564
C:\Users\ransi\Documents\AA  SLIIT\Y2S1\IT2011 AIML\My First AI Project\EfficientNetB3_Project\data\brain_tumor_mri\Training\meningioma_tumor\m3 (75).jpg,m3 (75).jpg,meningioma_tumor,Training,1,53861693dba13855d104d3959d8e6221a494f4db4381cb4bda55364a1d2537bb
C:\Users\ransi\Documents\AA  SLIIT\Y2S1\IT2011 AIML\My First AI Project\EfficientNetB3_Project\data\brain_tumor_mri\Training\glioma_tumor\gg (443).jpg,gg (443).jpg,glioma_tumor,Training,0,f00f22ae21103a583210f9a4f98267fa197343abb95fb0f800bde1ae157a2c56
C:\Users\ransi\Documents\AA  SLIIT\Y2S1\IT2011 AIML\My First AI Project\EfficientNetB3_Project\data\brain_tumor_mri\Training\pituitary_tumor\p (404).jpg,p (404).jpg,pituitary_tumor,Training,3,7b0bc7ee320f1724100bfaa1484d63eceb50b02b5802a672532f79c1b56159a8
C:\Users\ransi\Documents\AA  SLIIT\Y2S1\IT2011 AIML\My First AI Project\EfficientNetB3_Project\data\brain_tumor_mri\Training\no_tumor\image(103).jpg,image(103).jpg,no_tumor,Training,2,23794834130a37699051efa29c29b9af12ae94b6a65d3957d7f9ad667f9bdf0f
C:\Users\ransi\Documents\AA  SLIIT\Y2S1\IT2011 AIML\My First AI Project\EfficientNetB3_Project\data\brain_tumor_mri\Training\meningioma_tumor\m1(10).jpg,m1(10).jpg,meningioma_tumor,Training,1,69c1c453795ef46d2c171bafe4d4af47b0f059026d3e231227668cd7c8928068
C:\Users\ransi\Documents\AA  SLIIT\Y2S1\IT2011 AIML\My First AI Project\EfficientNetB3_Project\data\brain_tumor_mri\Training\pituitary_tumor\p (790).jpg,p (790).jpg,pituitary_tumor,Training,3,3275c3825fe6ea7a94d7e958cf4fa15d0d3cf0337258abc843195bd9600b4bc0
C:\Users\ransi\Documents\AA  SLIIT\Y2S1\IT2011 AIML\My First AI Project\EfficientNetB3_Project\data\brain_tumor_mri\Training\glioma_tumor\gg (489).jpg,gg (489).jpg,glioma_tumor,Training,0,c5e517b2f419b8bfd421e87aa7f2daa0321377b6b739fde92aa086bd9666d8e6
C:\Users\ransi\Documents\AA  SLIIT\Y2S1\IT2011 AIML\My First AI Project\EfficientNetB3_Project\data\brain_tumor_mri\Testing\no_tumor\image(77).jpg,image(77).jpg,no_tumor,Testing,2,4c6238dc9771a99b1623932047fd64d5eb26d25cc294916c516b85e261c8ab46
C:\Users\ransi\Documents\AA  SLIIT\Y2S1\IT2011 AIML\My First AI Project\EfficientNetB3_Project\data\brain_tumor_mri\Training\meningioma_tumor\m (18).jpg,m (18).jpg,meningioma_tumor,Training,1,20ed864b4c9620f044eb92e965bb44418cc0e34fc0514b6887407570fa32d3e8
C:\Users\ransi\Documents\AA  SLIIT\Y2S1\IT2011 AIML\My First AI Project\EfficientNetB3_Project\data\brain_tumor_mri\Testing\pituitary_tumor\image(19).jpg,image(19).jpg,pituitary_tumor,Testing,3,ad94e2ae69c36712cf7ee4f8829c2f5edd598699ee2863985fe6f700817a98ea
C:\Users\ransi\Documents\AA  SLIIT\Y2S1\IT2011 AIML\My First AI Project\EfficientNetB3_Project\data\brain_tumor_mri\Training\no_tumor\image(166).jpg,image(166).jpg,no_tumor,Training,2,ac76ca3b933520e9519c3fa096e38e281e467ae4bda0412daa34cb966954ff68
C:\Users\ransi\Documents\AA  SLIIT\Y2S1\IT2011 AIML\My First AI Project\EfficientNetB3_Project\data\brain_tumor_mri\Training\pituitary_tumor\p (745).jpg,p (745).jpg,pituitary_tumor,Training,3,2f3b185281bed2040e6c8271948be9066b6a590acabf3dcedcb46992b2c5365f
C:\Users\ransi\Documents\AA  SLIIT\Y2S1\IT2011 AIML\My First AI Project\EfficientNetB3_Project\data\brain_tumor_mri\Testing\glioma_tumor\image(43).jpg,image(43).jpg,glioma_tumor,Testing,0,3d27a95ad70b6a8bc6e25391c4f49e9ad81d978d778edb87063122c9df9b33b0
C:\Users\ransi\Documents\AA  SLIIT\Y2S1\IT2011 AIML\My First AI Project\EfficientNetB3_Project\data\brain_tumor_mri\Training\meningioma_tumor\m (108).jpg,m (108).jpg,meningioma_tumor,Training,1,6a64332d2613627eaee146b462e3870b88d0c397db5479d6b5139f421fd2f8b9
C:\Users\ransi\Documents\AA  SLIIT\Y2S1\IT2011 AIML\My First AI Project\EfficientNetB3_Project\data\brain_tumor_mri\Training\meningioma_tumor\m3 (126).jpg,m3 (126).jpg,meningioma_tumor,Training,1,f66da3f36e67589ec865f439cf26218191ddff2675d049f21daef8ef5ba776b2
C:\Users\ransi\Documents\AA  SLIIT\Y2S1\IT2011 AIML\My First AI Project\EfficientNetB3_Project\data\brain_tumor_mri\Testing\no_tumor\image(97).jpg,image(97).jpg,no_tumor,Testing,2,53765f8fc313f7684b0df4547a89e27ecae20ae66c60ee26318fc9f1a301de8d
C:\Users\ransi\Documents\AA  SLIIT\Y2S1\IT2011 AIML\My First AI Project\EfficientNetB3_Project\data\brain_tumor_mri\Training\pituitary_tumor\p (262).jpg,p (262).jpg,pituitary_tumor,Training,3,3d1b5702ebfbdfd3c460b5d0cc82c2816026bf68197313ed2a2635c3e4b30c6c
C:\Users\ransi\Documents\AA  SLIIT\Y2S1\IT2011 AIML\My First AI Project\EfficientNetB3_Project\data\brain_tumor_mri\Training\glioma_tumor\gg (311).jpg,gg (311).jpg,glioma_tumor,Training,0,ad678673c2906fe0975dee23e1d5a5bcd21332c5b6099ae4b44e2e7ddfa59dc3
C:\Users\ransi\Documents\AA  SLIIT\Y2S1\IT2011 AIML\My First AI Project\EfficientNetB3_Project\data\brain_tumor_mri\Training\glioma_tumor\gg (291).jpg,gg (291).jpg,glioma_tumor,Training,0,87cf5e4f7dcce6d49e96ce6e85cda414c9157471e25d3601a9160be6b8ceef23
C:\Users\ransi\Documents\AA  SLIIT\Y2S1\IT2011 AIML\My First AI Project\EfficientNetB3_Project\data\brain_tumor_mri\Training\meningioma_tumor\m2 (166).jpg,m2 (166).jpg,meningioma_tumor,Training,1,9feae5095fdfc732d28df5646b630a750ec7e846db237766220e9347b22332ff
C:\Users\ransi\Documents\AA  SLIIT\Y2S1\IT2011 AIML\My First AI Project\EfficientNetB3_Project\data\brain_tumor_mri\Training\pituitary_tumor\p (328).jpg,p (328).jpg,pituitary_tumor,Training,3,a621d023075294efa0c20daa710bb9ce0582e5c3e5b003a6da26f889711572dc
C:\Users\ransi\Documents\AA  SLIIT\Y2S1\IT2011 AIML\My First AI Project\EfficientNetB3_Project\data\brain_tumor_mri\Training\no_tumor\image(61).jpg,image(61).jpg,no_tumor,Training,2,d08b052913eb262dfd31fdd6d7ca904c5343087cdc458ca928c9e85bf41bf388
C:\Users\ransi\Documents\AA  SLIIT\Y2S1\IT2011 AIML\My First AI Project\EfficientNetB3_Project\data\brain_tumor_mri\Testing\glioma_tumor\image(3).jpg,image(3).jpg,glioma_tumor,Testing,0,9c20281ccdd53888d2ebcecc9c71521ed2431500eb4448e1b63465c050a0e59f
C:\Users\ransi\Documents\AA  SLIIT\Y2S1\IT2011 AIML\My First AI Project\EfficientNetB3_Project\data\brain_tumor_mri\Training\meningioma_tumor\m3 (137).jpg,m3 (137).jpg,meningioma_tumor,Training,1,4ed8a3836b0f4f7f8b8064bd63f5d53759a758b8b9092886bcdf42047ff50470
C:\Users\ransi\Documents\AA  SLIIT\Y2S1\IT2011 AIML\My First AI Project\EfficientNetB3_Project\data\brain_tumor_mri\Training\glioma_tumor\gg (240).jpg,gg (240).jpg,glioma_tumor,Training,0,aff6d44c0d21dd5488b02ff2237a2a4cfca28ac410bf026f556756383852c076
C:\Users\ransi\Documents\AA  SLIIT\Y2S1\IT2011 AIML\My First AI Project\EfficientNetB3_Project\data\brain_tumor_mri\Training\glioma_tumor\gg (484).jpg,gg (484).jpg,glioma_tumor,Training,0,b28ebe80454818c55fc8568b7e4e0e66800e7c84f0564635d431385542a5105b
C:\Users\ransi\Documents\AA  SLIIT\Y2S1\IT2011 AIML\My First AI Project\EfficientNetB3_Project\data\brain_tumor_mri\Training\pituitary_tumor\p (331).jpg,p (331).jpg,pituitary_tumor,Training,3,3e4b037418a95624d7b9b553bcfac3f2b6abc36c5c29e49e6457a3a65301c673
C:\Users\ransi\Documents\AA  SLIIT\Y2S1\IT2011 AIML\My First AI Project\EfficientNetB3_Project\data\brain_tumor_mri\Training\meningioma_tumor\m3 (74).jpg,m3 (74).jpg,meningioma_tumor,Training,1,91fe3dfb8b8d06839b9bc7dffa4249000f39fa6be2fbf768b2d119be4ccd547b
C:\Users\ransi\Documents\AA  SLIIT\Y2S1\IT2011 AIML\My First AI Project\EfficientNetB3_Project\data\brain_tumor_mri\Training\meningioma_tumor\m2 (71).jpg,m2 (71).jpg,meningioma_tumor,Training,1,8fe41f7d5c06de536979dc0d092f6f74f9ebdea2cce9ac43c20043e41abb6c42
C:\Users\ransi\Documents\AA  SLIIT\Y2S1\IT2011 AIML\My First AI Project\EfficientNetB3_Project\data\brain_tumor_mri\Training\glioma_tumor\gg (447).jpg,gg (447).jpg,glioma_tumor,Training,0,8cac95db4fde8cb66876a16de4119a3d1de0f57b22dc7e26f33339267b50ea42
C:\Users\ransi\Documents\AA  SLIIT\Y2S1\IT2011 AIML\My First AI Project\EfficientNetB3_Project\data\brain_tumor_mri\Training\glioma_tumor\gg (820).jpg,gg (820).jpg,glioma_tumor,Training,0,57d4e24d04f8e9adf5ffbb28a2dcdb782d4bc21eb0c138a491177db8996bb4bd
C:\Users\ransi\Documents\AA  SLIIT\Y2S1\IT2011 AIML\My First AI Project\EfficientNetB3_Project\data\brain_tumor_mri\Training\glioma_tumor\gg (529).jpg,gg (529).jpg,glioma_tumor,Training,0,f33d1407fa3e6848da5cdfb18879176e3adf983ba7bbbe2043f20cf3af21a995
C:\Users\ransi\Documents\AA  SLIIT\Y2S1\IT2011 AIML\My First AI Project\EfficientNetB3_Project\data\brain_tumor_mri\Training\pituitary_tumor\p (659).jpg,p (659).jpg,pituitary_tumor,Training,3,535de7eda579869cc1c1bbba650b32a4067b9868f20c24bc219c7c036d478297
C:\Users\ransi\Documents\AA  SLIIT\Y2S1\IT2011 AIML\My First AI Project\EfficientNetB3_Project\data\brain_tumor_mri\Testing\meningioma_tumor\image(52).jpg,image(52).jpg,meningioma_tumor,Testing,1,6a86bd97e2f696c93ab917bef8d9bf7ed7d151237e3bc437aedb265b793c0697
C:\Users\ransi\Documents\AA  SLIIT\Y2S1\IT2011 AIML\My First AI Project\EfficientNetB3_Project\data\brain_tumor_mri\Testing\no_tumor\image(37).jpg,image(37).jpg,no_tumor,Testing,2,19d1e5fece32f25cffe40d78ee005f41ff3c2598c7765ed122ffb29518274326
C:\Users\ransi\Documents\AA  SLIIT\Y2S1\IT2011 AIML\My First AI Project\EfficientNetB3_Project\data\brain_tumor_mri\Training\glioma_tumor\gg (296).jpg,gg (296).jpg,glioma_tumor,Training,0,cc72bdbe5b14b0ec86d1b240a5c02a2ad437c4ef27f9463448c101caa845352f
C:\Users\ransi\Documents\AA  SLIIT\Y2S1\IT2011 AIML\My First AI Project\EfficientNetB3_Project\data\brain_tumor_mri\Training\glioma_tumor\gg (581).jpg,gg (581).jpg,glioma_tumor,Training,0,d3919a620ad5aee91a2f2991fcb5c4c6d21fc30aafca09cc8e9768bc0dc10f28
C:\Users\ransi\Documents\AA  SLIIT\Y2S1\IT2011 AIML\My First AI Project\EfficientNetB3_Project\data\brain_tumor_mri\Training\no_tumor\image(126).jpg,image(126).jpg,no_tumor,Training,2,12778e04e10e5dc40ea8cbf15f4559888e71de3e9aa530037a5520f279fec262
C:\Users\ransi\Documents\AA  SLIIT\Y2S1\IT2011 AIML\My First AI Project\EfficientNetB3_Project\data\brain_tumor_mri\Training\pituitary_tumor\p (413).jpg,p (413).jpg,pituitary_tumor,Training,3,18c55f319af9fcbf7d6d2300e9f0ba4daadabc891614a8aa227fde26c9c4d909
C:\Users\ransi\Documents\AA  SLIIT\Y2S1\IT2011 AIML\My First AI Project\EfficientNetB3_Project\data\brain_tumor_mri\Training\pituitary_tumor\p (114).jpg,p (114).jpg,pituitary_tumor,Training,3,612883797d661e00d1de5b584acd319684e96e687aec5182fec5021c1d2debf6
C:\Users\ransi\Documents\AA  SLIIT\Y2S1\IT2011 AIML\My First AI Project\EfficientNetB3_Project\data\brain_tumor_mri\Training\meningioma_tumor\m2 (130).jpg,m2 (130).jpg,meningioma_tumor,Training,1,c5d685209c7bcf9ae04c9aabe88c23c1c455f94682b48fdd24c61f72eb7eb10e
C:\Users\ransi\Documents\AA  SLIIT\Y2S1\IT2011 AIML\My First AI Project\EfficientNetB3_Project\data\brain_tumor_mri\Training\glioma_tumor\gg (304).jpg,gg (304).jpg,glioma_tumor,Training,0,c4816b8570228e8f92e41f8fafe01b750e6c1a7c0c2face8b7493a14f99c6470
C:\Users\ransi\Documents\AA  SLIIT\Y2S1\IT2011 AIML\My First AI Project\EfficientNetB3_Project\data\brain_tumor_mri\Training\meningioma_tumor\m3 (26).jpg,m3 (26).jpg,meningioma_tumor,Training,1,a275f5f3088a7f7021db108bb59404593f36e42cfd2687fbb4a6a219057879dd
C:\Users\ransi\Documents\AA  SLIIT\Y2S1\IT2011 AIML\My First AI Project\EfficientNetB3_Project\data\brain_tumor_mri\Training\pituitary_tumor\p (662).jpg,p (662).jpg,pituitary_tumor,Training,3,72274e133fc0dd456b714c7df073f130b650e0aeec2dfe8e5c0d3ce05cc1436a
C:\Users\ransi\Documents\AA  SLIIT\Y2S1\IT2011 AIML\My First AI Project\EfficientNetB3_Project\data\brain_tumor_mri\Training\pituitary_tumor\p (284).jpg,p (284).jpg,pituitary_tumor,Training,3,ec1613b2f8e28abc1327eee31b6b4decb83d15f97422c9fcbcacd2fd1c4b3714
C:\Users\ransi\Documents\AA  SLIIT\Y2S1\IT2011 AIML\My First AI Project\EfficientNetB3_Project\data\brain_tumor_mri\Testing\no_tumor\image(104).jpg,image(104).jpg,no_tumor,Testing,2,49d44a7fd256a35903b981a4c7fbd2c3adc0f87f24ed0cf34d83a91aa13441b0
C:\Users\ransi\Documents\AA  SLIIT\Y2S1\IT2011 AIML\My First AI Project\EfficientNetB3_Project\data\brain_tumor_mri\Training\meningioma_tumor\m2 (72).jpg,m2 (72).jpg,meningioma_tumor,Training,1,c2d05ab1e5004bb89eeb504142bde7ed21daaa386c9dac17f8f9a21d91f2ec89
C:\Users\ransi\Documents\AA  SLIIT\Y2S1\IT2011 AIML\My First AI Project\EfficientNetB3_Project\data\brain_tumor_mri\Training\pituitary_tumor\p (208).jpg,p (208).jpg,pituitary_tumor,Training,3,59d337700c5185898453a717e791fb93403609f150138c2016976b990752f535
C:\Users\ransi\Documents\AA  SLIIT\Y2S1\IT2011 AIML\My First AI Project\EfficientNetB3_Project\data\brain_tumor_mri\Training\meningioma_tumor\m1(40).jpg,m1(40).jpg,meningioma_tumor,Training,1,cb8684939f89f31e88e071115567018ab57a5f0451ef95569a6d34ed22e7c576
C:\Users\ransi\Documents\AA  SLIIT\Y2S1\IT2011 AIML\My First AI Project\EfficientNetB3_Project\data\brain_tumor_mri\Training\glioma_tumor\gg (644).jpg,gg (644).jpg,glioma_tumor,Training,0,2bef45e6cdda30b99a184cc4c70cab3af7f3bdcd76d41c7517f67e5515a7da3f
C:\Users\ransi\Documents\AA  SLIIT\Y2S1\IT2011 AIML\My First AI Project\EfficientNetB3_Project\data\brain_tumor_mri\Training\pituitary_tumor\p (646).jpg,p (646).jpg,pituitary_tumor,Training,3,8101c9db813f501b561195e9baf1324c1b736c44df5499b8c223b25030b7970d
C:\Users\ransi\Documents\AA  SLIIT\Y2S1\IT2011 AIML\My First AI Project\EfficientNetB3_Project\data\brain_tumor_mri\Training\pituitary_tumor\p (673).jpg,p (673).jpg,pituitary_tumor,Training,3,3ec6dd3125cf6f2ea0bff149b4dfc1dad7852652ec8f48eda58d1b9a57a40ce4
C:\Users\ransi\Documents\AA  SLIIT\Y2S1\IT2011 AIML\My First AI Project\EfficientNetB3_Project\data\brain_tumor_mri\Testing\glioma_tumor\image(88).jpg,image(88).jpg,glioma_tumor,Testing,0,d52c78378cafd933985f96a0dec2f6ed04030369c84ef682500a782605fac594
C:\Users\ransi\Documents\AA  SLIIT\Y2S1\IT2011 AIML\My First AI Project\EfficientNetB3_Project\data\brain_tumor_mri\Testing\no_tumor\image(86).jpg,image(86).jpg,no_tumor,Testing,2,d08b052913eb262dfd31fdd6d7ca904c5343087cdc458ca928c9e85bf41bf388
C:\Users\ransi\Documents\AA  SLIIT\Y2S1\IT2011 AIML\My First AI Project\EfficientNetB3_Project\data\brain_tumor_mri\Training\pituitary_tumor\p (291).jpg,p (291).jpg,pituitary_tumor,Training,3,86a29a42c81f4204cac89a9915aeff2e19225b346261ea1f6b8917fbf5d038d7
C:\Users\ransi\Documents\AA  SLIIT\Y2S1\IT2011 AIML\My First AI Project\EfficientNetB3_Project\data\brain_tumor_mri\Training\pituitary_tumor\p (618).jpg,p (618).jpg,pituitary_tumor,Training,3,e768c7285ac62088ed8a10c68cf8b5ee1c77dbd4c54250c2f33af19a796b0591
C:\Users\ransi\Documents\AA  SLIIT\Y2S1\IT2011 AIML\My First AI Project\EfficientNetB3_Project\data\brain_tumor_mri\Training\pituitary_tumor\p (250).jpg,p (250).jpg,pituitary_tumor,Training,3,0b0f63dfce41d1dfd813b0ccbff38db680918a47f8712f3ae042ab248f947548
C:\Users\ransi\Documents\AA  SLIIT\Y2S1\IT2011 AIML\My First AI Project\EfficientNetB3_Project\data\brain_tumor_mri\Training\glioma_tumor\gg (23).jpg,gg (23).jpg,glioma_tumor,Training,0,c2c336cb520e9e5fd8ef7446699570158d62909c62c5d55f21e62262b19735a4
C:\Users\ransi\Documents\AA  SLIIT\Y2S1\IT2011 AIML\My First AI Project\EfficientNetB3_Project\data\brain_tumor_mri\Training\pituitary_tumor\p (181).jpg,p (181).jpg,pituitary_tumor,Training,3,f5314657eb72da26df12f5d89b602db19f941e59a2aeb034bbd77be56a459b93
C:\Users\ransi\Documents\AA  SLIIT\Y2S1\IT2011 AIML\My First AI Project\EfficientNetB3_Project\data\brain_tumor_mri\Training\glioma_tumor\gg (416).jpg,gg (416).jpg,glioma_tumor,Training,0,9f4ed340f6a7445bae80428fd41e2276da59003adeec229ae2496737b8ec2575
C:\Users\ransi\Documents\AA  SLIIT\Y2S1\IT2011 AIML\My First AI Project\EfficientNetB3_Project\data\brain_tumor_mri\Training\pituitary_tumor\p (98).jpg,p (98).jpg,pituitary_tumor,Training,3,d734601d756c04aa3bec67b45649077740e86e0838174057c1fa1eddef5ad0f0
C:\Users\ransi\Documents\AA  SLIIT\Y2S1\IT2011 AIML\My First AI Project\EfficientNetB3_Project\data\brain_tumor_mri\Training\meningioma_tumor\m (98).jpg,m (98).jpg,meningioma_tumor,Training,1,855ae8d829cd4d8f9de087dd3e9b0e923b5e44d350006dd43ba10bd174f796ea
C:\Users\ransi\Documents\AA  SLIIT\Y2S1\IT2011 AIML\My First AI Project\EfficientNetB3_Project\data\brain_tumor_mri\Training\pituitary_tumor\p (531).jpg,p (531).jpg,pituitary_tumor,Training,3,a05c9ce5e5d881a699864e9191a29a86dcbc615a4bbb7102974985d8b77c4fab
C:\Users\ransi\Documents\AA  SLIIT\Y2S1\IT2011 AIML\My First AI Project\EfficientNetB3_Project\data\brain_tumor_mri\Testing\meningioma_tumor\image(77).jpg,image(77).jpg,meningioma_tumor,Testing,1,b328f1679bf050f684a0a1f3b33805551b2ad2858a604308dee607c4643b3571
C:\Users\ransi\Documents\AA  SLIIT\Y2S1\IT2011 AIML\My First AI Project\EfficientNetB3_Project\data\brain_tumor_mri\Testing\meningioma_tumor\image(44).jpg,image(44).jpg,meningioma_tumor,Testing,1,d2e28f585c7aec0c59898578a258d64189c62a1845bde369407e3766b648d868
C:\Users\ransi\Documents\AA  SLIIT\Y2S1\IT2011 AIML\My First AI Project\EfficientNetB3_Project\data\brain_tumor_mri\Training\no_tumor\image(46).jpg,image(46).jpg,no_tumor,Training,2,7b73d6019deb1482bc5fb7027f12719bea983c8eb0b0c0f3e95feb61c90fafb3
C:\Users\ransi\Documents\AA  SLIIT\Y2S1\IT2011 AIML\My First AI Project\EfficientNetB3_Project\data\brain_tumor_mri\Training\meningioma_tumor\m3 (34).jpg,m3 (34).jpg,meningioma_tumor,Training,1,f527582fe31380759ab8132500846efa0522ab416ae854796f8d726d261e98aa
C:\Users\ransi\Documents\AA  SLIIT\Y2S1\IT2011 AIML\My First AI Project\EfficientNetB3_Project\data\brain_tumor_mri\Training\glioma_tumor\gg (510).jpg,gg (510).jpg,glioma_tumor,Training,0,940b229bf3fd6d17508ca51c1d3cfdaa1d61e0b5e29f84a9cdb9bede00ece26b
C:\Users\ransi\Documents\AA  SLIIT\Y2S1\IT2011 AIML\My First AI Project\EfficientNetB3_Project\data\brain_tumor_mri\Training\no_tumor\image(230).jpg,image(230).jpg,no_tumor,Training,2,2d199bb9ce07fd48853b7514e64c237ab44cdbd2cf38b3973e001ae6d5852519
C:\Users\ransi\Documents\AA  SLIIT\Y2S1\IT2011 AIML\My First AI Project\EfficientNetB3_Project\data\brain_tumor_mri\Training\glioma_tumor\gg (726).jpg,gg (726).jpg,glioma_tumor,Training,0,ca4b9becc785455cb029c60c3e3745f931e524f53c42cb92dfd7a2e28281c979
C:\Users\ransi\Documents\AA  SLIIT\Y2S1\IT2011 AIML\My First AI Project\EfficientNetB3_Project\data\brain_tumor_mri\Testing\no_tumor\image(18).jpg,image(18).jpg,no_tumor,Testing,2,1cc081e753d825a7a043b7968fa48c166d3518426790468025d6674794791327
C:\Users\ransi\Documents\AA  SLIIT\Y2S1\IT2011 AIML\My First AI Project\EfficientNetB3_Project\data\brain_tumor_mri\Training\meningioma_tumor\m3 (207).jpg,m3 (207).jpg,meningioma_tumor,Training,1,b20f71c8d2e9875674b2f3e3758e92b1339e5cbc5e4d02e768181c33f35159a9
C:\Users\ransi\Documents\AA  SLIIT\Y2S1\IT2011 AIML\My First AI Project\EfficientNetB3_Project\data\brain_tumor_mri\Training\meningioma_tumor\m1(148).jpg,m1(148).jpg,meningioma_tumor,Training,1,c22c1029b1f5d3b96679b64527073e0b5f575d492094578a9eff022649af84ec
C:\Users\ransi\Documents\AA  SLIIT\Y2S1\IT2011 AIML\My First AI Project\EfficientNetB3_Project\data\brain_tumor_mri\Training\pituitary_tumor\p (303).jpg,p (303).jpg,pituitary_tumor,Training,3,a1ee82164acd190067400d50f236fbb6004c0002fe3c09e4cf2d71752865140b
C:\Users\ransi\Documents\AA  SLIIT\Y2S1\IT2011 AIML\My First AI Project\EfficientNetB3_Project\data\brain_tumor_mri\Training\glioma_tumor\gg (325).jpg,gg (325).jpg,glioma_tumor,Training,0,d58a46088364acbe5aa2c81c63044d2bc2ea72f30d1eeaebded66e1b0d0b93e8
C:\Users\ransi\Documents\AA  SLIIT\Y2S1\IT2011 AIML\My First AI Project\EfficientNetB3_Project\data\brain_tumor_mri\Training\pituitary_tumor\p (279).jpg,p (279).jpg,pituitary_tumor,Training,3,4f6e88f42fe5fc77ace6a8ce229a13e9167eefb40b6d306685a1c0826de81e70
C:\Users\ransi\Documents\AA  SLIIT\Y2S1\IT2011 AIML\My First AI Project\EfficientNetB3_Project\data\brain_tumor_mri\Training\pituitary_tumor\p (342).jpg,p (342).jpg,pituitary_tumor,Training,3,a9cbb1ae743bdb7cfdcdbfd6e35d730fad5c823157d94bcfa9602c32bf222adc
C:\Users\ransi\Documents\AA  SLIIT\Y2S1\IT2011 AIML\My First AI Project\EfficientNetB3_Project\data\brain_tumor_mri\Training\glioma_tumor\gg (231).jpg,gg (231).jpg,glioma_tumor,Training,0,e9fd3faba5f9e6cd5082d6725c107550aad72987b1a189e267c88cb3a777d646
C:\Users\ransi\Documents\AA  SLIIT\Y2S1\IT2011 AIML\My First AI Project\EfficientNetB3_Project\data\brain_tumor_mri\Training\glioma_tumor\gg (419).jpg,gg (419).jpg,glioma_tumor,Training,0,5e09a23f6d30acea9bdc45d1d84430b8f8ec8d0a9e3ab0823c36d33da7ae116e
C:\Users\ransi\Documents\AA  SLIIT\Y2S1\IT2011 AIML\My First AI Project\EfficientNetB3_Project\data\brain_tumor_mri\Training\glioma_tumor\gg (75).jpg,gg (75).jpg,glioma_tumor,Training,0,cca970dd5008509052db7bd49443d3d887a77fd287f6189dfefde4ec03dd921c
C:\Users\ransi\Documents\AA  SLIIT\Y2S1\IT2011 AIML\My First AI Project\EfficientNetB3_Project\data\brain_tumor_mri\Training\no_tumor\image(158).jpg,image(158).jpg,no_tumor,Training,2,9a1a7d12c935c0029511710dba377c2d37ecf4924ec19c1644b6116b48c33610
C:\Users\ransi\Documents\AA  SLIIT\Y2S1\IT2011 AIML\My First AI Project\EfficientNetB3_Project\data\brain_tumor_mri\Testing\pituitary_tumor\image(79).jpg,image(79).jpg,pituitary_tumor,Testing,3,f2fe8ebc2148bb06343f550108f6ef8589a218c3e272a04779681f83f34e864c
C:\Users\ransi\Documents\AA  SLIIT\Y2S1\IT2011 AIML\My First AI Project\EfficientNetB3_Project\data\brain_tumor_mri\Testing\meningioma_tumor\image(25).jpg,image(25).jpg,meningioma_tumor,Testing,1,b31d723ab6491c8da12fddc8b756b398e5f35cf08f063f092b1a8c7cbc2d78c3
C:\Users\ransi\Documents\AA  SLIIT\Y2S1\IT2011 AIML\My First AI Project\EfficientNetB3_Project\data\brain_tumor_mri\Training\glioma_tumor\gg (410).jpg,gg (410).jpg,glioma_tumor,Training,0,2b7fad32e4a2e4b465b76783faddb96678b5c3b181fec480f0e63497cad5c576
C:\Users\ransi\Documents\AA  SLIIT\Y2S1\IT2011 AIML\My First AI Project\EfficientNetB3_Project\data\brain_tumor_mri\Training\meningioma_tumor\m2 (54).jpg,m2 (54).jpg,meningioma_tumor,Training,1,859c55997bfb3a4e82e06ca5a5ef8842998a950ad69db70ff944dc9d25676d2c
C:\Users\ransi\Documents\AA  SLIIT\Y2S1\IT2011 AIML\My First AI Project\EfficientNetB3_Project\data\brain_tumor_mri\Training\pituitary_tumor\p (720).jpg,p (720).jpg,pituitary_tumor,Training,3,e340988e91aacba549aa7c330a53d9d14a5a0bbca5bdc96759039f566d908bd0
C:\Users\ransi\Documents\AA  SLIIT\Y2S1\IT2011 AIML\My First AI Project\EfficientNetB3_Project\data\brain_tumor_mri\Training\glioma_tumor\gg (504).jpg,gg (504).jpg,glioma_tumor,Training,0,b3e060d18e8df599cb6edb786f45ea79b27e1d581c4dfce3a442e22972f59b2a
C:\Users\ransi\Documents\AA  SLIIT\Y2S1\IT2011 AIML\My First AI Project\EfficientNetB3_Project\data\brain_tumor_mri\Training\pituitary_tumor\p (96).jpg,p (96).jpg,pituitary_tumor,Training,3,4ec4a8bb61f8eafd1be3ef1f140ba4a3ae7eaba72c137cd6555451dc3ac3614e
C:\Users\ransi\Documents\AA  SLIIT\Y2S1\IT2011 AIML\My First AI Project\EfficientNetB3_Project\data\brain_tumor_mri\Training\pituitary_tumor\p (679).jpg,p (679).jpg,pituitary_tumor,Training,3,b52b210dcbdc4488777b4d8991fca0b982eb3ee2e5df62a042f54362c0f4371d
C:\Users\ransi\Documents\AA  SLIIT\Y2S1\IT2011 AIML\My First AI Project\EfficientNetB3_Project\data\brain_tumor_mri\Training\pituitary_tumor\p (130).jpg,p (130).jpg,pituitary_tumor,Training,3,f59605a9076d7a3cff5cca14c7ec768a40e00f4e47e9f2f6e929170d02396d81
C:\Users\ransi\Documents\AA  SLIIT\Y2S1\IT2011 AIML\My First AI Project\EfficientNetB3_Project\data\brain_tumor_mri\Training\glioma_tumor\gg (809).jpg,gg (809).jpg,glioma_tumor,Training,0,8d1acbe4dd690fc2b97056cf12458a5f1ea3d6e05e0032e099aa08a84af3359d
C:\Users\ransi\Documents\AA  SLIIT\Y2S1\IT2011 AIML\My First AI Project\EfficientNetB3_Project\data\brain_tumor_mri\Training\no_tumor\image(7).jpg,image(7).jpg,no_tumor,Training,2,76a70a3f68103e335f080a323d763fbda5febc37e4714c2f9b54499795f13fa3
C:\Users\ransi\Documents\AA  SLIIT\Y2S1\IT2011 AIML\My First AI Project\EfficientNetB3_Project\data\brain_tumor_mri\Training\pituitary_tumor\p (169).jpg,p (169).jpg,pituitary_tumor,Training,3,f4a433b73da93954d529a73aec77c29f15649ecb43de373079c952ff0bfde74e
C:\Users\ransi\Documents\AA  SLIIT\Y2S1\IT2011 AIML\My First AI Project\EfficientNetB3_Project\data\brain_tumor_mri\Training\pituitary_tumor\p (218).jpg,p (218).jpg,pituitary_tumor,Training,3,e2072eaa2bc858f6ccb4bc0eec8b9f844a9957f0bc2a0a0564a5306ea7b83cfd
C:\Users\ransi\Documents\AA  SLIIT\Y2S1\IT2011 AIML\My First AI Project\EfficientNetB3_Project\data\brain_tumor_mri\Training\glioma_tumor\gg (421).jpg,gg (421).jpg,glioma_tumor,Training,0,864b7a83856064451bebf0aa021e165e0348765073bbd0ec65dbdc25441738ac
C:\Users\ransi\Documents\AA  SLIIT\Y2S1\IT2011 AIML\My First AI Project\EfficientNetB3_Project\data\brain_tumor_mri\Training\meningioma_tumor\m2 (105).jpg,m2 (105).jpg,meningioma_tumor,Training,1,3a546b4a5d1644d1032f09c3dc93d6473967c3e1285e27ce82a69a2202a97000
C:\Users\ransi\Documents\AA  SLIIT\Y2S1\IT2011 AIML\My First AI Project\EfficientNetB3_Project\data\brain_tumor_mri\Training\pituitary_tumor\p (801).jpg,p (801).jpg,pituitary_tumor,Training,3,9ff5d43b4a267f10efe7fbdcbf9663a5800cf8e7f23069ef6a7535d1d6e3cb8c
C:\Users\ransi\Documents\AA  SLIIT\Y2S1\IT2011 AIML\My First AI Project\EfficientNetB3_Project\data\brain_tumor_mri\Training\pituitary_tumor\p (252).jpg,p (252).jpg,pituitary_tumor,Training,3,8a4a14e666a67b90bf01bac1b85170bacf41fda33c7a7394d5e82e83c6f6f324
C:\Users\ransi\Documents\AA  SLIIT\Y2S1\IT2011 AIML\My First AI Project\EfficientNetB3_Project\data\brain_tumor_mri\Training\pituitary_tumor\p (412).jpg,p (412).jpg,pituitary_tumor,Training,3,61839d9f883352044be49023276e1a99613a6a0ba432686529d7b9c47c215a68
C:\Users\ransi\Documents\AA  SLIIT\Y2S1\IT2011 AIML\My First AI Project\EfficientNetB3_Project\data\brain_tumor_mri\Training\glioma_tumor\gg (579).jpg,gg (579).jpg,glioma_tumor,Training,0,7e7d95a0d5514d8a5d7d28753d6db174f59944bb92fec027aa7d93a527ffab53
C:\Users\ransi\Documents\AA  SLIIT\Y2S1\IT2011 AIML\My First AI Project\EfficientNetB3_Project\data\brain_tumor_mri\Training\pituitary_tumor\p (493).jpg,p (493).jpg,pituitary_tumor,Training,3,decd1d966e19fd5ba7cd8e11ea343212102f9a63e8a608a63d58ca0ac078db60
C:\Users\ransi\Documents\AA  SLIIT\Y2S1\IT2011 AIML\My First AI Project\EfficientNetB3_Project\data\brain_tumor_mri\Training\no_tumor\image(101).jpg,image(101).jpg,no_tumor,Training,2,6f3bdbdba45d1f985b33e51c93c318e0f04f2c3186dfae874050a99a11b1af02
C:\Users\ransi\Documents\AA  SLIIT\Y2S1\IT2011 AIML\My First AI Project\EfficientNetB3_Project\data\brain_tumor_mri\Training\pituitary_tumor\p (22).jpg,p (22).jpg,pituitary_tumor,Training,3,fa722d489855c3b86aee183ec10619a5fb285ea210b7b212de43a8e6ee4a290f
C:\Users\ransi\Documents\AA  SLIIT\Y2S1\IT2011 AIML\My First AI Project\EfficientNetB3_Project\data\brain_tumor_mri\Training\meningioma_tumor\m1(85).jpg,m1(85).jpg,meningioma_tumor,Training,1,89b8f1d3133f69388cb79c6ba2e0304cce6c0e64e86e501c6ae506b89c1f661b
C:\Users\ransi\Documents\AA  SLIIT\Y2S1\IT2011 AIML\My First AI Project\EfficientNetB3_Project\data\brain_tumor_mri\Training\glioma_tumor\gg (176).jpg,gg (176).jpg,glioma_tumor,Training,0,b94765700c261158f6fcf5490ebba7f6391b6480d32edc0817d1ff939daba4d5
C:\Users\ransi\Documents\AA  SLIIT\Y2S1\IT2011 AIML\My First AI Project\EfficientNetB3_Project\data\brain_tumor_mri\Training\pituitary_tumor\p (290).jpg,p (290).jpg,pituitary_tumor,Training,3,d24ed1577de77f289d9fff6eb001012389a169e57e99a1d8a80d553ed1188d3e
C:\Users\ransi\Documents\AA  SLIIT\Y2S1\IT2011 AIML\My First AI Project\EfficientNetB3_Project\data\brain_tumor_mri\Training\no_tumor\image(99).jpg,image(99).jpg,no_tumor,Training,2,32c582d087d73d6ffaa20528c12ea6b81d9c348808789feb72b548a4fccc0d69
C:\Users\ransi\Documents\AA  SLIIT\Y2S1\IT2011 AIML\My First AI Project\EfficientNetB3_Project\data\brain_tumor_mri\Training\no_tumor\image(308).jpg,image(308).jpg,no_tumor,Training,2,95b8ce855e68fcce7fac77b3f4d27aa785b879a2d797d92f85ae232b0fe667e8
C:\Users\ransi\Documents\AA  SLIIT\Y2S1\IT2011 AIML\My First AI Project\EfficientNetB3_Project\data\brain_tumor_mri\Training\no_tumor\image (43).jpg,image (43).jpg,no_tumor,Training,2,3fe17b3fd3ce3aa90a87f7fec9e5ceb19fd057ad5f5e716ace23115a24ef66b6
C:\Users\ransi\Documents\AA  SLIIT\Y2S1\IT2011 AIML\My First AI Project\EfficientNetB3_Project\data\brain_tumor_mri\Training\glioma_tumor\gg (355).jpg,gg (355).jpg,glioma_tumor,Training,0,d99e10f8e97cd2fdf4d9988074ea2c54de659e1fc786df65616beffa8e433e63
C:\Users\ransi\Documents\AA  SLIIT\Y2S1\IT2011 AIML\My First AI Project\EfficientNetB3_Project\data\brain_tumor_mri\Training\pituitary_tumor\p (206).jpg,p (206).jpg,pituitary_tumor,Training,3,a4ff4ff5bea9a05a2f6f20e71187c56db6b736f4cac424586112a4aa7d723c69
C:\Users\ransi\Documents\AA  SLIIT\Y2S1\IT2011 AIML\My First AI Project\EfficientNetB3_Project\data\brain_tumor_mri\Training\meningioma_tumor\m1(112).jpg,m1(112).jpg,meningioma_tumor,Training,1,102ec1a84a997171c48cea71d746215bea0fc31cbf51d3a6ba13bea5194b0bf3
C:\Users\ransi\Documents\AA  SLIIT\Y2S1\IT2011 AIML\My First AI Project\EfficientNetB3_Project\data\brain_tumor_mri\Training\pituitary_tumor\p (299).jpg,p (299).jpg,pituitary_tumor,Training,3,9add2d12a5b4ca15502fb6964d1353c4725c3e4affd5d6f9d142b1f70cf7e219
C:\Users\ransi\Documents\AA  SLIIT\Y2S1\IT2011 AIML\My First AI Project\EfficientNetB3_Project\data\brain_tumor_mri\Training\meningioma_tumor\m2 (154).jpg,m2 (154).jpg,meningioma_tumor,Training,1,f9fe3ed624d2b5a66d863979fba83eb7aeec9cd39791cc4cb6645a085c1dbb0e
C:\Users\ransi\Documents\AA  SLIIT\Y2S1\IT2011 AIML\My First AI Project\EfficientNetB3_Project\data\brain_tumor_mri\Testing\meningioma_tumor\image(100).jpg,image(100).jpg,meningioma_tumor,Testing,1,ab6340a63c76fe15809d9989b432bb6520301573452d9efed240c9e211e100f9
C:\Users\ransi\Documents\AA  SLIIT\Y2S1\IT2011 AIML\My First AI Project\EfficientNetB3_Project\data\brain_tumor_mri\Training\meningioma_tumor\m1(13).jpg,m1(13).jpg,meningioma_tumor,Training,1,d91ae0e0d1f99015ce544e9428ed73985c5aaa9fa4a189039c114b41e83ae67b
C:\Users\ransi\Documents\AA  SLIIT\Y2S1\IT2011 AIML\My First AI Project\EfficientNetB3_Project\data\brain_tumor_mri\Training\no_tumor\image (61).jpg,image (61).jpg,no_tumor,Training,2,040daff6e5eb6eaa70b0f175576954db75ab0f754d1877736f019dccac1a2bd2
C:\Users\ransi\Documents\AA  SLIIT\Y2S1\IT2011 AIML\My First AI Project\EfficientNetB3_Project\data\brain_tumor_mri\Training\pituitary_tumor\p (627).jpg,p (627).jpg,pituitary_tumor,Training,3,87bcb7ff0b80ee6e111fa4b7fd6dba2d3e53323516597f9ea1c792e337308caa
C:\Users\ransi\Documents\AA  SLIIT\Y2S1\IT2011 AIML\My First AI Project\EfficientNetB3_Project\data\brain_tumor_mri\Training\glioma_tumor\gg (52).jpg,gg (52).jpg,glioma_tumor,Training,0,4da5c6727cf6c8e3fcc71570ac0f6c2401b99072199f44642a1dd6817621a596
C:\Users\ransi\Documents\AA  SLIIT\Y2S1\IT2011 AIML\My First AI Project\EfficientNetB3_Project\data\brain_tumor_mri\Training\meningioma_tumor\m2 (148).jpg,m2 (148).jpg,meningioma_tumor,Training,1,f4ff6281db0938d3beb5a0ac4da533923b8dc1fe67345ad21ac7de050befd3a5
C:\Users\ransi\Documents\AA  SLIIT\Y2S1\IT2011 AIML\My First AI Project\EfficientNetB3_Project\data\brain_tumor_mri\Training\pituitary_tumor\p (144).jpg,p (144).jpg,pituitary_tumor,Training,3,a8d83b4a409171d5e2fbfc5bb45b3fca899f2a43a05277f951a361c2935204c4
C:\Users\ransi\Documents\AA  SLIIT\Y2S1\IT2011 AIML\My First AI Project\EfficientNetB3_Project\data\brain_tumor_mri\Training\no_tumor\image (48).jpg,image (48).jpg,no_tumor,Training,2,77ed920e1688b867cf62bed46e5bcafb5d16d7a04f869cef88bce986d262ca6d
C:\Users\ransi\Documents\AA  SLIIT\Y2S1\IT2011 AIML\My First AI Project\EfficientNetB3_Project\data\brain_tumor_mri\Training\glioma_tumor\gg (435).jpg,gg (435).jpg,glioma_tumor,Training,0,0d324f17557519312e90c40272704da4e438721b9edad1833de542fab2e6f19b
C:\Users\ransi\Documents\AA  SLIIT\Y2S1\IT2011 AIML\My First AI Project\EfficientNetB3_Project\data\brain_tumor_mri\Training\glioma_tumor\gg (774).jpg,gg (774).jpg,glioma_tumor,Training,0,37914bc658c50ba2ca1ae4f1a57a8ee9421edcd49159dba28d60212abd3a229b
C:\Users\ransi\Documents\AA  SLIIT\Y2S1\IT2011 AIML\My First AI Project\EfficientNetB3_Project\data\brain_tumor_mri\Training\no_tumor\image(78).jpg,image(78).jpg,no_tumor,Training,2,fa212e03ec1757d375fc594d6f8884ff22b43b091d37dd1b7589a236289a6421
C:\Users\ransi\Documents\AA  SLIIT\Y2S1\IT2011 AIML\My First AI Project\EfficientNetB3_Project\data\brain_tumor_mri\Training\meningioma_tumor\m (24).jpg,m (24).jpg,meningioma_tumor,Training,1,fb0e60974cdc3a8eb5efdb8e404a3d8aa5194f1af00adcf2b97bdcef8ce1ca98
C:\Users\ransi\Documents\AA  SLIIT\Y2S1\IT2011 AIML\My First AI Project\EfficientNetB3_Project\data\brain_tumor_mri\Training\glioma_tumor\gg (210).jpg,gg (210).jpg,glioma_tumor,Training,0,e85231f374baaa8d1ebc1d87b11e6228df68b66a7c4594b32c288dfcd35bc3c3
C:\Users\ransi\Documents\AA  SLIIT\Y2S1\IT2011 AIML\My First AI Project\EfficientNetB3_Project\data\brain_tumor_mri\Training\meningioma_tumor\m3 (211).jpg,m3 (211).jpg,meningioma_tumor,Training,1,b50e248ad41a292ae530634f8b3316033e95e0051f0425e023ff6a4117ddc585
C:\Users\ransi\Documents\AA  SLIIT\Y2S1\IT2011 AIML\My First AI Project\EfficientNetB3_Project\data\brain_tumor_mri\Training\meningioma_tumor\m (188).jpg,m (188).jpg,meningioma_tumor,Training,1,c681f02e453d7a75acdea8a94e1dd39134c12b1a0ed3d6487481037a5e7b31e1
C:\Users\ransi\Documents\AA  SLIIT\Y2S1\IT2011 AIML\My First AI Project\EfficientNetB3_Project\data\brain_tumor_mri\Training\no_tumor\image (49).jpg,image (49).jpg,no_tumor,Training,2,5974b1c4f3ed366ad867c794efc2ff3e2d7d47df283d5b25818f7b20d02f1081
C:\Users\ransi\Documents\AA  SLIIT\Y2S1\IT2011 AIML\My First AI Project\EfficientNetB3_Project\data\brain_tumor_mri\Testing\no_tumor\image(16).jpg,image(16).jpg,no_tumor,Testing,2,d07ac7d4c62a45c3ca88e4b57cf485acd22b5d5f5e519110f769eb0cd9169d47
C:\Users\ransi\Documents\AA  SLIIT\Y2S1\IT2011 AIML\My First AI Project\EfficientNetB3_Project\data\brain_tumor_mri\Training\glioma_tumor\gg (698).jpg,gg (698).jpg,glioma_tumor,Training,0,fc995e13b75f7a73ebce395e7bba9ea485bc180661083c62cce261d734fc6b9b
C:\Users\ransi\Documents\AA  SLIIT\Y2S1\IT2011 AIML\My First AI Project\EfficientNetB3_Project\data\brain_tumor_mri\Training\pituitary_tumor\p (411).jpg,p (411).jpg,pituitary_tumor,Training,3,6d8f3393815909950e3f14c042567f84cd6e6a901b331a3a9822992d42cc6ae8
C:\Users\ransi\Documents\AA  SLIIT\Y2S1\IT2011 AIML\My First AI Project\EfficientNetB3_Project\data\brain_tumor_mri\Training\pituitary_tumor\p (333).jpg,p (333).jpg,pituitary_tumor,Training,3,29f7d8cbe83c3d4f13c2a7a09bea6479aaadd3744a4db0b07cd35b159013cab3
C:\Users\ransi\Documents\AA  SLIIT\Y2S1\IT2011 AIML\My First AI Project\EfficientNetB3_Project\data\brain_tumor_mri\Training\no_tumor\image (10).jpg,image (10).jpg,no_tumor,Training,2,e0fac499997e78af73b54bc6f9ffe412d70e42988e06ea8bd8a5bd6e4858e6fe
C:\Users\ransi\Documents\AA  SLIIT\Y2S1\IT2011 AIML\My First AI Project\EfficientNetB3_Project\data\brain_tumor_mri\Training\glioma_tumor\gg (819).jpg,gg (819).jpg,glioma_tumor,Training,0,c8e9aead974cf2b0ae6248315d51999cfd674da86c926152f77d214a67114954
C:\Users\ransi\Documents\AA  SLIIT\Y2S1\IT2011 AIML\My First AI Project\EfficientNetB3_Project\data\brain_tumor_mri\Testing\glioma_tumor\image(2).jpg,image(2).jpg,glioma_tumor,Testing,0,1b2c885fd4d1c4df023f0cfde39fdf707f1e81e8d59fe716080223e0a4f5b834
C:\Users\ransi\Documents\AA  SLIIT\Y2S1\IT2011 AIML\My First AI Project\EfficientNetB3_Project\data\brain_tumor_mri\Training\glioma_tumor\gg (305).jpg,gg (305).jpg,glioma_tumor,Training,0,d31a7eba54006893d45d6e0677091d0732178cbb4bab9e405faf244afecb728e
C:\Users\ransi\Documents\AA  SLIIT\Y2S1\IT2011 AIML\My First AI Project\EfficientNetB3_Project\data\brain_tumor_mri\Training\pituitary_tumor\p (669).jpg,p (669).jpg,pituitary_tumor,Training,3,f07e320314ee7d53e61865180aef0b589a845925fdda343a43e6488cf8e7e8db
C:\Users\ransi\Documents\AA  SLIIT\Y2S1\IT2011 AIML\My First AI Project\EfficientNetB3_Project\data\brain_tumor_mri\Training\meningioma_tumor\m (78).jpg,m (78).jpg,meningioma_tumor,Training,1,7b77b7b9d5c576202a52bfa93ec6fdbd0135b2a9bec444351668aabaf3f281b4
C:\Users\ransi\Documents\AA  SLIIT\Y2S1\IT2011 AIML\My First AI Project\EfficientNetB3_Project\data\brain_tumor_mri\Testing\meningioma_tumor\image(97).jpg,image(97).jpg,meningioma_tumor,Testing,1,d92efa88092779d3c25197e69bdc238ff39cc37befc438b2a1a0f5cb5f1946d2
C:\Users\ransi\Documents\AA  SLIIT\Y2S1\IT2011 AIML\My First AI Project\EfficientNetB3_Project\data\brain_tumor_mri\Testing\glioma_tumor\image(19).jpg,image(19).jpg,glioma_tumor,Testing,0,0c8aa58632f07c2523031db61db5abf9bcc373125c5acdccadad097af3c979fa
C:\Users\ransi\Documents\AA  SLIIT\Y2S1\IT2011 AIML\My First AI Project\EfficientNetB3_Project\data\brain_tumor_mri\Training\meningioma_tumor\m2 (177).jpg,m2 (177).jpg,meningioma_tumor,Training,1,c5555017b153cbd288736508e17ba410ef53bd353f35558a79651e8e7011d319
C:\Users\ransi\Documents\AA  SLIIT\Y2S1\IT2011 AIML\My First AI Project\EfficientNetB3_Project\data\brain_tumor_mri\Training\pituitary_tumor\p (45).jpg,p (45).jpg,pituitary_tumor,Training,3,23af532520d496eb5c76e72177abe55c6e6b3d6f2e82866db28895a66b724cd1
C:\Users\ransi\Documents\AA  SLIIT\Y2S1\IT2011 AIML\My First AI Project\EfficientNetB3_Project\data\brain_tumor_mri\Training\meningioma_tumor\m1(4).jpg,m1(4).jpg,meningioma_tumor,Training,1,141138c436ee1cfc6ca00fbef0a6bebb18fd9fa799992f6ddd1b99d315c107df
C:\Users\ransi\Documents\AA  SLIIT\Y2S1\IT2011 AIML\My First AI Project\EfficientNetB3_Project\data\brain_tumor_mri\Training\glioma_tumor\gg (677).jpg,gg (677).jpg,glioma_tumor,Training,0,6674e11f2138d476e985e5ab20b8550b049c9bc205341a753a500ac2d420321e
C:\Users\ransi\Documents\AA  SLIIT\Y2S1\IT2011 AIML\My First AI Project\EfficientNetB3_Project\data\brain_tumor_mri\Training\meningioma_tumor\m1(33).jpg,m1(33).jpg,meningioma_tumor,Training,1,afb11d657c31cd964d904585a6b1d00e4a5a6c24f60c762b16f5f0ef3448bf74
C:\Users\ransi\Documents\AA  SLIIT\Y2S1\IT2011 AIML\My First AI Project\EfficientNetB3_Project\data\brain_tumor_mri\Training\meningioma_tumor\m3 (242).jpg,m3 (242).jpg,meningioma_tumor,Training,1,17803c66d07a3487624a820bcc31c25b006940a29edb423aa271fcdce5fa395c
C:\Users\ransi\Documents\AA  SLIIT\Y2S1\IT2011 AIML\My First AI Project\EfficientNetB3_Project\data\brain_tumor_mri\Training\no_tumor\image(285).jpg,image(285).jpg,no_tumor,Training,2,95ffabd6cfd94e094cd1af64396bfa75f578a012f52b23cbf8e5fa828ffa4863
C:\Users\ransi\Documents\AA  SLIIT\Y2S1\IT2011 AIML\My First AI Project\EfficientNetB3_Project\data\brain_tumor_mri\Training\pituitary_tumor\p (730).jpg,p (730).jpg,pituitary_tumor,Training,3,e406e11fc41eeeadfb90f8ddb5202af455f2e953f0b5ab2154713f5f1163db68
C:\Users\ransi\Documents\AA  SLIIT\Y2S1\IT2011 AIML\My First AI Project\EfficientNetB3_Project\data\brain_tumor_mri\Training\glioma_tumor\gg (783).jpg,gg (783).jpg,glioma_tumor,Training,0,b86a5a9523695e65acb20db8ffa02aa18853fedd71e104b94f2b5e99600c8c36
C:\Users\ransi\Documents\AA  SLIIT\Y2S1\IT2011 AIML\My First AI Project\EfficientNetB3_Project\data\brain_tumor_mri\Training\no_tumor\image(59).jpg,image(59).jpg,no_tumor,Training,2,136e27954eca1b7b887f3700f412b2c531153938a0d721d1557a94c3362497c2
C:\Users\ransi\Documents\AA  SLIIT\Y2S1\IT2011 AIML\My First AI Project\EfficientNetB3_Project\data\brain_tumor_mri\Training\no_tumor\image(68).jpg,image(68).jpg,no_tumor,Training,2,bf590df79c3f0a0ee28f4c1238720e89f40e4437c827273e3a168708f6fe8476
C:\Users\ransi\Documents\AA  SLIIT\Y2S1\IT2011 AIML\My First AI Project\EfficientNetB3_Project\data\brain_tumor_mri\Training\glioma_tumor\gg (263).jpg,gg (263).jpg,glioma_tumor,Training,0,af19008daa582bcf8c702add65daa865d01f3624b04976ce6e3890864e342665
C:\Users\ransi\Documents\AA  SLIIT\Y2S1\IT2011 AIML\My First AI Project\EfficientNetB3_Project\data\brain_tumor_mri\Testing\meningioma_tumor\image(6).jpg,image(6).jpg,meningioma_tumor,Testing,1,96d13f31ce2855d42059c938bca3fbe684753e76f98c67d0d9aaae0e8d0fbd90
C:\Users\ransi\Documents\AA  SLIIT\Y2S1\IT2011 AIML\My First AI Project\EfficientNetB3_Project\data\brain_tumor_mri\Training\no_tumor\image (42).jpg,image (42).jpg,no_tumor,Training,2,bb9c025c5eb356f3320db5c35e8d2b0ce4489ca23cb78b5c9735d33db6ed6d61
C:\Users\ransi\Documents\AA  SLIIT\Y2S1\IT2011 AIML\My First AI Project\EfficientNetB3_Project\data\brain_tumor_mri\Training\meningioma_tumor\m3 (209).jpg,m3 (209).jpg,meningioma_tumor,Training,1,e9ee20f9456d8b399e58a9aa89c7bbbc5ac973feb9ee052f0ee8f1797f980f90
C:\Users\ransi\Documents\AA  SLIIT\Y2S1\IT2011 AIML\My First AI Project\EfficientNetB3_Project\data\brain_tumor_mri\Training\meningioma_tumor\m (183).jpg,m (183).jpg,meningioma_tumor,Training,1,960155b05ea8f0ddcbcd3a5e29905c2a4b55832f03e5b7d6491c73955960d278
C:\Users\ransi\Documents\AA  SLIIT\Y2S1\IT2011 AIML\My First AI Project\EfficientNetB3_Project\data\brain_tumor_mri\Testing\meningioma_tumor\image(20).jpg,image(20).jpg,meningioma_tumor,Testing,1,49938c1a7f37ea232898c06615f57fef3e9a8a464c93a20206394a1aa2360e46
C:\Users\ransi\Documents\AA  SLIIT\Y2S1\IT2011 AIML\My First AI Project\EfficientNetB3_Project\data\brain_tumor_mri\Testing\meningioma_tumor\image(118).jpg,image(118).jpg,meningioma_tumor,Testing,1,86847c6a4729a4b19bf1b3f58905c68812c6f75ea680c0ccb1621b94e165d16f
C:\Users\ransi\Documents\AA  SLIIT\Y2S1\IT2011 AIML\My First AI Project\EfficientNetB3_Project\data\brain_tumor_mri\Training\glioma_tumor\gg (124).jpg,gg (124).jpg,glioma_tumor,Training,0,55d46c31edb02631660c7bd337d2aa3d3389f139065b0628b46083f8f45a5061
C:\Users\ransi\Documents\AA  SLIIT\Y2S1\IT2011 AIML\My First AI Project\EfficientNetB3_Project\data\brain_tumor_mri\Training\glioma_tumor\gg (271).jpg,gg (271).jpg,glioma_tumor,Training,0,18a7abdb3b9aaa94fa5b869c3c5f607e374209812c759b255fe3c0c8d2ba6981
C:\Users\ransi\Documents\AA  SLIIT\Y2S1\IT2011 AIML\My First AI Project\EfficientNetB3_Project\data\brain_tumor_mri\Training\pituitary_tumor\p (125).jpg,p (125).jpg,pituitary_tumor,Training,3,f75bec4a247cc7c2a68717160d4302905cf47399875dda19674c6a97883e2b7c
C:\Users\ransi\Documents\AA  SLIIT\Y2S1\IT2011 AIML\My First AI Project\EfficientNetB3_Project\data\brain_tumor_mri\Training\glioma_tumor\gg (470).jpg,gg (470).jpg,glioma_tumor,Training,0,064ab9d49db8f3a06cab2fed128d3ac8fd46904f6a8090eb171c3951e142a477
C:\Users\ransi\Documents\AA  SLIIT\Y2S1\IT2011 AIML\My First AI Project\EfficientNetB3_Project\data\brain_tumor_mri\Training\pituitary_tumor\p (483).jpg,p (483).jpg,pituitary_tumor,Training,3,c3ff671aef3b76640bb5f052501c662619f5f1c63a3fea3b7dcbdea749a203b8
C:\Users\ransi\Documents\AA  SLIIT\Y2S1\IT2011 AIML\My First AI Project\EfficientNetB3_Project\data\brain_tumor_mri\Testing\no_tumor\image(42).jpg,image(42).jpg,no_tumor,Testing,2,6df56cc8a677bbc089ccb7f85e5f40b665a551aa28c7f2fffffcaddf521ed503
C:\Users\ransi\Documents\AA  SLIIT\Y2S1\IT2011 AIML\My First AI Project\EfficientNetB3_Project\data\brain_tumor_mri\Training\pituitary_tumor\p (380).jpg,p (380).jpg,pituitary_tumor,Training,3,e9732ddbbbe4891f6d1cefc7890f2bce1b7bd714c93351e3e4b55ed6a2365572
C:\Users\ransi\Documents\AA  SLIIT\Y2S1\IT2011 AIML\My First AI Project\EfficientNetB3_Project\data\brain_tumor_mri\Training\glioma_tumor\gg (6).jpg,gg (6).jpg,glioma_tumor,Training,0,421091ac691335ddef27148d922ed0caaca595aa0648f918a409848297948f17
C:\Users\ransi\Documents\AA  SLIIT\Y2S1\IT2011 AIML\My First AI Project\EfficientNetB3_Project\data\brain_tumor_mri\Testing\pituitary_tumor\image(6).jpg,image(6).jpg,pituitary_tumor,Testing,3,ed53cb5d51e0db7d64d607abe881e84bee22f648bf6b22fbc9b627db896b9524
C:\Users\ransi\Documents\AA  SLIIT\Y2S1\IT2011 AIML\My First AI Project\EfficientNetB3_Project\data\brain_tumor_mri\Training\pituitary_tumor\p (151).jpg,p (151).jpg,pituitary_tumor,Training,3,d55f5e1110988831e955b84909a0175cf29d478ab715385996763d39e4d36274
C:\Users\ransi\Documents\AA  SLIIT\Y2S1\IT2011 AIML\My First AI Project\EfficientNetB3_Project\data\brain_tumor_mri\Training\meningioma_tumor\m1(168).jpg,m1(168).jpg,meningioma_tumor,Training,1,ce8b974baddb2dc8bac4115b3f5c9c3006cd7a0134c3722906ef5c08d3294150
C:\Users\ransi\Documents\AA  SLIIT\Y2S1\IT2011 AIML\My First AI Project\EfficientNetB3_Project\data\brain_tumor_mri\Training\glioma_tumor\gg (825).jpg,gg (825).jpg,glioma_tumor,Training,0,07de01c21b4c1bfa695ce058fb68678fc129a4883f83633f4ff043bb47f01d5a
C:\Users\ransi\Documents\AA  SLIIT\Y2S1\IT2011 AIML\My First AI Project\EfficientNetB3_Project\data\brain_tumor_mri\Training\no_tumor\image (55).jpg,image (55).jpg,no_tumor,Training,2,f312e388a4ef96442e3e21fbbfd789d5d5b0f66a7a5dc73a69fc0bfc59a8ab11
C:\Users\ransi\Documents\AA  SLIIT\Y2S1\IT2011 AIML\My First AI Project\EfficientNetB3_Project\data\brain_tumor_mri\Training\glioma_tumor\gg (450).jpg,gg (450).jpg,glioma_tumor,Training,0,7c0ccb8d91d61d78de70f642320de54fe663a1ce23c52b460e017ff90b41abc2
C:\Users\ransi\Documents\AA  SLIIT\Y2S1\IT2011 AIML\My First AI Project\EfficientNetB3_Project\data\brain_tumor_mri\Training\glioma_tumor\gg (495).jpg,gg (495).jpg,glioma_tumor,Training,0,ea34cfeae677c5c48555fd4114058aad3bacaa56dd96b6b24345ed3535840150
C:\Users\ransi\Documents\AA  SLIIT\Y2S1\IT2011 AIML\My First AI Project\EfficientNetB3_Project\data\brain_tumor_mri\Training\glioma_tumor\gg (718).jpg,gg (718).jpg,glioma_tumor,Training,0,3f1592d8c2cda682a7546fe447294505bbf7cfd59803a357b31e6cbad3253609
C:\Users\ransi\Documents\AA  SLIIT\Y2S1\IT2011 AIML\My First AI Project\EfficientNetB3_Project\data\brain_tumor_mri\Training\pituitary_tumor\p (649).jpg,p (649).jpg,pituitary_tumor,Training,3,df24e2a120109df9c7a083742c6ffff843d725e9478d6b93f512b31360c8685c
C:\Users\ransi\Documents\AA  SLIIT\Y2S1\IT2011 AIML\My First AI Project\EfficientNetB3_Project\data\brain_tumor_mri\Training\no_tumor\image(207).jpg,image(207).jpg,no_tumor,Training,2,2aac1c7e5ebac9dcfab248f7b6a784162e76f9ca17ed823908773efdb8d6a3cc
C:\Users\ransi\Documents\AA  SLIIT\Y2S1\IT2011 AIML\My First AI Project\EfficientNetB3_Project\data\brain_tumor_mri\Training\no_tumor\image(258).jpg,image(258).jpg,no_tumor,Training,2,7a7fcfb55378e4367cb3f163dc510df7e4b5f95d8fee5e4407b6ef397d56e243
C:\Users\ransi\Documents\AA  SLIIT\Y2S1\IT2011 AIML\My First AI Project\EfficientNetB3_Project\data\brain_tumor_mri\Training\glioma_tumor\gg (446).jpg,gg (446).jpg,glioma_tumor,Training,0,0c7f8fcc587bb50a41b6b290463fb5aee887140b4a3de334e94c25d2744a90a1
C:\Users\ransi\Documents\AA  SLIIT\Y2S1\IT2011 AIML\My First AI Project\EfficientNetB3_Project\data\brain_tumor_mri\Training\glioma_tumor\gg (423).jpg,gg (423).jpg,glioma_tumor,Training,0,578394aa28ef74537ad37b352adf9796c854ec23f64f52b082297824fea32893
C:\Users\ransi\Documents\AA  SLIIT\Y2S1\IT2011 AIML\My First AI Project\EfficientNetB3_Project\data\brain_tumor_mri\Training\meningioma_tumor\m (138).jpg,m (138).jpg,meningioma_tumor,Training,1,187def40376c4bf27c5768b807ee97199eb7676f78a68d2712cc67c719f1b766
C:\Users\ransi\Documents\AA  SLIIT\Y2S1\IT2011 AIML\My First AI Project\EfficientNetB3_Project\data\brain_tumor_mri\Testing\pituitary_tumor\image(70).jpg,image(70).jpg,pituitary_tumor,Testing,3,2ff387b9c84bad104f2f095f9832781f634931e584e02a1afab513037079eea5
C:\Users\ransi\Documents\AA  SLIIT\Y2S1\IT2011 AIML\My First AI Project\EfficientNetB3_Project\data\brain_tumor_mri\Training\glioma_tumor\gg (810).jpg,gg (810).jpg,glioma_tumor,Training,0,8ca09bcc0ce38c544bc5f555e7efd5c4db6ddd9688bd7ff0ca32df90152eb58d
C:\Users\ransi\Documents\AA  SLIIT\Y2S1\IT2011 AIML\My First AI Project\EfficientNetB3_Project\data\brain_tumor_mri\Testing\pituitary_tumor\image(89).jpg,image(89).jpg,pituitary_tumor,Testing,3,8d463bf588c1bc9e685df1729434a541f187054456fe244024966078fe1aef61
C:\Users\ransi\Documents\AA  SLIIT\Y2S1\IT2011 AIML\My First AI Project\EfficientNetB3_Project\data\brain_tumor_mri\Training\pituitary_tumor\p (498).jpg,p (498).jpg,pituitary_tumor,Training,3,3bd54ab8a4eadad26fe4450b81b5e875dcb92bfcb039a1644c85c8d4ab63a7b3
C:\Users\ransi\Documents\AA  SLIIT\Y2S1\IT2011 AIML\My First AI Project\EfficientNetB3_Project\data\brain_tumor_mri\Training\no_tumor\image(141).jpg,image(141).jpg,no_tumor,Training,2,e0469797181b80d7dbc8d52ad3bd187ed938065ff6d85a25c73eb8c0d0bae700
C:\Users\ransi\Documents\AA  SLIIT\Y2S1\IT2011 AIML\My First AI Project\EfficientNetB3_Project\data\brain_tumor_mri\Training\pituitary_tumor\p (439).jpg,p (439).jpg,pituitary_tumor,Training,3,9cf9b7c9e35b9f5a7ef60e9448f60bc89b5b3b28efd605f8087514a61a160886
C:\Users\ransi\Documents\AA  SLIIT\Y2S1\IT2011 AIML\My First AI Project\EfficientNetB3_Project\data\brain_tumor_mri\Testing\meningioma_tumor\image(84).jpg,image(84).jpg,meningioma_tumor,Testing,1,0e0691ddbafbb3de52d589c410cadc2279466b3a5d085c9af34140d407062f73
C:\Users\ransi\Documents\AA  SLIIT\Y2S1\IT2011 AIML\My First AI Project\EfficientNetB3_Project\data\brain_tumor_mri\Training\pituitary_tumor\p (699).jpg,p (699).jpg,pituitary_tumor,Training,3,a8702df017101fc70cbefde3a6a3d43cacefaa05442af42d5f9775cb7cd73402
C:\Users\ransi\Documents\AA  SLIIT\Y2S1\IT2011 AIML\My First AI Project\EfficientNetB3_Project\data\brain_tumor_mri\Training\meningioma_tumor\m1(151).jpg,m1(151).jpg,meningioma_tumor,Training,1,589c2d7cc54da48a6870686143589d963f0c4d9da3d44c884ae61969f4239780
C:\Users\ransi\Documents\AA  SLIIT\Y2S1\IT2011 AIML\My First AI Project\EfficientNetB3_Project\data\brain_tumor_mri\Training\pituitary_tumor\p (223).jpg,p (223).jpg,pituitary_tumor,Training,3,e99c672f26af250b3eded9b23e6ac650ffded757868636f7483b30e7bbcb7a1c
C:\Users\ransi\Documents\AA  SLIIT\Y2S1\IT2011 AIML\My First AI Project\EfficientNetB3_Project\data\brain_tumor_mri\Training\no_tumor\image(164).jpg,image(164).jpg,no_tumor,Training,2,e9a63334af63a2ec8cab2149ec091466c60df5fe115cf36cc30c9304dacbb376
C:\Users\ransi\Documents\AA  SLIIT\Y2S1\IT2011 AIML\My First AI Project\EfficientNetB3_Project\data\brain_tumor_mri\Training\no_tumor\image(263).jpg,image(263).jpg,no_tumor,Training,2,19566883ea0fadcc0544956d52fef0eaf9d56cedbcbbad2e6f4b5fa4a8998c7c
C:\Users\ransi\Documents\AA  SLIIT\Y2S1\IT2011 AIML\My First AI Project\EfficientNetB3_Project\data\brain_tumor_mri\Testing\pituitary_tumor\image(30).jpg,image(30).jpg,pituitary_tumor,Testing,3,a0d170020ce8aa3392d878639740ce1eb2bbc2130714fd42dbecf1d9f1fb68f9
C:\Users\ransi\Documents\AA  SLIIT\Y2S1\IT2011 AIML\My First AI Project\EfficientNetB3_Project\data\brain_tumor_mri\Training\no_tumor\image(169).jpg,image(169).jpg,no_tumor,Training,2,17bd1588f84aafbccb846c974ae1f24cef5ce6f0fc0f32a4417af50bfe9f52cd
C:\Users\ransi\Documents\AA  SLIIT\Y2S1\IT2011 AIML\My First AI Project\EfficientNetB3_Project\data\brain_tumor_mri\Training\meningioma_tumor\m3 (41).jpg,m3 (41).jpg,meningioma_tumor,Training,1,a044bab6766b669fbd72fd2c502f793882f9cdd3d210b3891878737bb95e29a0
C:\Users\ransi\Documents\AA  SLIIT\Y2S1\IT2011 AIML\My First AI Project\EfficientNetB3_Project\data\brain_tumor_mri\Training\glioma_tumor\gg (114).jpg,gg (114).jpg,glioma_tumor,Training,0,b9869dd2e02b1a299cf493b03f8b6670238685b801b4eea189cfb5d917ba48e7
C:\Users\ransi\Documents\AA  SLIIT\Y2S1\IT2011 AIML\My First AI Project\EfficientNetB3_Project\data\brain_tumor_mri\Training\meningioma_tumor\m3 (49).jpg,m3 (49).jpg,meningioma_tumor,Training,1,1f914910e8c447654228d87ec852386437ad3f59a6b6ee3682e864dc895fbc84
C:\Users\ransi\Documents\AA  SLIIT\Y2S1\IT2011 AIML\My First AI Project\EfficientNetB3_Project\data\brain_tumor_mri\Training\meningioma_tumor\m (86).jpg,m (86).jpg,meningioma_tumor,Training,1,7e5e242af266f8307726c66e48fc50d6d2d5090963a3fd9901971fe44fd462de
C:\Users\ransi\Documents\AA  SLIIT\Y2S1\IT2011 AIML\My First AI Project\EfficientNetB3_Project\data\brain_tumor_mri\Testing\glioma_tumor\image(45).jpg,image(45).jpg,glioma_tumor,Testing,0,fc76d3ff73ce4cc5e59efce516caaee396bd4b9caae6f0bf092f1e996b35123e
C:\Users\ransi\Documents\AA  SLIIT\Y2S1\IT2011 AIML\My First AI Project\EfficientNetB3_Project\data\brain_tumor_mri\Training\glioma_tumor\gg (680).jpg,gg (680).jpg,glioma_tumor,Training,0,804589515da76f21ac68b4753d70e79dcaf81a1e34d8a03f29d3ef5e0d15b619
C:\Users\ransi\Documents\AA  SLIIT\Y2S1\IT2011 AIML\My First AI Project\EfficientNetB3_Project\data\brain_tumor_mri\Training\glioma_tumor\gg (561).jpg,gg (561).jpg,glioma_tumor,Training,0,0732a1bdd51f692954619b0b9eaaa75e2afde9895d5b78279dd0611796e51498
C:\Users\ransi\Documents\AA  SLIIT\Y2S1\IT2011 AIML\My First AI Project\EfficientNetB3_Project\data\brain_tumor_mri\Training\meningioma_tumor\m2 (115).jpg,m2 (115).jpg,meningioma_tumor,Training,1,abcc14e8036ddacc88c09e967431135c0fc36e0ff1f9a77c2b31f4c088756b24
C:\Users\ransi\Documents\AA  SLIIT\Y2S1\IT2011 AIML\My First AI Project\EfficientNetB3_Project\data\brain_tumor_mri\Training\glioma_tumor\gg (452).jpg,gg (452).jpg,glioma_tumor,Training,0,6654e7230d913bb300124594c2373b0267cd274e1ce56a0466dbf9a40d9efa46
C:\Users\ransi\Documents\AA  SLIIT\Y2S1\IT2011 AIML\My First AI Project\EfficientNetB3_Project\data\brain_tumor_mri\Training\pituitary_tumor\p (588).jpg,p (588).jpg,pituitary_tumor,Training,3,c591efc5cb6c606349fca7ae9ac60e34db1adb10379e45d413ee4625f8d37fb1
C:\Users\ransi\Documents\AA  SLIIT\Y2S1\IT2011 AIML\My First AI Project\EfficientNetB3_Project\data\brain_tumor_mri\Training\meningioma_tumor\m1(77).jpg,m1(77).jpg,meningioma_tumor,Training,1,2ed1bf065c80b3ebb1cdf12990d17b9678ed95a1d481af05d5fe16218ee2314b
C:\Users\ransi\Documents\AA  SLIIT\Y2S1\IT2011 AIML\My First AI Project\EfficientNetB3_Project\data\brain_tumor_mri\Testing\glioma_tumor\image(94).jpg,image(94).jpg,glioma_tumor,Testing,0,04aa41d8514362877d7f8fd81e543bc8584e4a6ba1ac025c2f37515f32abd9b0
C:\Users\ransi\Documents\AA  SLIIT\Y2S1\IT2011 AIML\My First AI Project\EfficientNetB3_Project\data\brain_tumor_mri\Training\meningioma_tumor\m2 (114).jpg,m2 (114).jpg,meningioma_tumor,Training,1,30bceaeed6fdb54c3e7a6421d2abbe6778799107e75d85d017a07ac22d757270
C:\Users\ransi\Documents\AA  SLIIT\Y2S1\IT2011 AIML\My First AI Project\EfficientNetB3_Project\data\brain_tumor_mri\Training\no_tumor\image(325).jpg,image(325).jpg,no_tumor,Training,2,affc1b4d529e3c1f06052e6fe5d27ef659071f0c1b14b4197c6d2c4f30ae93bb
C:\Users\ransi\Documents\AA  SLIIT\Y2S1\IT2011 AIML\My First AI Project\EfficientNetB3_Project\data\brain_tumor_mri\Training\glioma_tumor\gg (528).jpg,gg (528).jpg,glioma_tumor,Training,0,8f92f446ee6b036c6ff6da910f89fd3815460e11fa2c5481c81521375a387fc2
C:\Users\ransi\Documents\AA  SLIIT\Y2S1\IT2011 AIML\My First AI Project\EfficientNetB3_Project\data\brain_tumor_mri\Training\pituitary_tumor\p (678).jpg,p (678).jpg,pituitary_tumor,Training,3,a7b97ddff50de42ac10918d1ee94387d5579476cf59fd13fce3dd8aad2f0b9fa
C:\Users\ransi\Documents\AA  SLIIT\Y2S1\IT2011 AIML\My First AI Project\EfficientNetB3_Project\data\brain_tumor_mri\Training\pituitary_tumor\p (263).jpg,p (263).jpg,pituitary_tumor,Training,3,02d29847c192393f63c611d44d3e536c967913583dbde3f65aa9dac967435ede
C:\Users\ransi\Documents\AA  SLIIT\Y2S1\IT2011 AIML\My First AI Project\EfficientNetB3_Project\data\brain_tumor_mri\Training\pituitary_tumor\p (392).jpg,p (392).jpg,pituitary_tumor,Training,3,10fe39e9e871b0c2987ce17f526fd67141d1ca91bc23cdda4cbe44adf196ce1d
C:\Users\ransi\Documents\AA  SLIIT\Y2S1\IT2011 AIML\My First AI Project\EfficientNetB3_Project\data\brain_tumor_mri\Training\no_tumor\image(312).jpg,image(312).jpg,no_tumor,Training,2,79dfcbe9f00000f326252ce4af92f3d9f1ac0f33bb9a15b07a8b0a72dc65a304
C:\Users\ransi\Documents\AA  SLIIT\Y2S1\IT2011 AIML\My First AI Project\EfficientNetB3_Project\data\brain_tumor_mri\Testing\no_tumor\image(59).jpg,image(59).jpg,no_tumor,Testing,2,e34e448b7509d16d43c6a6505995cdbb7bf6b2ad29ee09a37ec740c8494f74e3
C:\Users\ransi\Documents\AA  SLIIT\Y2S1\IT2011 AIML\My First AI Project\EfficientNetB3_Project\data\brain_tumor_mri\Training\meningioma_tumor\m3 (112).jpg,m3 (112).jpg,meningioma_tumor,Training,1,dd40302378de8dd65bcf5238c31033ce00392ffce19e435beccec44062d7ed49
C:\Users\ransi\Documents\AA  SLIIT\Y2S1\IT2011 AIML\My First AI Project\EfficientNetB3_Project\data\brain_tumor_mri\Training\meningioma_tumor\m1(123).jpg,m1(123).jpg,meningioma_tumor,Training,1,faf979dc936e8bdda191a2af8b4790136ff54f4e9a3319ffaa9f06a3c8216b17
C:\Users\ransi\Documents\AA  SLIIT\Y2S1\IT2011 AIML\My First AI Project\EfficientNetB3_Project\data\brain_tumor_mri\Training\glioma_tumor\gg (396).jpg,gg (396).jpg,glioma_tumor,Training,0,1d081063864f82c9515c403104648bf397067d325ea1b4549bed8c81281bc075
C:\Users\ransi\Documents\AA  SLIIT\Y2S1\IT2011 AIML\My First AI Project\EfficientNetB3_Project\data\brain_tumor_mri\Testing\pituitary_tumor\image(46).jpg,image(46).jpg,pituitary_tumor,Testing,3,aff49c4e9fbe859bc0608338e96e8e4eab4743e7100c05f81b48e68a799d38d4
C:\Users\ransi\Documents\AA  SLIIT\Y2S1\IT2011 AIML\My First AI Project\EfficientNetB3_Project\data\brain_tumor_mri\Training\pituitary_tumor\p (816).jpg,p (816).jpg,pituitary_tumor,Training,3,3337b3536da469d340b5102797c5c8d3fac25017032315574494b920e4722f82
C:\Users\ransi\Documents\AA  SLIIT\Y2S1\IT2011 AIML\My First AI Project\EfficientNetB3_Project\data\brain_tumor_mri\Training\pituitary_tumor\p (645).jpg,p (645).jpg,pituitary_tumor,Training,3,f4cba70913a9ee440210429ace9092907f9f1d572fc37b7679aa8753a9fbf05b
C:\Users\ransi\Documents\AA  SLIIT\Y2S1\IT2011 AIML\My First AI Project\EfficientNetB3_Project\data\brain_tumor_mri\Training\glioma_tumor\gg (57).jpg,gg (57).jpg,glioma_tumor,Training,0,c7b612f69f5f40eaf607a67ec1715a4b99798b7a3dab779aad5d54fe2e32db6a
C:\Users\ransi\Documents\AA  SLIIT\Y2S1\IT2011 AIML\My First AI Project\EfficientNetB3_Project\data\brain_tumor_mri\Training\glioma_tumor\gg (346).jpg,gg (346).jpg,glioma_tumor,Training,0,ff754008d7775e5ffa0f4c0b168947f18dcb463fe299d26bf907f079091a82fe
C:\Users\ransi\Documents\AA  SLIIT\Y2S1\IT2011 AIML\My First AI Project\EfficientNetB3_Project\data\brain_tumor_mri\Training\glioma_tumor\gg (502).jpg,gg (502).jpg,glioma_tumor,Training,0,e0a440ee5b3ba637548d811e13d85069af6bb97dee09c623e192b4de64a72ef9
C:\Users\ransi\Documents\AA  SLIIT\Y2S1\IT2011 AIML\My First AI Project\EfficientNetB3_Project\data\brain_tumor_mri\Training\no_tumor\image(5).jpg,image(5).jpg,no_tumor,Training,2,9c3b00e6b1f5fcb23d3ebf1a8b04f9517691cc7b7e2cfdbde375625c920b97a6
C:\Users\ransi\Documents\AA  SLIIT\Y2S1\IT2011 AIML\My First AI Project\EfficientNetB3_Project\data\brain_tumor_mri\Training\meningioma_tumor\m2 (93).jpg,m2 (93).jpg,meningioma_tumor,Training,1,04a160bcbcc9c401ab07f39f2df0447d3a9c59c2b57b4a969316b46417046a55
C:\Users\ransi\Documents\AA  SLIIT\Y2S1\IT2011 AIML\My First AI Project\EfficientNetB3_Project\data\brain_tumor_mri\Training\glioma_tumor\gg (108).jpg,gg (108).jpg,glioma_tumor,Training,0,7422155254e5b29a4fe425f8c34e3ee75597214262cfa174b5e043bd736ae243
C:\Users\ransi\Documents\AA  SLIIT\Y2S1\IT2011 AIML\My First AI Project\EfficientNetB3_Project\data\brain_tumor_mri\Training\meningioma_tumor\m3 (10).jpg,m3 (10).jpg,meningioma_tumor,Training,1,f51e71cc28b0c000a4e2e25fe03a4aa2eec7b47e52be5bbcf2557b50c0119a73
C:\Users\ransi\Documents\AA  SLIIT\Y2S1\IT2011 AIML\My First AI Project\EfficientNetB3_Project\data\brain_tumor_mri\Training\glioma_tumor\gg (456).jpg,gg (456).jpg,glioma_tumor,Training,0,5e1feb19eb0b8a892669129944731891f76417802e86aef7600c5455b77e7302
C:\Users\ransi\Documents\AA  SLIIT\Y2S1\IT2011 AIML\My First AI Project\EfficientNetB3_Project\data\brain_tumor_mri\Training\glioma_tumor\gg (444).jpg,gg (444).jpg,glioma_tumor,Training,0,598cc0afe5393e23bd2088621622ade0ba7561a309aeb24167bf888dbe41b87e
C:\Users\ransi\Documents\AA  SLIIT\Y2S1\IT2011 AIML\My First AI Project\EfficientNetB3_Project\data\brain_tumor_mri\Training\glioma_tumor\gg (582).jpg,gg (582).jpg,glioma_tumor,Training,0,75c6fdd11a7942b30fdb06022080c25a07c418739a0ef19646caf19cefa01891
C:\Users\ransi\Documents\AA  SLIIT\Y2S1\IT2011 AIML\My First AI Project\EfficientNetB3_Project\data\brain_tumor_mri\Training\glioma_tumor\gg (217).jpg,gg (217).jpg,glioma_tumor,Training,0,1349bd86f827523b0749f130e42f619c1291e5ba7a4252c6a50df99b9655b9c8
C:\Users\ransi\Documents\AA  SLIIT\Y2S1\IT2011 AIML\My First AI Project\EfficientNetB3_Project\data\brain_tumor_mri\Training\pituitary_tumor\p (15).jpg,p (15).jpg,pituitary_tumor,Training,3,5356fe18570b280ba478b8334ff4ff1bb06131fecd66bbb8c92db12f79803a32
C:\Users\ransi\Documents\AA  SLIIT\Y2S1\IT2011 AIML\My First AI Project\EfficientNetB3_Project\data\brain_tumor_mri\Training\glioma_tumor\gg (232).jpg,gg (232).jpg,glioma_tumor,Training,0,3ad69f7111f7bf0ea9ce46e7651912716e64f51eefcb7ad9776a59fc783a78dc
C:\Users\ransi\Documents\AA  SLIIT\Y2S1\IT2011 AIML\My First AI Project\EfficientNetB3_Project\data\brain_tumor_mri\Training\pituitary_tumor\p (823).jpg,p (823).jpg,pituitary_tumor,Training,3,bd2e33ff80b87f138376b082bf11ca8d8ea36d9cb1475881d40f2601b7751809
C:\Users\ransi\Documents\AA  SLIIT\Y2S1\IT2011 AIML\My First AI Project\EfficientNetB3_Project\data\brain_tumor_mri\Training\pituitary_tumor\p (180).jpg,p (180).jpg,pituitary_tumor,Training,3,18771a5f6c07a554a483f978a8fd31a12098dffc7e5fa6ac4b1ff7b80ef9fc37
C:\Users\ransi\Documents\AA  SLIIT\Y2S1\IT2011 AIML\My First AI Project\EfficientNetB3_Project\data\brain_tumor_mri\Training\meningioma_tumor\m1(195).jpg,m1(195).jpg,meningioma_tumor,Training,1,e29bcad3a9669e308de687b578cb0b414b4fd17020fc63b1f350b06026337139
C:\Users\ransi\Documents\AA  SLIIT\Y2S1\IT2011 AIML\My First AI Project\EfficientNetB3_Project\data\brain_tumor_mri\Training\no_tumor\image(187).jpg,image(187).jpg,no_tumor,Training,2,3a34904d65c8cc7579373460050623901047e49eec67a5d635390374c5b48634
C:\Users\ransi\Documents\AA  SLIIT\Y2S1\IT2011 AIML\My First AI Project\EfficientNetB3_Project\data\brain_tumor_mri\Training\pituitary_tumor\p (447).jpg,p (447).jpg,pituitary_tumor,Training,3,fc24fc9248c1a78f95f7b064ab58aaae6d20b2e31f7d3d6e887f22e4e4b3eff8
C:\Users\ransi\Documents\AA  SLIIT\Y2S1\IT2011 AIML\My First AI Project\EfficientNetB3_Project\data\brain_tumor_mri\Testing\glioma_tumor\image(26).jpg,image(26).jpg,glioma_tumor,Testing,0,36d2f03fd5b0ffd8a3ac1d2fe9f2c3cf4967f82751629676198f774e0ee21a9c
C:\Users\ransi\Documents\AA  SLIIT\Y2S1\IT2011 AIML\My First AI Project\EfficientNetB3_Project\data\brain_tumor_mri\Training\glioma_tumor\gg (227).jpg,gg (227).jpg,glioma_tumor,Training,0,9290033fc0053ffe46474c83fa59aa1ebd492b503ae0e789a4b40c9724259420
C:\Users\ransi\Documents\AA  SLIIT\Y2S1\IT2011 AIML\My First AI Project\EfficientNetB3_Project\data\brain_tumor_mri\Training\meningioma_tumor\m2 (4).jpg,m2 (4).jpg,meningioma_tumor,Training,1,ddcf3a6432687f262538374d8a4dfb53d167f75c14901036188d957a393566ae
C:\Users\ransi\Documents\AA  SLIIT\Y2S1\IT2011 AIML\My First AI Project\EfficientNetB3_Project\data\brain_tumor_mri\Training\meningioma_tumor\m (199).jpg,m (199).jpg,meningioma_tumor,Training,1,1c511b4ca76617fbc415cc5bb57f341473e16f2042ac2aaa5db8bfb44f20d2d0
C:\Users\ransi\Documents\AA  SLIIT\Y2S1\IT2011 AIML\My First AI Project\EfficientNetB3_Project\data\brain_tumor_mri\Training\meningioma_tumor\m1(190).jpg,m1(190).jpg,meningioma_tumor,Training,1,e465760e8b0ca460951cfa70174020194061c32793bc236212be4280a8b25a6e
C:\Users\ransi\Documents\AA  SLIIT\Y2S1\IT2011 AIML\My First AI Project\EfficientNetB3_Project\data\brain_tumor_mri\Training\pituitary_tumor\p (189).jpg,p (189).jpg,pituitary_tumor,Training,3,b7b77018cec94e4671e86b308de75bffc685a54e0f21ad9ce51fb32d6b803a96
C:\Users\ransi\Documents\AA  SLIIT\Y2S1\IT2011 AIML\My First AI Project\EfficientNetB3_Project\data\brain_tumor_mri\Testing\meningioma_tumor\image(79).jpg,image(79).jpg,meningioma_tumor,Testing,1,960bb35fb0e7a91fba080e7b48cf93de2f16cec883d25c2579c0d170dc599b20
C:\Users\ransi\Documents\AA  SLIIT\Y2S1\IT2011 AIML\My First AI Project\EfficientNetB3_Project\data\brain_tumor_mri\Training\no_tumor\image(60).jpg,image(60).jpg,no_tumor,Training,2,41d847d03ff8e8a80fde982029492adf6c622dc7d78fad2db48b14287c552296
C:\Users\ransi\Documents\AA  SLIIT\Y2S1\IT2011 AIML\My First AI Project\EfficientNetB3_Project\data\brain_tumor_mri\Testing\pituitary_tumor\image(37).jpg,image(37).jpg,pituitary_tumor,Testing,3,6e4a32b7a73554a9a26b0e594f63d76920f7caeea52be19c323f8ad755d17f8b
C:\Users\ransi\Documents\AA  SLIIT\Y2S1\IT2011 AIML\My First AI Project\EfficientNetB3_Project\data\brain_tumor_mri\Training\pituitary_tumor\p (666).jpg,p (666).jpg,pituitary_tumor,Training,3,58759635771025c8ef4c93739686c035cf6f55f495af139f3e1c25e93db7446f
C:\Users\ransi\Documents\AA  SLIIT\Y2S1\IT2011 AIML\My First AI Project\EfficientNetB3_Project\data\brain_tumor_mri\Training\meningioma_tumor\m (111).jpg,m (111).jpg,meningioma_tumor,Training,1,b2a35871156e8f7f1ee5f0e52537b219776da7a6f396d72aafa2926b15988e07
C:\Users\ransi\Documents\AA  SLIIT\Y2S1\IT2011 AIML\My First AI Project\EfficientNetB3_Project\data\brain_tumor_mri\Testing\meningioma_tumor\image(41).jpg,image(41).jpg,meningioma_tumor,Testing,1,de382067b21e04f72300a7acbe0d7c1c4b2cca4a65153f9816155f0c7afb4dc2
C:\Users\ransi\Documents\AA  SLIIT\Y2S1\IT2011 AIML\My First AI Project\EfficientNetB3_Project\data\brain_tumor_mri\Training\pituitary_tumor\p (353).jpg,p (353).jpg,pituitary_tumor,Training,3,62a78b702593ff7e379675b20afe6e79366db5ee72244976e51d21b58ca5e469
C:\Users\ransi\Documents\AA  SLIIT\Y2S1\IT2011 AIML\My First AI Project\EfficientNetB3_Project\data\brain_tumor_mri\Testing\no_tumor\image(17).jpg,image(17).jpg,no_tumor,Testing,2,7a3fac9104743aa9ecd56374dafb71c6b8084ace9b13e4cb7b881f198a4bb479
C:\Users\ransi\Documents\AA  SLIIT\Y2S1\IT2011 AIML\My First AI Project\EfficientNetB3_Project\data\brain_tumor_mri\Training\glioma_tumor\gg (449).jpg,gg (449).jpg,glioma_tumor,Training,0,b83dfa8d537acde00a8bc2409d7ccb41805b95bde8c2edc6e4392b5a732de8cf
C:\Users\ransi\Documents\AA  SLIIT\Y2S1\IT2011 AIML\My First AI Project\EfficientNetB3_Project\data\brain_tumor_mri\Training\glioma_tumor\gg (767).jpg,gg (767).jpg,glioma_tumor,Training,0,e6ba18e01130b322141d8c26282fdb59edd206a5ba72c96176791710c67c11bf
C:\Users\ransi\Documents\AA  SLIIT\Y2S1\IT2011 AIML\My First AI Project\EfficientNetB3_Project\data\brain_tumor_mri\Training\glioma_tumor\gg (615).jpg,gg (615).jpg,glioma_tumor,Training,0,ed40c0abd7283b0fae42b293c866ddac883e2755df175a81cf8df2cfa73ebdf3
C:\Users\ransi\Documents\AA  SLIIT\Y2S1\IT2011 AIML\My First AI Project\EfficientNetB3_Project\data\brain_tumor_mri\Training\no_tumor\image(154).jpg,image(154).jpg,no_tumor,Training,2,b91fea611b8064eb12f0682b4c1f24d6b16fb0a536b8c3f5c059a2c156a82294
C:\Users\ransi\Documents\AA  SLIIT\Y2S1\IT2011 AIML\My First AI Project\EfficientNetB3_Project\data\brain_tumor_mri\Training\glioma_tumor\gg (150).jpg,gg (150).jpg,glioma_tumor,Training,0,4ac97b0c1abeb5f8cdaae96b8e8ea3a76c0659fd46112a10db2f275c49e34013
C:\Users\ransi\Documents\AA  SLIIT\Y2S1\IT2011 AIML\My First AI Project\EfficientNetB3_Project\data\brain_tumor_mri\Training\meningioma_tumor\m1(174).jpg,m1(174).jpg,meningioma_tumor,Training,1,5cf790ecbaf61047d2be14e69a561ed21192a69336555ddd0180096f75feb074
C:\Users\ransi\Documents\AA  SLIIT\Y2S1\IT2011 AIML\My First AI Project\EfficientNetB3_Project\data\brain_tumor_mri\Training\pituitary_tumor\p (440).jpg,p (440).jpg,pituitary_tumor,Training,3,5aae8a658c8a48719eb15a2006cfef7f2059106699215677f7c89b72ab5e7090
C:\Users\ransi\Documents\AA  SLIIT\Y2S1\IT2011 AIML\My First AI Project\EfficientNetB3_Project\data\brain_tumor_mri\Testing\no_tumor\image(90).jpg,image(90).jpg,no_tumor,Testing,2,d9f0d5ef8784abb3ac7cadb3e31a9b1ef4879de8edb20a637d66c49f6c8eb60f
C:\Users\ransi\Documents\AA  SLIIT\Y2S1\IT2011 AIML\My First AI Project\EfficientNetB3_Project\data\brain_tumor_mri\Training\glioma_tumor\gg (722).jpg,gg (722).jpg,glioma_tumor,Training,0,d0650815000596d0b080e15ace6cd70f03291016c2e95dc0b10323cb80ea1e4f
C:\Users\ransi\Documents\AA  SLIIT\Y2S1\IT2011 AIML\My First AI Project\EfficientNetB3_Project\data\brain_tumor_mri\Training\glioma_tumor\gg (198).jpg,gg (198).jpg,glioma_tumor,Training,0,6308a5941eef0583d65b9fe07f3e0c7e782b761e01bebf892e5cda1bb94f041a
C:\Users\ransi\Documents\AA  SLIIT\Y2S1\IT2011 AIML\My First AI Project\EfficientNetB3_Project\data\brain_tumor_mri\Training\meningioma_tumor\m (132).jpg,m (132).jpg,meningioma_tumor,Training,1,829069d1a6973f0cd48cecbc1c8458f1cfc8de2d0d0ade8d4dd07500cdaab42e
C:\Users\ransi\Documents\AA  SLIIT\Y2S1\IT2011 AIML\My First AI Project\EfficientNetB3_Project\data\brain_tumor_mri\Training\pituitary_tumor\p (347).jpg,p (347).jpg,pituitary_tumor,Training,3,c5fae0f09610230c9e916ed7da7508c4d133f8fb8d5762f6f2d182414d49704d
C:\Users\ransi\Documents\AA  SLIIT\Y2S1\IT2011 AIML\My First AI Project\EfficientNetB3_Project\data\brain_tumor_mri\Training\no_tumor\image(29).jpg,image(29).jpg,no_tumor,Training,2,733e77e4b6da2d851bddbf9cf2768c02db39d5fa0f7be61fdbcb9d1e044abb76
C:\Users\ransi\Documents\AA  SLIIT\Y2S1\IT2011 AIML\My First AI Project\EfficientNetB3_Project\data\brain_tumor_mri\Testing\no_tumor\image(72).jpg,image(72).jpg,no_tumor,Testing,2,812a2c6599255067e9752c7d0037f409d91f7336f42d7af3440fb5c2c91e8da1
C:\Users\ransi\Documents\AA  SLIIT\Y2S1\IT2011 AIML\My First AI Project\EfficientNetB3_Project\data\brain_tumor_mri\Training\pituitary_tumor\p (40).jpg,p (40).jpg,pituitary_tumor,Training,3,d3092b7290507f5e0b336d7dff5f0c81a048e4e2fb1c7e8ee6fb0d51f7cdc429
C:\Users\ransi\Documents\AA  SLIIT\Y2S1\IT2011 AIML\My First AI Project\EfficientNetB3_Project\data\brain_tumor_mri\Training\meningioma_tumor\m3 (53).jpg,m3 (53).jpg,meningioma_tumor,Training,1,616f29a681c559adac28228ba4e6018fa197290368407ccb1bf8e94505973044
C:\Users\ransi\Documents\AA  SLIIT\Y2S1\IT2011 AIML\My First AI Project\EfficientNetB3_Project\data\brain_tumor_mri\Training\meningioma_tumor\m (77).jpg,m (77).jpg,meningioma_tumor,Training,1,9e225e3e95fe7fb892c50f6e55ea794b2f0b64fca4ab70378c67bfd89ff9c633
C:\Users\ransi\Documents\AA  SLIIT\Y2S1\IT2011 AIML\My First AI Project\EfficientNetB3_Project\data\brain_tumor_mri\Training\pituitary_tumor\p (71).jpg,p (71).jpg,pituitary_tumor,Training,3,e2f6b85374e93981fc5362eda26d8487eed83981b23552cacc8089c2b810ede1
C:\Users\ransi\Documents\AA  SLIIT\Y2S1\IT2011 AIML\My First AI Project\EfficientNetB3_Project\data\brain_tumor_mri\Training\glioma_tumor\gg (438).jpg,gg (438).jpg,glioma_tumor,Training,0,b59c301f94e33f0821cb572e6aa51934b1d151a9d0f10b147e6f25bb66ddee90
C:\Users\ransi\Documents\AA  SLIIT\Y2S1\IT2011 AIML\My First AI Project\EfficientNetB3_Project\data\brain_tumor_mri\Testing\glioma_tumor\image(78).jpg,image(78).jpg,glioma_tumor,Testing,0,38f503c8ec310ca7861d490a609e02d4851144a5db76d37ade47c32cc1a120fd
C:\Users\ransi\Documents\AA  SLIIT\Y2S1\IT2011 AIML\My First AI Project\EfficientNetB3_Project\data\brain_tumor_mri\Training\glioma_tumor\gg (713).jpg,gg (713).jpg,glioma_tumor,Training,0,7a25c9ff1ef14561ea1cd8c1cc7597ae2d9210b42f2fe1ac5a289e236f3bfcd1
C:\Users\ransi\Documents\AA  SLIIT\Y2S1\IT2011 AIML\My First AI Project\EfficientNetB3_Project\data\brain_tumor_mri\Training\pituitary_tumor\p (427).jpg,p (427).jpg,pituitary_tumor,Training,3,50c21ea7acf1e4764a1eef56ba29745a58d57ec885640bc658f9b0888933ace8
C:\Users\ransi\Documents\AA  SLIIT\Y2S1\IT2011 AIML\My First AI Project\EfficientNetB3_Project\data\brain_tumor_mri\Testing\no_tumor\image(96).jpg,image(96).jpg,no_tumor,Testing,2,c50e621a36b08a9c2f28e239dc00b27ce321bd8ed715a48ced97515e965473d2
C:\Users\ransi\Documents\AA  SLIIT\Y2S1\IT2011 AIML\My First AI Project\EfficientNetB3_Project\data\brain_tumor_mri\Training\glioma_tumor\gg (653).jpg,gg (653).jpg,glioma_tumor,Training,0,e8185b8e2b5265a6b98b4c45eceda250fa0ba2e8be9641265c721d236a3b7f1d
C:\Users\ransi\Documents\AA  SLIIT\Y2S1\IT2011 AIML\My First AI Project\EfficientNetB3_Project\data\brain_tumor_mri\Training\glioma_tumor\gg (51).jpg,gg (51).jpg,glioma_tumor,Training,0,1d4de6e91097515ca54cbac6984f393bded3d2d80f9558f671ae4fdf21f8f459
C:\Users\ransi\Documents\AA  SLIIT\Y2S1\IT2011 AIML\My First AI Project\EfficientNetB3_Project\data\brain_tumor_mri\Testing\glioma_tumor\image(91).jpg,image(91).jpg,glioma_tumor,Testing,0,febc92f7a96b8aa66751a0c737d2c74ce2384058a68f3278ed926b8692b42d04
C:\Users\ransi\Documents\AA  SLIIT\Y2S1\IT2011 AIML\My First AI Project\EfficientNetB3_Project\data\brain_tumor_mri\Testing\no_tumor\image(71).jpg,image(71).jpg,no_tumor,Testing,2,7b73d6019deb1482bc5fb7027f12719bea983c8eb0b0c0f3e95feb61c90fafb3
C:\Users\ransi\Documents\AA  SLIIT\Y2S1\IT2011 AIML\My First AI Project\EfficientNetB3_Project\data\brain_tumor_mri\Training\glioma_tumor\gg (408).jpg,gg (408).jpg,glioma_tumor,Training,0,75438b39f5ee71b6f97cf122029c9220d0fcf8130adaeb65cb0f2516e24a506c
C:\Users\ransi\Documents\AA  SLIIT\Y2S1\IT2011 AIML\My First AI Project\EfficientNetB3_Project\data\brain_tumor_mri\Training\meningioma_tumor\m (65).jpg,m (65).jpg,meningioma_tumor,Training,1,1efbf2b99f460069de703b43b10453ed11f2e701b7c9e2e115dde6ab31d4eea4
C:\Users\ransi\Documents\AA  SLIIT\Y2S1\IT2011 AIML\My First AI Project\EfficientNetB3_Project\data\brain_tumor_mri\Training\glioma_tumor\gg (181).jpg,gg (181).jpg,glioma_tumor,Training,0,9a0740218ee950664cc8da89ded32369a6e11c35862206a89e5b6377bbcbcf27
C:\Users\ransi\Documents\AA  SLIIT\Y2S1\IT2011 AIML\My First AI Project\EfficientNetB3_Project\data\brain_tumor_mri\Training\no_tumor\image (50).jpg,image (50).jpg,no_tumor,Training,2,70dcee96fcf70d803e3203f15fc691bffc6c0a6ca38780c530bc7d45a9b4bf32
C:\Users\ransi\Documents\AA  SLIIT\Y2S1\IT2011 AIML\My First AI Project\EfficientNetB3_Project\data\brain_tumor_mri\Testing\glioma_tumor\image(67).jpg,image(67).jpg,glioma_tumor,Testing,0,03e15b15152fae95316997f60d41be43e56c0bfefdb52df09364f91ba45a7843
C:\Users\ransi\Documents\AA  SLIIT\Y2S1\IT2011 AIML\My First AI Project\EfficientNetB3_Project\data\brain_tumor_mri\Training\glioma_tumor\gg (174).jpg,gg (174).jpg,glioma_tumor,Training,0,4dcafe95c8c28e33e50906ae03d686ff4b1365fd3701129d0be0f4112a81688c
C:\Users\ransi\Documents\AA  SLIIT\Y2S1\IT2011 AIML\My First AI Project\EfficientNetB3_Project\data\brain_tumor_mri\Training\glioma_tumor\gg (542).jpg,gg (542).jpg,glioma_tumor,Training,0,b4a38959d9b7a11ebf128c54c26b01f779cdb9a721c1154915390fe529b29663
C:\Users\ransi\Documents\AA  SLIIT\Y2S1\IT2011 AIML\My First AI Project\EfficientNetB3_Project\data\brain_tumor_mri\Testing\no_tumor\image(53).jpg,image(53).jpg,no_tumor,Testing,2,136e27954eca1b7b887f3700f412b2c531153938a0d721d1557a94c3362497c2
C:\Users\ransi\Documents\AA  SLIIT\Y2S1\IT2011 AIML\My First AI Project\EfficientNetB3_Project\data\brain_tumor_mri\Training\glioma_tumor\gg (488).jpg,gg (488).jpg,glioma_tumor,Training,0,db97040f6fe73fde4a7953a76fb1ba1d59debfe73e53c63c9763e36d2c0abf39
C:\Users\ransi\Documents\AA  SLIIT\Y2S1\IT2011 AIML\My First AI Project\EfficientNetB3_Project\data\brain_tumor_mri\Training\no_tumor\image(259).jpg,image(259).jpg,no_tumor,Training,2,4c2c103442bacc20c289e01799a028f732816b392a316671549e21810560ac30
C:\Users\ransi\Documents\AA  SLIIT\Y2S1\IT2011 AIML\My First AI Project\EfficientNetB3_Project\data\brain_tumor_mri\Training\no_tumor\image(270).jpg,image(270).jpg,no_tumor,Training,2,d8ea17fdb98908199591b41310c56ae6a2b90408287403a45333653e079944b1
C:\Users\ransi\Documents\AA  SLIIT\Y2S1\IT2011 AIML\My First AI Project\EfficientNetB3_Project\data\brain_tumor_mri\Training\glioma_tumor\gg (661).jpg,gg (661).jpg,glioma_tumor,Training,0,88b07fe2565f4311da77f265199458f7496fbff6d46d85741a5d4842800d828b
C:\Users\ransi\Documents\AA  SLIIT\Y2S1\IT2011 AIML\My First AI Project\EfficientNetB3_Project\data\brain_tumor_mri\Training\pituitary_tumor\p (321).jpg,p (321).jpg,pituitary_tumor,Training,3,0dec5bfe981da76279f9b98735d7adcbe30bcc5e61bb2c9d4611ba3c48a6fef3
C:\Users\ransi\Documents\AA  SLIIT\Y2S1\IT2011 AIML\My First AI Project\EfficientNetB3_Project\data\brain_tumor_mri\Training\no_tumor\image(180).jpg,image(180).jpg,no_tumor,Training,2,f932387c00c74ebaede60e0b5e0d79dbff6b944e066d510f4c95834f05050e3e
C:\Users\ransi\Documents\AA  SLIIT\Y2S1\IT2011 AIML\My First AI Project\EfficientNetB3_Project\data\brain_tumor_mri\Training\meningioma_tumor\m (119).jpg,m (119).jpg,meningioma_tumor,Training,1,c6f2d09f007c950bea3adc4298d5aedfe60187beafe26df9120fece18915d583
C:\Users\ransi\Documents\AA  SLIIT\Y2S1\IT2011 AIML\My First AI Project\EfficientNetB3_Project\data\brain_tumor_mri\Training\pituitary_tumor\p (276).jpg,p (276).jpg,pituitary_tumor,Training,3,ac7cc8a3e74548137747b5e8f49a349fbfe53413fd4f270e1c50be94b923b22b
C:\Users\ransi\Documents\AA  SLIIT\Y2S1\IT2011 AIML\My First AI Project\EfficientNetB3_Project\data\brain_tumor_mri\Training\pituitary_tumor\p (594).jpg,p (594).jpg,pituitary_tumor,Training,3,efe1e6fe0be253ca90c4a2e1475afe42260c625522c6e49e946c085f1bd1e3ba
C:\Users\ransi\Documents\AA  SLIIT\Y2S1\IT2011 AIML\My First AI Project\EfficientNetB3_Project\data\brain_tumor_mri\Testing\glioma_tumor\image(95).jpg,image(95).jpg,glioma_tumor,Testing,0,9240553fcd8fe826ed548984db69d2d0178a14adb7aba345b6e7ba539e15d71f
C:\Users\ransi\Documents\AA  SLIIT\Y2S1\IT2011 AIML\My First AI Project\EfficientNetB3_Project\data\brain_tumor_mri\Training\pituitary_tumor\p (194).jpg,p (194).jpg,pituitary_tumor,Training,3,c5662b6a9ac5ff4083d41ecd6be33e4692ffe16248596d5db04e3706d8b386ea
C:\Users\ransi\Documents\AA  SLIIT\Y2S1\IT2011 AIML\My First AI Project\EfficientNetB3_Project\data\brain_tumor_mri\Training\pituitary_tumor\p (372).jpg,p (372).jpg,pituitary_tumor,Training,3,9b7c2aa172ab98e143b7e9ef9059b0365cf8b998ad5b971d3c5348130406f925
C:\Users\ransi\Documents\AA  SLIIT\Y2S1\IT2011 AIML\My First AI Project\EfficientNetB3_Project\data\brain_tumor_mri\Training\glioma_tumor\gg (406).jpg,gg (406).jpg,glioma_tumor,Training,0,b8c216cd3cdfd9376e8bf76464d0eec364fa95ebc28670dfe7d44d30f405190d
C:\Users\ransi\Documents\AA  SLIIT\Y2S1\IT2011 AIML\My First AI Project\EfficientNetB3_Project\data\brain_tumor_mri\Training\no_tumor\image(293).jpg,image(293).jpg,no_tumor,Training,2,d62ef020a79e42be55f4a6977457753c11364c69c1a842aab749f45b910a348f
C:\Users\ransi\Documents\AA  SLIIT\Y2S1\IT2011 AIML\My First AI Project\EfficientNetB3_Project\data\brain_tumor_mri\Training\glioma_tumor\gg (327).jpg,gg (327).jpg,glioma_tumor,Training,0,d66cb2c442a1a4382531d8f9475de293356704a98897758194c65796be338f03
C:\Users\ransi\Documents\AA  SLIIT\Y2S1\IT2011 AIML\My First AI Project\EfficientNetB3_Project\data\brain_tumor_mri\Training\meningioma_tumor\m (185).jpg,m (185).jpg,meningioma_tumor,Training,1,6c32a611d4dc0d67d3588a12f6d002baae88168e19fbffec89a4414efb8cb8dd
C:\Users\ransi\Documents\AA  SLIIT\Y2S1\IT2011 AIML\My First AI Project\EfficientNetB3_Project\data\brain_tumor_mri\Training\glioma_tumor\gg (264).jpg,gg (264).jpg,glioma_tumor,Training,0,973571b1db5549d202fbfbaaa90aaae544b7fcd64376b050f84451160cd51cae
C:\Users\ransi\Documents\AA  SLIIT\Y2S1\IT2011 AIML\My First AI Project\EfficientNetB3_Project\data\brain_tumor_mri\Training\meningioma_tumor\m2 (117).jpg,m2 (117).jpg,meningioma_tumor,Training,1,e90e1087aa8873c9d312e2523d70ead6e36f10a25cb47e94cb9d3f68681cde00
C:\Users\ransi\Documents\AA  SLIIT\Y2S1\IT2011 AIML\My First AI Project\EfficientNetB3_Project\data\brain_tumor_mri\Training\glioma_tumor\gg (729).jpg,gg (729).jpg,glioma_tumor,Training,0,fefb12d6ec3e6860e414835742f625f628be4559f3be5b6e6bfdbcdde9aa91fb
C:\Users\ransi\Documents\AA  SLIIT\Y2S1\IT2011 AIML\My First AI Project\EfficientNetB3_Project\data\brain_tumor_mri\Testing\meningioma_tumor\image(62).jpg,image(62).jpg,meningioma_tumor,Testing,1,f55311fb8ccf1b86450233262bd00b176bd1c404e5849b59c0a3cd5e4440626b
C:\Users\ransi\Documents\AA  SLIIT\Y2S1\IT2011 AIML\My First AI Project\EfficientNetB3_Project\data\brain_tumor_mri\Training\pituitary_tumor\p (224).jpg,p (224).jpg,pituitary_tumor,Training,3,b1e756f5c57b34fe3e996c6cd456125878d7d1fe98f7645ebf5dd7f9d54a3172
C:\Users\ransi\Documents\AA  SLIIT\Y2S1\IT2011 AIML\My First AI Project\EfficientNetB3_Project\data\brain_tumor_mri\Training\glioma_tumor\gg (522).jpg,gg (522).jpg,glioma_tumor,Training,0,46e2a3107a16267190700ca7cb0ca6fde3fdc54209a937b8e83952518a900b96
C:\Users\ransi\Documents\AA  SLIIT\Y2S1\IT2011 AIML\My First AI Project\EfficientNetB3_Project\data\brain_tumor_mri\Training\no_tumor\image(310).jpg,image(310).jpg,no_tumor,Training,2,072da5148018c213f2280b09a2ca903e5225df9e156a4d4abbb8af43b004e855
C:\Users\ransi\Documents\AA  SLIIT\Y2S1\IT2011 AIML\My First AI Project\EfficientNetB3_Project\data\brain_tumor_mri\Training\glioma_tumor\gg (705).jpg,gg (705).jpg,glioma_tumor,Training,0,0de951286256834bd2ddc4e26fe9795265fc200a9f7c85af3fc707eb0bfc8803
C:\Users\ransi\Documents\AA  SLIIT\Y2S1\IT2011 AIML\My First AI Project\EfficientNetB3_Project\data\brain_tumor_mri\Training\pituitary_tumor\p (461).jpg,p (461).jpg,pituitary_tumor,Training,3,6d5041976ac234dd6163a564439d2d052cdd5c139c1f5d29b50f76457ac98ff6
C:\Users\ransi\Documents\AA  SLIIT\Y2S1\IT2011 AIML\My First AI Project\EfficientNetB3_Project\data\brain_tumor_mri\Training\pituitary_tumor\p (667).jpg,p (667).jpg,pituitary_tumor,Training,3,8840d527142d62d959ede782b425e7f8d0700935c0266757d48b3acf329ce1dc
C:\Users\ransi\Documents\AA  SLIIT\Y2S1\IT2011 AIML\My First AI Project\EfficientNetB3_Project\data\brain_tumor_mri\Training\meningioma_tumor\m2 (77).jpg,m2 (77).jpg,meningioma_tumor,Training,1,0b93531d3de9e20fa6bdb68b151fed641bceb05e84d12987dbbaf03fea6d6337
C:\Users\ransi\Documents\AA  SLIIT\Y2S1\IT2011 AIML\My First AI Project\EfficientNetB3_Project\data\brain_tumor_mri\Training\meningioma_tumor\m1(96).jpg,m1(96).jpg,meningioma_tumor,Training,1,b7e81c22bf6e933905cee1abef434f59f4f597b36e290ed1952c8adf3e23652b
C:\Users\ransi\Documents\AA  SLIIT\Y2S1\IT2011 AIML\My First AI Project\EfficientNetB3_Project\data\brain_tumor_mri\Training\glioma_tumor\gg (319).jpg,gg (319).jpg,glioma_tumor,Training,0,38bbd0e9de033fcdac8168ced9ca7993568e883a580987f8623a0fb3aab2544b
C:\Users\ransi\Documents\AA  SLIIT\Y2S1\IT2011 AIML\My First AI Project\EfficientNetB3_Project\data\brain_tumor_mri\Training\glioma_tumor\gg (735).jpg,gg (735).jpg,glioma_tumor,Training,0,8fd270e23f123462d7e808cfaff5ca63f12f539dd311b7c69ed9be89d3991636
C:\Users\ransi\Documents\AA  SLIIT\Y2S1\IT2011 AIML\My First AI Project\EfficientNetB3_Project\data\brain_tumor_mri\Training\meningioma_tumor\m (127).jpg,m (127).jpg,meningioma_tumor,Training,1,12c198f544e64837398e6be7f56794836717001863b4f61ce9bf147517e9e78d
C:\Users\ransi\Documents\AA  SLIIT\Y2S1\IT2011 AIML\My First AI Project\EfficientNetB3_Project\data\brain_tumor_mri\Testing\meningioma_tumor\image(17).jpg,image(17).jpg,meningioma_tumor,Testing,1,3b2ba8de971d62969e17bbb638dd8ab6ae3d3aa87edacaf28918e9ce8eb95dd9
C:\Users\ransi\Documents\AA  SLIIT\Y2S1\IT2011 AIML\My First AI Project\EfficientNetB3_Project\data\brain_tumor_mri\Training\glioma_tumor\gg (766).jpg,gg (766).jpg,glioma_tumor,Training,0,7088ac4c83dd5702c3e02d0b8cede2d4008148eb417de6a671fef45e76abc81d
C:\Users\ransi\Documents\AA  SLIIT\Y2S1\IT2011 AIML\My First AI Project\EfficientNetB3_Project\data\brain_tumor_mri\Training\glioma_tumor\gg (687).jpg,gg (687).jpg,glioma_tumor,Training,0,86c886be811d610b2e9d9ff2fee6ba367bc89587606f8bef71c51f466bdd4c4c
C:\Users\ransi\Documents\AA  SLIIT\Y2S1\IT2011 AIML\My First AI Project\EfficientNetB3_Project\data\brain_tumor_mri\Training\glioma_tumor\gg (448).jpg,gg (448).jpg,glioma_tumor,Training,0,f3ce51c275ec36fd22285c12cb6475b6411eeb4394ca83e4c0efcfaa296a207a
C:\Users\ransi\Documents\AA  SLIIT\Y2S1\IT2011 AIML\My First AI Project\EfficientNetB3_Project\data\brain_tumor_mri\Training\glioma_tumor\gg (780).jpg,gg (780).jpg,glioma_tumor,Training,0,7ac6179c938b9b686c575ac993216b3e425485d2e107d43cee2e3a7e4cc11877
C:\Users\ransi\Documents\AA  SLIIT\Y2S1\IT2011 AIML\My First AI Project\EfficientNetB3_Project\data\brain_tumor_mri\Testing\pituitary_tumor\image(21).jpg,image(21).jpg,pituitary_tumor,Testing,3,ad94e2ae69c36712cf7ee4f8829c2f5edd598699ee2863985fe6f700817a98ea
C:\Users\ransi\Documents\AA  SLIIT\Y2S1\IT2011 AIML\My First AI Project\EfficientNetB3_Project\data\brain_tumor_mri\Training\no_tumor\image(79).jpg,image(79).jpg,no_tumor,Training,2,2f4b61c1399bbaa181cdf8e7fd191654a6e56f2b0616f2659773b81fe7110ea5
C:\Users\ransi\Documents\AA  SLIIT\Y2S1\IT2011 AIML\My First AI Project\EfficientNetB3_Project\data\brain_tumor_mri\Training\glioma_tumor\gg (169).jpg,gg (169).jpg,glioma_tumor,Training,0,e4d491cf9e8fd40c4ea4e85ecde976370a24e0099f3cf641cee434f85d054f40
C:\Users\ransi\Documents\AA  SLIIT\Y2S1\IT2011 AIML\My First AI Project\EfficientNetB3_Project\data\brain_tumor_mri\Training\glioma_tumor\gg (759).jpg,gg (759).jpg,glioma_tumor,Training,0,96d48b2d4eeaad2021f21af08fbae3a19a9dabd43296e2472e51d53d988559bc
C:\Users\ransi\Documents\AA  SLIIT\Y2S1\IT2011 AIML\My First AI Project\EfficientNetB3_Project\data\brain_tumor_mri\Training\no_tumor\image (19).jpg,image (19).jpg,no_tumor,Training,2,24d874e516a3da5ce8ada80135a0a62c8474538f72f098ad9d3e7ff794595f35
C:\Users\ransi\Documents\AA  SLIIT\Y2S1\IT2011 AIML\My First AI Project\EfficientNetB3_Project\data\brain_tumor_mri\Training\glioma_tumor\gg (33).jpg,gg (33).jpg,glioma_tumor,Training,0,48f33a8920169330a6dcd2a2b8e22101adb0763ace024c4a05116699a7c8ac29
C:\Users\ransi\Documents\AA  SLIIT\Y2S1\IT2011 AIML\My First AI Project\EfficientNetB3_Project\data\brain_tumor_mri\Training\glioma_tumor\gg (648).jpg,gg (648).jpg,glioma_tumor,Training,0,f87844dd71bbedeff1a4cfa3360c72d6e4867987666f8f3e722b1c173683e534
C:\Users\ransi\Documents\AA  SLIIT\Y2S1\IT2011 AIML\My First AI Project\EfficientNetB3_Project\data\brain_tumor_mri\Training\meningioma_tumor\m2 (13).jpg,m2 (13).jpg,meningioma_tumor,Training,1,b59d01fe0c847a7647f905d8a7e4efca2cba06d0bca161540334ee600f400723
C:\Users\ransi\Documents\AA  SLIIT\Y2S1\IT2011 AIML\My First AI Project\EfficientNetB3_Project\data\brain_tumor_mri\Training\meningioma_tumor\m (61).jpg,m (61).jpg,meningioma_tumor,Training,1,a145c71ca2a78cb67a4e8a7436f66390afb80263775466eb8d63a3c45aa9096d
C:\Users\ransi\Documents\AA  SLIIT\Y2S1\IT2011 AIML\My First AI Project\EfficientNetB3_Project\data\brain_tumor_mri\Training\meningioma_tumor\m2 (169).jpg,m2 (169).jpg,meningioma_tumor,Training,1,78732e60ecb0309d30e9f404926ad9f6fc7351f003a8bcc40780463d43f9bb5c
C:\Users\ransi\Documents\AA  SLIIT\Y2S1\IT2011 AIML\My First AI Project\EfficientNetB3_Project\data\brain_tumor_mri\Testing\no_tumor\image(87).jpg,image(87).jpg,no_tumor,Testing,2,2c0036409ce103a8668735db595e18d01fbd821ca66e8ef43c77d6a4add544de
C:\Users\ransi\Documents\AA  SLIIT\Y2S1\IT2011 AIML\My First AI Project\EfficientNetB3_Project\data\brain_tumor_mri\Training\meningioma_tumor\m (69).jpg,m (69).jpg,meningioma_tumor,Training,1,3820fdb94631702a3f846e31a5b86a438890e5c5673143668cf26e1ffb7abd67
C:\Users\ransi\Documents\AA  SLIIT\Y2S1\IT2011 AIML\My First AI Project\EfficientNetB3_Project\data\brain_tumor_mri\Training\meningioma_tumor\m1(114).jpg,m1(114).jpg,meningioma_tumor,Training,1,eca47283498dca90a78adbac146a0c95a7352e944d7364f3d3f46adf4c60357d
C:\Users\ransi\Documents\AA  SLIIT\Y2S1\IT2011 AIML\My First AI Project\EfficientNetB3_Project\data\brain_tumor_mri\Training\glioma_tumor\gg (277).jpg,gg (277).jpg,glioma_tumor,Training,0,f581a91b2e6d19a5e4ebb5238decf4d32f9bae9432d3caa2cf6346ddbca4c7a5
C:\Users\ransi\Documents\AA  SLIIT\Y2S1\IT2011 AIML\My First AI Project\EfficientNetB3_Project\data\brain_tumor_mri\Training\meningioma_tumor\m3 (47).jpg,m3 (47).jpg,meningioma_tumor,Training,1,2653a788fd589d6213381d5f93b253f38dbc8a25d0b52cb009342aebe7bc0f42
C:\Users\ransi\Documents\AA  SLIIT\Y2S1\IT2011 AIML\My First AI Project\EfficientNetB3_Project\data\brain_tumor_mri\Training\no_tumor\image(171).jpg,image(171).jpg,no_tumor,Training,2,5b32b70fee5498a7e242f40fd975486691a248ef53c7657ac4c5831133ade0fb
C:\Users\ransi\Documents\AA  SLIIT\Y2S1\IT2011 AIML\My First AI Project\EfficientNetB3_Project\data\brain_tumor_mri\Training\glioma_tumor\gg (695).jpg,gg (695).jpg,glioma_tumor,Training,0,92dd5d0e089d9e4f32b6654068629c1f81b3aed59f7bdc585f4319202d87a328
C:\Users\ransi\Documents\AA  SLIIT\Y2S1\IT2011 AIML\My First AI Project\EfficientNetB3_Project\data\brain_tumor_mri\Training\no_tumor\image (23).jpg,image (23).jpg,no_tumor,Training,2,68ca8d9c25994dca16189d114f6bc1f88dfd3614b34c5a1414fc328c374daa7c
C:\Users\ransi\Documents\AA  SLIIT\Y2S1\IT2011 AIML\My First AI Project\EfficientNetB3_Project\data\brain_tumor_mri\Training\meningioma_tumor\m1(178).jpg,m1(178).jpg,meningioma_tumor,Training,1,4c3af3bbaa0e4fef239bd973509aeda877af2ba720a3d469a1d5438a9e55a910
C:\Users\ransi\Documents\AA  SLIIT\Y2S1\IT2011 AIML\My First AI Project\EfficientNetB3_Project\data\brain_tumor_mri\Training\meningioma_tumor\m2 (144).jpg,m2 (144).jpg,meningioma_tumor,Training,1,e0d358db25462ed2907061e77a1215ab5ef2b9d490552173ab5fbd89a5fa6fcd
C:\Users\ransi\Documents\AA  SLIIT\Y2S1\IT2011 AIML\My First AI Project\EfficientNetB3_Project\data\brain_tumor_mri\Training\glioma_tumor\gg (388).jpg,gg (388).jpg,glioma_tumor,Training,0,dadc4aedcb77f727246d10b8efb0956ea720d15451c9eaf2446ee345c4da7095
C:\Users\ransi\Documents\AA  SLIIT\Y2S1\IT2011 AIML\My First AI Project\EfficientNetB3_Project\data\brain_tumor_mri\Training\glioma_tumor\gg (67).jpg,gg (67).jpg,glioma_tumor,Training,0,1c2609210cf657c5dd1d872153de9cefaa86cd5ae8b243e1efaaba3a9b974811
C:\Users\ransi\Documents\AA  SLIIT\Y2S1\IT2011 AIML\My First AI Project\EfficientNetB3_Project\data\brain_tumor_mri\Training\glioma_tumor\gg (533).jpg,gg (533).jpg,glioma_tumor,Training,0,b513a83f68e486f45159b004d356782e782840145321511f99dd38399251b6d7
C:\Users\ransi\Documents\AA  SLIIT\Y2S1\IT2011 AIML\My First AI Project\EfficientNetB3_Project\data\brain_tumor_mri\Training\pituitary_tumor\p (774).jpg,p (774).jpg,pituitary_tumor,Training,3,679631684a5682cfb59fde3416b9c8d65c9c525348132d598b8b14fe3c9ecf2b
C:\Users\ransi\Documents\AA  SLIIT\Y2S1\IT2011 AIML\My First AI Project\EfficientNetB3_Project\data\brain_tumor_mri\Training\meningioma_tumor\m1(67).jpg,m1(67).jpg,meningioma_tumor,Training,1,9f08021e07ea5ac142fb7d2383531e1a50159835d24fa5077a10516eee0865c9
C:\Users\ransi\Documents\AA  SLIIT\Y2S1\IT2011 AIML\My First AI Project\EfficientNetB3_Project\data\brain_tumor_mri\Testing\glioma_tumor\image(52).jpg,image(52).jpg,glioma_tumor,Testing,0,a146b63360e81168b723239f8c7395404d81c5cfdddb1a85feb9df8dfb46f535
C:\Users\ransi\Documents\AA  SLIIT\Y2S1\IT2011 AIML\My First AI Project\EfficientNetB3_Project\data\brain_tumor_mri\Training\pituitary_tumor\p (821).jpg,p (821).jpg,pituitary_tumor,Training,3,2ff4148f9df002d656776798bd105ecf6d968798386ef1739faef5588700ffe7
C:\Users\ransi\Documents\AA  SLIIT\Y2S1\IT2011 AIML\My First AI Project\EfficientNetB3_Project\data\brain_tumor_mri\Training\meningioma_tumor\m2 (116).jpg,m2 (116).jpg,meningioma_tumor,Training,1,9245b1f26519e3644e028e9e1b0841ffdb2352037d7fc64750cb9746f6a78b3b
C:\Users\ransi\Documents\AA  SLIIT\Y2S1\IT2011 AIML\My First AI Project\EfficientNetB3_Project\data\brain_tumor_mri\Training\pituitary_tumor\p (148).jpg,p (148).jpg,pituitary_tumor,Training,3,5dc617b4e5e82154c5626d11ba9c751b8bf549c6a355069ec3b41c225ffa9cd3
C:\Users\ransi\Documents\AA  SLIIT\Y2S1\IT2011 AIML\My First AI Project\EfficientNetB3_Project\data\brain_tumor_mri\Training\pituitary_tumor\p (596).jpg,p (596).jpg,pituitary_tumor,Training,3,058826b9810d817cc1a658890fd576f3c00421905db94192d3bd741061855a5e
C:\Users\ransi\Documents\AA  SLIIT\Y2S1\IT2011 AIML\My First AI Project\EfficientNetB3_Project\data\brain_tumor_mri\Training\meningioma_tumor\m3 (36).jpg,m3 (36).jpg,meningioma_tumor,Training,1,59bfe068eea8a2f68d8aeb779f2fea76df9c0ae03fd4d3991312aa4d0f69d7f3
C:\Users\ransi\Documents\AA  SLIIT\Y2S1\IT2011 AIML\My First AI Project\EfficientNetB3_Project\data\brain_tumor_mri\Training\pituitary_tumor\p (326).jpg,p (326).jpg,pituitary_tumor,Training,3,e4f48a4105f7f4e8dc9ea6f6a81eaa424fd42fb554a2e67a86dbcb40f5fe2bf1
C:\Users\ransi\Documents\AA  SLIIT\Y2S1\IT2011 AIML\My First AI Project\EfficientNetB3_Project\data\brain_tumor_mri\Training\glioma_tumor\gg (121).jpg,gg (121).jpg,glioma_tumor,Training,0,f9a7ee40f62c8752f8374f931ed8af1a6098fb1c12a46002888ff6689d77d727
C:\Users\ransi\Documents\AA  SLIIT\Y2S1\IT2011 AIML\My First AI Project\EfficientNetB3_Project\data\brain_tumor_mri\Training\meningioma_tumor\m2 (50).jpg,m2 (50).jpg,meningioma_tumor,Training,1,51133c845662b60de42eea0e0d5aafbc4f70a8c645755f8400eb4df3773591a4
C:\Users\ransi\Documents\AA  SLIIT\Y2S1\IT2011 AIML\My First AI Project\EfficientNetB3_Project\data\brain_tumor_mri\Training\no_tumor\image(299).jpg,image(299).jpg,no_tumor,Training,2,c89bab9606c9dd094eea949e80079eab03aba3936d3ff080ba766c06d8793030
C:\Users\ransi\Documents\AA  SLIIT\Y2S1\IT2011 AIML\My First AI Project\EfficientNetB3_Project\data\brain_tumor_mri\Training\glioma_tumor\gg (595).jpg,gg (595).jpg,glioma_tumor,Training,0,7f5adfa3ef7dd0022544406e88b26a89db011a3c58d69f0d88deb3115080ad45
C:\Users\ransi\Documents\AA  SLIIT\Y2S1\IT2011 AIML\My First AI Project\EfficientNetB3_Project\data\brain_tumor_mri\Training\meningioma_tumor\m3 (177).jpg,m3 (177).jpg,meningioma_tumor,Training,1,0c8158d4aadcd98178a6ae263609f2b17e6527ad635a387af4e185bcbe4ad64c
C:\Users\ransi\Documents\AA  SLIIT\Y2S1\IT2011 AIML\My First AI Project\EfficientNetB3_Project\data\brain_tumor_mri\Training\glioma_tumor\gg (527).jpg,gg (527).jpg,glioma_tumor,Training,0,fc4bae7e81949fff771ea87bc04f8efc0278475ab25547a1173325b65e579511
C:\Users\ransi\Documents\AA  SLIIT\Y2S1\IT2011 AIML\My First AI Project\EfficientNetB3_Project\data\brain_tumor_mri\Training\no_tumor\image(226).jpg,image(226).jpg,no_tumor,Training,2,02d84c8f215bb8f8f94ad1456041dd8e0fd8e76097cecad324e06d40b429baf8
C:\Users\ransi\Documents\AA  SLIIT\Y2S1\IT2011 AIML\My First AI Project\EfficientNetB3_Project\data\brain_tumor_mri\Training\no_tumor\image(105).jpg,image(105).jpg,no_tumor,Training,2,f3ce33b26a3784299fc2bc72215752b531bb1ff11e9b65dc39376039f8809f64
C:\Users\ransi\Documents\AA  SLIIT\Y2S1\IT2011 AIML\My First AI Project\EfficientNetB3_Project\data\brain_tumor_mri\Training\glioma_tumor\gg (709).jpg,gg (709).jpg,glioma_tumor,Training,0,989de8b8b3ba83496e5ae82b259a88ded06a9c3eb6f661222ec53835cf8c1adf
C:\Users\ransi\Documents\AA  SLIIT\Y2S1\IT2011 AIML\My First AI Project\EfficientNetB3_Project\data\brain_tumor_mri\Training\no_tumor\image(281).jpg,image(281).jpg,no_tumor,Training,2,e3ea07d69e4b3242a2bc56046a2c9547c6e15d8169d3bdad7d4f8f9baf2a2442
C:\Users\ransi\Documents\AA  SLIIT\Y2S1\IT2011 AIML\My First AI Project\EfficientNetB3_Project\data\brain_tumor_mri\Training\no_tumor\image(195).jpg,image(195).jpg,no_tumor,Training,2,ca0417b4c4dc6ac92ebdeeb71231b1a60a16299d04b7735c1bf725aa0649d8c2
C:\Users\ransi\Documents\AA  SLIIT\Y2S1\IT2011 AIML\My First AI Project\EfficientNetB3_Project\data\brain_tumor_mri\Training\glioma_tumor\gg (193).jpg,gg (193).jpg,glioma_tumor,Training,0,22260fef1a86f404357f637bf9be34e869537d141608c294ebeb03b1c4bc8df1
C:\Users\ransi\Documents\AA  SLIIT\Y2S1\IT2011 AIML\My First AI Project\EfficientNetB3_Project\data\brain_tumor_mri\Training\meningioma_tumor\m1(89).jpg,m1(89).jpg,meningioma_tumor,Training,1,55ccf056c0175f89cba689ac5916a759dcfdf404f79804d528a20d99ebc0ba85
C:\Users\ransi\Documents\AA  SLIIT\Y2S1\IT2011 AIML\My First AI Project\EfficientNetB3_Project\data\brain_tumor_mri\Training\meningioma_tumor\m2 (159).jpg,m2 (159).jpg,meningioma_tumor,Training,1,f8dcc0d99971ea44a352c1deba9aa4d39836ca77b61924b7a79c5a87adb5364a
C:\Users\ransi\Documents\AA  SLIIT\Y2S1\IT2011 AIML\My First AI Project\EfficientNetB3_Project\data\brain_tumor_mri\Training\meningioma_tumor\m3 (98).jpg,m3 (98).jpg,meningioma_tumor,Training,1,548cae591bfd4e72dcf20bcdf0185c170459b7b5173d9585c3d694e5bdff8cef
C:\Users\ransi\Documents\AA  SLIIT\Y2S1\IT2011 AIML\My First AI Project\EfficientNetB3_Project\data\brain_tumor_mri\Training\pituitary_tumor\p (118).jpg,p (118).jpg,pituitary_tumor,Training,3,eb32825f129c509cabcb331ac2191a12850771eb5ae0ab048f1e7a30382c841c
C:\Users\ransi\Documents\AA  SLIIT\Y2S1\IT2011 AIML\My First AI Project\EfficientNetB3_Project\data\brain_tumor_mri\Training\meningioma_tumor\m1(17).jpg,m1(17).jpg,meningioma_tumor,Training,1,1f8de2ac3bde04fbeeafe1d774b248297d76d5e9721408c96e9892d5a3acc218
C:\Users\ransi\Documents\AA  SLIIT\Y2S1\IT2011 AIML\My First AI Project\EfficientNetB3_Project\data\brain_tumor_mri\Training\no_tumor\image (29).jpg,image (29).jpg,no_tumor,Training,2,fe20d08e5475898e9b66661cddbe32d6d006438e57c36cd87be27b8dd9c0676d
C:\Users\ransi\Documents\AA  SLIIT\Y2S1\IT2011 AIML\My First AI Project\EfficientNetB3_Project\data\brain_tumor_mri\Training\no_tumor\image(74).jpg,image(74).jpg,no_tumor,Training,2,fc8747011cb29cb94b758e4c23df80e621617dea8ac55797640db236d8223bad
C:\Users\ransi\Documents\AA  SLIIT\Y2S1\IT2011 AIML\My First AI Project\EfficientNetB3_Project\data\brain_tumor_mri\Training\pituitary_tumor\p (416).jpg,p (416).jpg,pituitary_tumor,Training,3,6d45d2d3dd8a63165576b598ff499cccd04d0bbd60459b43c1b39550aec5d9c2
C:\Users\ransi\Documents\AA  SLIIT\Y2S1\IT2011 AIML\My First AI Project\EfficientNetB3_Project\data\brain_tumor_mri\Training\meningioma_tumor\m1(172).jpg,m1(172).jpg,meningioma_tumor,Training,1,e2c7bc9c2d735e5b584b329f5cda1aec1f2415b2972c4aa8efc8d0a61e61b280
C:\Users\ransi\Documents\AA  SLIIT\Y2S1\IT2011 AIML\My First AI Project\EfficientNetB3_Project\data\brain_tumor_mri\Training\glioma_tumor\gg (404).jpg,gg (404).jpg,glioma_tumor,Training,0,02a08fcf2dd0174628542caf95a31182cd15519ca4140a5b4ee938207dc8da02
C:\Users\ransi\Documents\AA  SLIIT\Y2S1\IT2011 AIML\My First AI Project\EfficientNetB3_Project\data\brain_tumor_mri\Training\pituitary_tumor\p (79).jpg,p (79).jpg,pituitary_tumor,Training,3,ccf576e4a922bc6d5d45c2df317026a7f39e37cb44587d0bdb4da2e5468c7fcf
C:\Users\ransi\Documents\AA  SLIIT\Y2S1\IT2011 AIML\My First AI Project\EfficientNetB3_Project\data\brain_tumor_mri\Testing\glioma_tumor\image(84).jpg,image(84).jpg,glioma_tumor,Testing,0,917cadd5aad4a8288a4f759d4f4a261e66c3187dbace1293b76aa8434b691b37
C:\Users\ransi\Documents\AA  SLIIT\Y2S1\IT2011 AIML\My First AI Project\EfficientNetB3_Project\data\brain_tumor_mri\Training\pituitary_tumor\p (706).jpg,p (706).jpg,pituitary_tumor,Training,3,14fa61b19d2bae5ad6145a7a6bec82cfe4ad2ed5660ca0f5b47eec2b788ef51b
C:\Users\ransi\Documents\AA  SLIIT\Y2S1\IT2011 AIML\My First AI Project\EfficientNetB3_Project\data\brain_tumor_mri\Testing\glioma_tumor\image(97).jpg,image(97).jpg,glioma_tumor,Testing,0,36d2f03fd5b0ffd8a3ac1d2fe9f2c3cf4967f82751629676198f774e0ee21a9c
C:\Users\ransi\Documents\AA  SLIIT\Y2S1\IT2011 AIML\My First AI Project\EfficientNetB3_Project\data\brain_tumor_mri\Training\meningioma_tumor\m1(93).jpg,m1(93).jpg,meningioma_tumor,Training,1,83735858f1eab8d6c30043b9920133305bb4f6e2899c172f346f4cae98c878e7
C:\Users\ransi\Documents\AA  SLIIT\Y2S1\IT2011 AIML\My First AI Project\EfficientNetB3_Project\data\brain_tumor_mri\Testing\no_tumor\image(58).jpg,image(58).jpg,no_tumor,Testing,2,247420d663a2af95266ddfb5c9cd2ee741d2474f300ca0d25809d37f61e9c4df
C:\Users\ransi\Documents\AA  SLIIT\Y2S1\IT2011 AIML\My First AI Project\EfficientNetB3_Project\data\brain_tumor_mri\Training\meningioma_tumor\m2 (158).jpg,m2 (158).jpg,meningioma_tumor,Training,1,b484abf8aa6bd8d60ef5c13fe6e3d5a122fbd02107cafb821eda9f9f50a5a8ad
C:\Users\ransi\Documents\AA  SLIIT\Y2S1\IT2011 AIML\My First AI Project\EfficientNetB3_Project\data\brain_tumor_mri\Training\pituitary_tumor\p (633).jpg,p (633).jpg,pituitary_tumor,Training,3,09b6d670376015de38a4bf375022757440c8888b1ffd7588cb3a48aabdebe4de
C:\Users\ransi\Documents\AA  SLIIT\Y2S1\IT2011 AIML\My First AI Project\EfficientNetB3_Project\data\brain_tumor_mri\Training\glioma_tumor\gg (585).jpg,gg (585).jpg,glioma_tumor,Training,0,008f7fea9cbb6d61aa406db657479bf8437355ffff3b894a807c8d7b81d7e628
C:\Users\ransi\Documents\AA  SLIIT\Y2S1\IT2011 AIML\My First AI Project\EfficientNetB3_Project\data\brain_tumor_mri\Training\no_tumor\image(14).jpg,image(14).jpg,no_tumor,Training,2,220816d55783431f776d10ccd11ebda7aa823602de035f0f07d0d7cd780cfa0f
C:\Users\ransi\Documents\AA  SLIIT\Y2S1\IT2011 AIML\My First AI Project\EfficientNetB3_Project\data\brain_tumor_mri\Testing\glioma_tumor\image(17).jpg,image(17).jpg,glioma_tumor,Testing,0,667a351913c72f384bad7c071dc8931922b3118a8d81a7dcb48291afe136ead7
C:\Users\ransi\Documents\AA  SLIIT\Y2S1\IT2011 AIML\My First AI Project\EfficientNetB3_Project\data\brain_tumor_mri\Training\pituitary_tumor\p (639).jpg,p (639).jpg,pituitary_tumor,Training,3,6c1e106147dd2ae9e4b6f78361f211d8d1f6deb7e53e219c10140e2b4cf9c3dd
C:\Users\ransi\Documents\AA  SLIIT\Y2S1\IT2011 AIML\My First AI Project\EfficientNetB3_Project\data\brain_tumor_mri\Testing\glioma_tumor\image(27).jpg,image(27).jpg,glioma_tumor,Testing,0,1ce27ccb88e8779f13fe8209fe3a50d4310a1474e1c55438cd306cf2664c9de0
C:\Users\ransi\Documents\AA  SLIIT\Y2S1\IT2011 AIML\My First AI Project\EfficientNetB3_Project\data\brain_tumor_mri\Training\glioma_tumor\gg (611).jpg,gg (611).jpg,glioma_tumor,Training,0,4ac973482e412311f2f1ea5dcd624cb19056a07fe5e46a43eed934a09b8120b3
C:\Users\ransi\Documents\AA  SLIIT\Y2S1\IT2011 AIML\My First AI Project\EfficientNetB3_Project\data\brain_tumor_mri\Testing\meningioma_tumor\image(26).jpg,image(26).jpg,meningioma_tumor,Testing,1,b1836f483d7ab83307c909363656cb6aa3ab4b707343d4f5bafdc5f45890935e
C:\Users\ransi\Documents\AA  SLIIT\Y2S1\IT2011 AIML\My First AI Project\EfficientNetB3_Project\data\brain_tumor_mri\Training\glioma_tumor\gg (189).jpg,gg (189).jpg,glioma_tumor,Training,0,ef8175036af4ba4fc192491d9f023470b54e6c7ac56ff22ef2f8d51ede356f1b
C:\Users\ransi\Documents\AA  SLIIT\Y2S1\IT2011 AIML\My First AI Project\EfficientNetB3_Project\data\brain_tumor_mri\Testing\no_tumor\image(89).jpg,image(89).jpg,no_tumor,Testing,2,f0f59157eff868aa8dc74d5a6b5d384421c8587b5f15d90ca8414f4650276436
C:\Users\ransi\Documents\AA  SLIIT\Y2S1\IT2011 AIML\My First AI Project\EfficientNetB3_Project\data\brain_tumor_mri\Training\meningioma_tumor\m1(194).jpg,m1(194).jpg,meningioma_tumor,Training,1,9ef07d315f8bb789b47f544050569f2b3403ccfe603daf97f037b46f691a28d1
C:\Users\ransi\Documents\AA  SLIIT\Y2S1\IT2011 AIML\My First AI Project\EfficientNetB3_Project\data\brain_tumor_mri\Training\meningioma_tumor\m3 (181).jpg,m3 (181).jpg,meningioma_tumor,Training,1,d969a85825db5cbd00c71c523944cdc85f46cccfd335be6bb8bd2f888ea260a7
C:\Users\ransi\Documents\AA  SLIIT\Y2S1\IT2011 AIML\My First AI Project\EfficientNetB3_Project\data\brain_tumor_mri\Testing\glioma_tumor\image(29).jpg,image(29).jpg,glioma_tumor,Testing,0,cd0ed664951fcfd1ac7657a788f912f298b005d4cd99303da31c8399363c58cc
C:\Users\ransi\Documents\AA  SLIIT\Y2S1\IT2011 AIML\My First AI Project\EfficientNetB3_Project\data\brain_tumor_mri\Testing\glioma_tumor\image(72).jpg,image(72).jpg,glioma_tumor,Testing,0,dfe3ba072de070d1d78c367f8facb4680032ff69735adda54f57511090770be2
C:\Users\ransi\Documents\AA  SLIIT\Y2S1\IT2011 AIML\My First AI Project\EfficientNetB3_Project\data\brain_tumor_mri\Training\glioma_tumor\gg (525).jpg,gg (525).jpg,glioma_tumor,Training,0,fca5d2c7df16b7acb5534e8202a301c4a270c9ed0b380f20781997530074a1aa
C:\Users\ransi\Documents\AA  SLIIT\Y2S1\IT2011 AIML\My First AI Project\EfficientNetB3_Project\data\brain_tumor_mri\Testing\pituitary_tumor\image(2).jpg,image(2).jpg,pituitary_tumor,Testing,3,f9d0258b9e93c970f46574f7f76ac449b80479c91603e7398690689bc63e73b8
C:\Users\ransi\Documents\AA  SLIIT\Y2S1\IT2011 AIML\My First AI Project\EfficientNetB3_Project\data\brain_tumor_mri\Training\no_tumor\image(248).jpg,image(248).jpg,no_tumor,Training,2,72acc74eeb207d915e2a252dcecf6ba2302eec74946776027e095f1f20ce9955
C:\Users\ransi\Documents\AA  SLIIT\Y2S1\IT2011 AIML\My First AI Project\EfficientNetB3_Project\data\brain_tumor_mri\Training\meningioma_tumor\m (165).jpg,m (165).jpg,meningioma_tumor,Training,1,2aece17eaf2dfe73882e024fe2000ec2af20a69882e2edd78b88a56226133200
C:\Users\ransi\Documents\AA  SLIIT\Y2S1\IT2011 AIML\My First AI Project\EfficientNetB3_Project\data\brain_tumor_mri\Training\no_tumor\image(203).jpg,image(203).jpg,no_tumor,Training,2,ef972f0c0ccaaef5fbf0e519361cb62641e9afea1ebfa0ed3831461434aa0172
C:\Users\ransi\Documents\AA  SLIIT\Y2S1\IT2011 AIML\My First AI Project\EfficientNetB3_Project\data\brain_tumor_mri\Training\meningioma_tumor\m (128).jpg,m (128).jpg,meningioma_tumor,Training,1,c29107b8aee854883151a50a6e13f95acabdfd9cce2b34144342019f378ce211
C:\Users\ransi\Documents\AA  SLIIT\Y2S1\IT2011 AIML\My First AI Project\EfficientNetB3_Project\data\brain_tumor_mri\Training\pituitary_tumor\p (789).jpg,p (789).jpg,pituitary_tumor,Training,3,9551993deef67b63c1636ff187a8da8a4f54647d1375d47eac39d8130b4b8a84
C:\Users\ransi\Documents\AA  SLIIT\Y2S1\IT2011 AIML\My First AI Project\EfficientNetB3_Project\data\brain_tumor_mri\Training\glioma_tumor\gg (445).jpg,gg (445).jpg,glioma_tumor,Training,0,f52e0730cc9d5dffa4c246db23fefac6283cdd9f412cdae62125a414157bd2b1
C:\Users\ransi\Documents\AA  SLIIT\Y2S1\IT2011 AIML\My First AI Project\EfficientNetB3_Project\data\brain_tumor_mri\Training\glioma_tumor\gg (333).jpg,gg (333).jpg,glioma_tumor,Training,0,c44ad95b2c2465c2519d2fb0ba45ccd1343993a17dc62ef203523a4641b39db8
C:\Users\ransi\Documents\AA  SLIIT\Y2S1\IT2011 AIML\My First AI Project\EfficientNetB3_Project\data\brain_tumor_mri\Training\pituitary_tumor\p (66).jpg,p (66).jpg,pituitary_tumor,Training,3,d77fd5a5e0e34ac350484f731434989cd440feea68a58c073dbbe9e4c52e7391
C:\Users\ransi\Documents\AA  SLIIT\Y2S1\IT2011 AIML\My First AI Project\EfficientNetB3_Project\data\brain_tumor_mri\Testing\pituitary_tumor\image(67).jpg,image(67).jpg,pituitary_tumor,Testing,3,f764c8846c7fe11dce4e99b2bfa153347eb2976ae53857392f31f82b127b2270
C:\Users\ransi\Documents\AA  SLIIT\Y2S1\IT2011 AIML\My First AI Project\EfficientNetB3_Project\data\brain_tumor_mri\Training\meningioma_tumor\m3 (155).jpg,m3 (155).jpg,meningioma_tumor,Training,1,fb0461b4d5076f16f31006577ff911a86044074ea7e2618977166d56c0de0d11
C:\Users\ransi\Documents\AA  SLIIT\Y2S1\IT2011 AIML\My First AI Project\EfficientNetB3_Project\data\brain_tumor_mri\Training\meningioma_tumor\m1(171).jpg,m1(171).jpg,meningioma_tumor,Training,1,62de21ad35edc274140c0f364d02f6e9117af8dc98e56e344bce8b219657197b
C:\Users\ransi\Documents\AA  SLIIT\Y2S1\IT2011 AIML\My First AI Project\EfficientNetB3_Project\data\brain_tumor_mri\Testing\meningioma_tumor\image(60).jpg,image(60).jpg,meningioma_tumor,Testing,1,f55311fb8ccf1b86450233262bd00b176bd1c404e5849b59c0a3cd5e4440626b
C:\Users\ransi\Documents\AA  SLIIT\Y2S1\IT2011 AIML\My First AI Project\EfficientNetB3_Project\data\brain_tumor_mri\Training\pituitary_tumor\p (135).jpg,p (135).jpg,pituitary_tumor,Training,3,0b8eb0d5ea57ea7f094ed9fa29350f7201fae8333e044b89c70bb09664b6a6d0
C:\Users\ransi\Documents\AA  SLIIT\Y2S1\IT2011 AIML\My First AI Project\EfficientNetB3_Project\data\brain_tumor_mri\Training\meningioma_tumor\m3 (50).jpg,m3 (50).jpg,meningioma_tumor,Training,1,ca7ecd71a27c8809f42bc399852aa7a804752e04916036264ac15622ac23ed44
C:\Users\ransi\Documents\AA  SLIIT\Y2S1\IT2011 AIML\My First AI Project\EfficientNetB3_Project\data\brain_tumor_mri\Training\meningioma_tumor\m3 (45).jpg,m3 (45).jpg,meningioma_tumor,Training,1,f3d9a4b8a5e1f5cba8b79aa21ec1a6d4ec5a6ad100bdf3206e7fb90a6a9f4cc6
C:\Users\ransi\Documents\AA  SLIIT\Y2S1\IT2011 AIML\My First AI Project\EfficientNetB3_Project\data\brain_tumor_mri\Training\glioma_tumor\gg (310).jpg,gg (310).jpg,glioma_tumor,Training,0,b822f459574c3554316b73fba78debe7d6832c53425ead58d28bddebd08ab33c
C:\Users\ransi\Documents\AA  SLIIT\Y2S1\IT2011 AIML\My First AI Project\EfficientNetB3_Project\data\brain_tumor_mri\Training\pituitary_tumor\p (661).jpg,p (661).jpg,pituitary_tumor,Training,3,bcb3cbba84b292001a485df1c654466a38138501afc768c4c746f63f26ee5c72
C:\Users\ransi\Documents\AA  SLIIT\Y2S1\IT2011 AIML\My First AI Project\EfficientNetB3_Project\data\brain_tumor_mri\Training\glioma_tumor\gg (637).jpg,gg (637).jpg,glioma_tumor,Training,0,7f213584ba4c3105cd350c1c223cff315928f31c065ed7de457aa6e201e591c3
C:\Users\ransi\Documents\AA  SLIIT\Y2S1\IT2011 AIML\My First AI Project\EfficientNetB3_Project\data\brain_tumor_mri\Training\meningioma_tumor\m1(24).jpg,m1(24).jpg,meningioma_tumor,Training,1,5f3a684964a423e4d2456ef3311383bdf0ea4018609307ca3fe3be67d42a2156
C:\Users\ransi\Documents\AA  SLIIT\Y2S1\IT2011 AIML\My First AI Project\EfficientNetB3_Project\data\brain_tumor_mri\Training\glioma_tumor\gg (412).jpg,gg (412).jpg,glioma_tumor,Training,0,948a7cf1ebd51f71b4c9abd44c499e6f1e2a74757c8a18a2c498cbcb5d0b8687
C:\Users\ransi\Documents\AA  SLIIT\Y2S1\IT2011 AIML\My First AI Project\EfficientNetB3_Project\data\brain_tumor_mri\Training\meningioma_tumor\m2 (103).jpg,m2 (103).jpg,meningioma_tumor,Training,1,b224ed7be94644e12c33893d9be14efac4d5fa9c6b478e87fd914a7c3a92aa4a
C:\Users\ransi\Documents\AA  SLIIT\Y2S1\IT2011 AIML\My First AI Project\EfficientNetB3_Project\data\brain_tumor_mri\Training\pituitary_tumor\p (49).jpg,p (49).jpg,pituitary_tumor,Training,3,5dbee04103ba69298735a82da51b30cb96449035c54592e8b0e36b77cd64d3cc
C:\Users\ransi\Documents\AA  SLIIT\Y2S1\IT2011 AIML\My First AI Project\EfficientNetB3_Project\data\brain_tumor_mri\Training\pituitary_tumor\p (58).jpg,p (58).jpg,pituitary_tumor,Training,3,99d9f2f00f96c99935898ec8e1f305eb0a8b82ea564993cc42e05eb98a81bdf8
C:\Users\ransi\Documents\AA  SLIIT\Y2S1\IT2011 AIML\My First AI Project\EfficientNetB3_Project\data\brain_tumor_mri\Training\glioma_tumor\gg (744).jpg,gg (744).jpg,glioma_tumor,Training,0,0b6174f3f8ff52c4ef2126241cfe5efe53e551d6a3b7c464b01fdf8a20406c66
C:\Users\ransi\Documents\AA  SLIIT\Y2S1\IT2011 AIML\My First AI Project\EfficientNetB3_Project\data\brain_tumor_mri\Training\meningioma_tumor\m2 (108).jpg,m2 (108).jpg,meningioma_tumor,Training,1,fab1c6e30985e4b80257a14fca1ac8dbea8d66fc24e86e986dd9a5ce32865b9c
C:\Users\ransi\Documents\AA  SLIIT\Y2S1\IT2011 AIML\My First AI Project\EfficientNetB3_Project\data\brain_tumor_mri\Training\glioma_tumor\gg (760).jpg,gg (760).jpg,glioma_tumor,Training,0,84bebafba5c0fea6592c3aea4d1ce97a6ab9388396087796065f0dff5f990eca
C:\Users\ransi\Documents\AA  SLIIT\Y2S1\IT2011 AIML\My First AI Project\EfficientNetB3_Project\data\brain_tumor_mri\Training\no_tumor\image(189).jpg,image(189).jpg,no_tumor,Training,2,72c6acac6e7547ab9b9fa58f8e6f4f9fc26b1b8e09f9a5cbc2d4902415f85e20
C:\Users\ransi\Documents\AA  SLIIT\Y2S1\IT2011 AIML\My First AI Project\EfficientNetB3_Project\data\brain_tumor_mri\Testing\pituitary_tumor\image(93).jpg,image(93).jpg,pituitary_tumor,Testing,3,de35915b30be9cb513305bb03b1fcf263dadf7259aa666e02f09215118f7f65a
C:\Users\ransi\Documents\AA  SLIIT\Y2S1\IT2011 AIML\My First AI Project\EfficientNetB3_Project\data\brain_tumor_mri\Training\no_tumor\image(62).jpg,image(62).jpg,no_tumor,Training,2,2c0036409ce103a8668735db595e18d01fbd821ca66e8ef43c77d6a4add544de
C:\Users\ransi\Documents\AA  SLIIT\Y2S1\IT2011 AIML\My First AI Project\EfficientNetB3_Project\data\brain_tumor_mri\Training\meningioma_tumor\m (114).jpg,m (114).jpg,meningioma_tumor,Training,1,49c2528e7f11b031d8e832878232363c21340f3f8b09ce2d38ac59b4cbedfdbb
C:\Users\ransi\Documents\AA  SLIIT\Y2S1\IT2011 AIML\My First AI Project\EfficientNetB3_Project\data\brain_tumor_mri\Training\meningioma_tumor\m3 (70).jpg,m3 (70).jpg,meningioma_tumor,Training,1,5485d81400e8424662b8dd3c597fd85450eb58103c1dab73b3af54690c8647a6
C:\Users\ransi\Documents\AA  SLIIT\Y2S1\IT2011 AIML\My First AI Project\EfficientNetB3_Project\data\brain_tumor_mri\Training\meningioma_tumor\m1(14).jpg,m1(14).jpg,meningioma_tumor,Training,1,149b33146fbb8a280391eaab407828605ea2b88a81cb380f1b647e60511320be
C:\Users\ransi\Documents\AA  SLIIT\Y2S1\IT2011 AIML\My First AI Project\EfficientNetB3_Project\data\brain_tumor_mri\Training\glioma_tumor\gg (601).jpg,gg (601).jpg,glioma_tumor,Training,0,8faa1956f6c3e58ca9911d98e453692128bb99c49abb2216ede151e46b1c631b
C:\Users\ransi\Documents\AA  SLIIT\Y2S1\IT2011 AIML\My First AI Project\EfficientNetB3_Project\data\brain_tumor_mri\Training\pituitary_tumor\p (788).jpg,p (788).jpg,pituitary_tumor,Training,3,6e35b3f86f547e5cd9f4f08492279a467cfb9f45d699112b4eff8f7bed1a35e3
C:\Users\ransi\Documents\AA  SLIIT\Y2S1\IT2011 AIML\My First AI Project\EfficientNetB3_Project\data\brain_tumor_mri\Training\meningioma_tumor\m3 (52).jpg,m3 (52).jpg,meningioma_tumor,Training,1,fd18a06dcb2bca0a13d5ffe0378cc989a0584fa6a7c5cad5aa1643504548eaa8
C:\Users\ransi\Documents\AA  SLIIT\Y2S1\IT2011 AIML\My First AI Project\EfficientNetB3_Project\data\brain_tumor_mri\Training\pituitary_tumor\p (519).jpg,p (519).jpg,pituitary_tumor,Training,3,9a94f147cc2efd10a2582c58935b06b9d60c88df70209376044424e61d52e02c
C:\Users\ransi\Documents\AA  SLIIT\Y2S1\IT2011 AIML\My First AI Project\EfficientNetB3_Project\data\brain_tumor_mri\Testing\glioma_tumor\image(5).jpg,image(5).jpg,glioma_tumor,Testing,0,b473e9fe6e1899963ce3885e3b56dc085d1b8afddedc48391fa8101c173823b8
C:\Users\ransi\Documents\AA  SLIIT\Y2S1\IT2011 AIML\My First AI Project\EfficientNetB3_Project\data\brain_tumor_mri\Training\pituitary_tumor\p (358).jpg,p (358).jpg,pituitary_tumor,Training,3,072c7b150f63eaae6d47414087c2802a9a0f03f6f03a19072588df9525f5e7c5
C:\Users\ransi\Documents\AA  SLIIT\Y2S1\IT2011 AIML\My First AI Project\EfficientNetB3_Project\data\brain_tumor_mri\Training\glioma_tumor\gg (431).jpg,gg (431).jpg,glioma_tumor,Training,0,b8b0daa9b444ab6afbe9cf5add5f6107449029bc0e968c462063097f2a83763e
C:\Users\ransi\Documents\AA  SLIIT\Y2S1\IT2011 AIML\My First AI Project\EfficientNetB3_Project\data\brain_tumor_mri\Training\glioma_tumor\gg (764).jpg,gg (764).jpg,glioma_tumor,Training,0,23e271290683ffdba92c3c8b2ccc20b1206b756f0e65fbed71f52232a5b2cfb9
C:\Users\ransi\Documents\AA  SLIIT\Y2S1\IT2011 AIML\My First AI Project\EfficientNetB3_Project\data\brain_tumor_mri\Training\meningioma_tumor\m2 (60).jpg,m2 (60).jpg,meningioma_tumor,Training,1,aaba744274441323ef45a98f7663b4cf5d33a925942e018745e56009efe3a2de
C:\Users\ransi\Documents\AA  SLIIT\Y2S1\IT2011 AIML\My First AI Project\EfficientNetB3_Project\data\brain_tumor_mri\Training\no_tumor\image(111).jpg,image(111).jpg,no_tumor,Training,2,b96dde0d87e4f8da2348fccd2a84cc1a793b0d0df3eec2750454d537b8f6c749
C:\Users\ransi\Documents\AA  SLIIT\Y2S1\IT2011 AIML\My First AI Project\EfficientNetB3_Project\data\brain_tumor_mri\Training\meningioma_tumor\m2 (63).jpg,m2 (63).jpg,meningioma_tumor,Training,1,f3dea2b9dca650c21e73ec616f66a6ea251c5417c6f34c133e165c2e3f231803
C:\Users\ransi\Documents\AA  SLIIT\Y2S1\IT2011 AIML\My First AI Project\EfficientNetB3_Project\data\brain_tumor_mri\Training\pituitary_tumor\p (38).jpg,p (38).jpg,pituitary_tumor,Training,3,2e8d38cba8deed8e53e9934afd0901ddf095bec047a3674e616df51449c38ec5
C:\Users\ransi\Documents\AA  SLIIT\Y2S1\IT2011 AIML\My First AI Project\EfficientNetB3_Project\data\brain_tumor_mri\Training\glioma_tumor\gg (580).jpg,gg (580).jpg,glioma_tumor,Training,0,29bcc1bb24dd430463715cda9efdd30a8f9b3c9bebee300d22c447ff34cc7220
C:\Users\ransi\Documents\AA  SLIIT\Y2S1\IT2011 AIML\My First AI Project\EfficientNetB3_Project\data\brain_tumor_mri\Training\glioma_tumor\gg (703).jpg,gg (703).jpg,glioma_tumor,Training,0,729bb5e5a12a8ae5bc067ee85716eb7aa81d1a25d92ab33890b0a22f6a9b17d7
C:\Users\ransi\Documents\AA  SLIIT\Y2S1\IT2011 AIML\My First AI Project\EfficientNetB3_Project\data\brain_tumor_mri\Training\meningioma_tumor\m2 (175).jpg,m2 (175).jpg,meningioma_tumor,Training,1,a3f15b8e1409136cdeac9400868f52d6d9dbc35d6d666cdfcf2c565f9f671382
C:\Users\ransi\Documents\AA  SLIIT\Y2S1\IT2011 AIML\My First AI Project\EfficientNetB3_Project\data\brain_tumor_mri\Training\pituitary_tumor\p (763).jpg,p (763).jpg,pituitary_tumor,Training,3,906cfc7638d89309ffbe5d6a542ba43dc34c7f4f651dde4759c5f47b2144477f
C:\Users\ransi\Documents\AA  SLIIT\Y2S1\IT2011 AIML\My First AI Project\EfficientNetB3_Project\data\brain_tumor_mri\Training\pituitary_tumor\p (73).jpg,p (73).jpg,pituitary_tumor,Training,3,a52d8f94f6c05eb03bd3f45b4bc71a933a598f2f1f9fb900207688308a0f562f
C:\Users\ransi\Documents\AA  SLIIT\Y2S1\IT2011 AIML\My First AI Project\EfficientNetB3_Project\data\brain_tumor_mri\Training\meningioma_tumor\m2 (61).jpg,m2 (61).jpg,meningioma_tumor,Training,1,3477da8343ff2a94376b775e1929c2b3ec8279c9f6e9706a5605526306061ff2
C:\Users\ransi\Documents\AA  SLIIT\Y2S1\IT2011 AIML\My First AI Project\EfficientNetB3_Project\data\brain_tumor_mri\Training\pituitary_tumor\p (418).jpg,p (418).jpg,pituitary_tumor,Training,3,54297bfbb3b601b30c2c683c51c70f50d3149f39cf819308701d49034ca49a3b
C:\Users\ransi\Documents\AA  SLIIT\Y2S1\IT2011 AIML\My First AI Project\EfficientNetB3_Project\data\brain_tumor_mri\Training\no_tumor\image(120).jpg,image(120).jpg,no_tumor,Training,2,0ff08a1e38749c259d1cb4a8cdeb1bd4d435ca9ccd7e1256d7f711f2f0d10160
C:\Users\ransi\Documents\AA  SLIIT\Y2S1\IT2011 AIML\My First AI Project\EfficientNetB3_Project\data\brain_tumor_mri\Training\no_tumor\image(112).jpg,image(112).jpg,no_tumor,Training,2,60d4458ae9b5588d5a4bdd78908e388d839ac6247fe559c3e2ab9169c62b9d23
C:\Users\ransi\Documents\AA  SLIIT\Y2S1\IT2011 AIML\My First AI Project\EfficientNetB3_Project\data\brain_tumor_mri\Training\pituitary_tumor\p (105).jpg,p (105).jpg,pituitary_tumor,Training,3,cb20adda28855fae467d0910545a3c7bcd287a19072326ee1f04ce74a895f2c9
C:\Users\ransi\Documents\AA  SLIIT\Y2S1\IT2011 AIML\My First AI Project\EfficientNetB3_Project\data\brain_tumor_mri\Testing\glioma_tumor\image(35).jpg,image(35).jpg,glioma_tumor,Testing,0,70fe309c3f09b1ea602d976ccc97e15bb11165b02cc2f75adf28eeaaf9906c1c
C:\Users\ransi\Documents\AA  SLIIT\Y2S1\IT2011 AIML\My First AI Project\EfficientNetB3_Project\data\brain_tumor_mri\Training\no_tumor\image(307).jpg,image(307).jpg,no_tumor,Training,2,509501865fbbd1634e82013e9b06bd397874787e481c89a5b0dcd28d3a44916e
C:\Users\ransi\Documents\AA  SLIIT\Y2S1\IT2011 AIML\My First AI Project\EfficientNetB3_Project\data\brain_tumor_mri\Training\glioma_tumor\gg (728).jpg,gg (728).jpg,glioma_tumor,Training,0,007e288ea9ea919bf647db69a6a1a1a5cb9dff95b4d2930aa96853623eebb893
C:\Users\ransi\Documents\AA  SLIIT\Y2S1\IT2011 AIML\My First AI Project\EfficientNetB3_Project\data\brain_tumor_mri\Training\no_tumor\image(318).jpg,image(318).jpg,no_tumor,Training,2,01ec12ef228dc2b9a9aa14a7c2b4e17169a43f8439890f94841672ea106a33e5
C:\Users\ransi\Documents\AA  SLIIT\Y2S1\IT2011 AIML\My First AI Project\EfficientNetB3_Project\data\brain_tumor_mri\Training\meningioma_tumor\m3 (2).jpg,m3 (2).jpg,meningioma_tumor,Training,1,9d425dc88f5d2b5193ece042d9303d12c6ca9663cadd17b0d0c0749d7123e64c
C:\Users\ransi\Documents\AA  SLIIT\Y2S1\IT2011 AIML\My First AI Project\EfficientNetB3_Project\data\brain_tumor_mri\Testing\glioma_tumor\image(54).jpg,image(54).jpg,glioma_tumor,Testing,0,166d8d50958b2c27dc5028afdc2439f556d278cced5e9e648e03b72553b62ec0
C:\Users\ransi\Documents\AA  SLIIT\Y2S1\IT2011 AIML\My First AI Project\EfficientNetB3_Project\data\brain_tumor_mri\Training\glioma_tumor\gg (743).jpg,gg (743).jpg,glioma_tumor,Training,0,c60cc8aeeca79177c6f0f392c8c47718bba1cc45ce7843aa59254b364f27f434
C:\Users\ransi\Documents\AA  SLIIT\Y2S1\IT2011 AIML\My First AI Project\EfficientNetB3_Project\data\brain_tumor_mri\Training\glioma_tumor\gg (498).jpg,gg (498).jpg,glioma_tumor,Training,0,108c5344ede7ba04506557bbd440762777ed38caffa8b30b960d328277c12757
C:\Users\ransi\Documents\AA  SLIIT\Y2S1\IT2011 AIML\My First AI Project\EfficientNetB3_Project\data\brain_tumor_mri\Training\glioma_tumor\gg (202).jpg,gg (202).jpg,glioma_tumor,Training,0,7782bb8627e45e94e1c04fc9f3a492d6da73bd0c79e4bc1bc7b87212ecfb73bf
C:\Users\ransi\Documents\AA  SLIIT\Y2S1\IT2011 AIML\My First AI Project\EfficientNetB3_Project\data\brain_tumor_mri\Training\pituitary_tumor\p (757).jpg,p (757).jpg,pituitary_tumor,Training,3,004f9655d6baf78b265cc9ae3766e250550d13a82e0405427dfc6fedc53af132
C:\Users\ransi\Documents\AA  SLIIT\Y2S1\IT2011 AIML\My First AI Project\EfficientNetB3_Project\data\brain_tumor_mri\Training\meningioma_tumor\m3 (11).jpg,m3 (11).jpg,meningioma_tumor,Training,1,6b4352a2b59ed0e709306de3f3542290e4438d19eeff57fa7d9de0f194383547
C:\Users\ransi\Documents\AA  SLIIT\Y2S1\IT2011 AIML\My First AI Project\EfficientNetB3_Project\data\brain_tumor_mri\Training\pituitary_tumor\p (794).jpg,p (794).jpg,pituitary_tumor,Training,3,934b52967d00fb73284336ff980fd9af7cc910f35faab92e67562b3bd4705d18
C:\Users\ransi\Documents\AA  SLIIT\Y2S1\IT2011 AIML\My First AI Project\EfficientNetB3_Project\data\brain_tumor_mri\Training\meningioma_tumor\m2 (81).jpg,m2 (81).jpg,meningioma_tumor,Training,1,5e462a3d28966dfeca9b7a9a28e47e2131eed89e2f7cec4b7cee1c7ebb68a114
C:\Users\ransi\Documents\AA  SLIIT\Y2S1\IT2011 AIML\My First AI Project\EfficientNetB3_Project\data\brain_tumor_mri\Training\meningioma_tumor\m (142).jpg,m (142).jpg,meningioma_tumor,Training,1,10b81aeaa0065c1e8ee714e5db4c3a08e323bc3466a2124e7ddd0968117a8ecf
C:\Users\ransi\Documents\AA  SLIIT\Y2S1\IT2011 AIML\My First AI Project\EfficientNetB3_Project\data\brain_tumor_mri\Training\pituitary_tumor\p (731).jpg,p (731).jpg,pituitary_tumor,Training,3,f3d5b508c07875febcede2f8acbd89ca0685693338c7c2648821c3abce04d7b1
C:\Users\ransi\Documents\AA  SLIIT\Y2S1\IT2011 AIML\My First AI Project\EfficientNetB3_Project\data\brain_tumor_mri\Training\glioma_tumor\gg (492).jpg,gg (492).jpg,glioma_tumor,Training,0,79f97095d65881c61646194067fee5251af85f552c5f8cc1e0925e3e28745b99
C:\Users\ransi\Documents\AA  SLIIT\Y2S1\IT2011 AIML\My First AI Project\EfficientNetB3_Project\data\brain_tumor_mri\Training\meningioma_tumor\m3 (179).jpg,m3 (179).jpg,meningioma_tumor,Training,1,9c783c14c3998ae8158dab59cc37a4ed4fb6994958fea4503f836c01ab48c74b
C:\Users\ransi\Documents\AA  SLIIT\Y2S1\IT2011 AIML\My First AI Project\EfficientNetB3_Project\data\brain_tumor_mri\Testing\no_tumor\image(76).jpg,image(76).jpg,no_tumor,Testing,2,eed488f2e399ac4a011a52b70eff0a73837f1f2b8ef02297841792ba819420bc
C:\Users\ransi\Documents\AA  SLIIT\Y2S1\IT2011 AIML\My First AI Project\EfficientNetB3_Project\data\brain_tumor_mri\Training\pituitary_tumor\p (220).jpg,p (220).jpg,pituitary_tumor,Training,3,d343474cfb700c6ded711454bb6afd49f0f00cbdf5d3e69f4aefad61ae3fc431
C:\Users\ransi\Documents\AA  SLIIT\Y2S1\IT2011 AIML\My First AI Project\EfficientNetB3_Project\data\brain_tumor_mri\Training\no_tumor\image (6).jpg,image (6).jpg,no_tumor,Training,2,990f8529b0518b15798a799b2d19fd8e5905711d6e4af3232f89e605550bca10
C:\Users\ransi\Documents\AA  SLIIT\Y2S1\IT2011 AIML\My First AI Project\EfficientNetB3_Project\data\brain_tumor_mri\Training\meningioma_tumor\m2 (85).jpg,m2 (85).jpg,meningioma_tumor,Training,1,53ba53d9c8bc97e8cd55a16c809479cd825f1bc9185d4c418eca2b1a8a2f8495
C:\Users\ransi\Documents\AA  SLIIT\Y2S1\IT2011 AIML\My First AI Project\EfficientNetB3_Project\data\brain_tumor_mri\Testing\no_tumor\image(20).jpg,image(20).jpg,no_tumor,Testing,2,39c0884fa9dfa4bf3e2464f41480e240ad7db4eded8a5b1ced54c772956746e1
C:\Users\ransi\Documents\AA  SLIIT\Y2S1\IT2011 AIML\My First AI Project\EfficientNetB3_Project\data\brain_tumor_mri\Testing\no_tumor\image(1).jpg,image(1).jpg,no_tumor,Testing,2,3a4344d358c8faf37824a990ee88b70b6af511ac1925c3d96a831dc579d620db
C:\Users\ransi\Documents\AA  SLIIT\Y2S1\IT2011 AIML\My First AI Project\EfficientNetB3_Project\data\brain_tumor_mri\Training\pituitary_tumor\p (717).jpg,p (717).jpg,pituitary_tumor,Training,3,e59bdfbfdce599b2099f7d54e261221cd969dc8b6c3ac456f253a37bb78e9fa0
C:\Users\ransi\Documents\AA  SLIIT\Y2S1\IT2011 AIML\My First AI Project\EfficientNetB3_Project\data\brain_tumor_mri\Training\glioma_tumor\gg (607).jpg,gg (607).jpg,glioma_tumor,Training,0,d36f758e8b183c52e3b9b1ee3db10b26db5462402c9454c816adb9985750ca80
C:\Users\ransi\Documents\AA  SLIIT\Y2S1\IT2011 AIML\My First AI Project\EfficientNetB3_Project\data\brain_tumor_mri\Training\meningioma_tumor\m1(22).jpg,m1(22).jpg,meningioma_tumor,Training,1,a04c126a3ee423c1e4b9661ce82f467dc0a93699df81ce9f2496bc0bee7291d8
C:\Users\ransi\Documents\AA  SLIIT\Y2S1\IT2011 AIML\My First AI Project\EfficientNetB3_Project\data\brain_tumor_mri\Training\no_tumor\image(155).jpg,image(155).jpg,no_tumor,Training,2,8c7a08207a2f8e5bf03ed590b3a482491a6abeb9b233a40604f3422065424112
C:\Users\ransi\Documents\AA  SLIIT\Y2S1\IT2011 AIML\My First AI Project\EfficientNetB3_Project\data\brain_tumor_mri\Training\glioma_tumor\gg (142).jpg,gg (142).jpg,glioma_tumor,Training,0,9f458154b30704e6c22ae7357d6583575c26306fed4010a94a283df7de36d8be
C:\Users\ransi\Documents\AA  SLIIT\Y2S1\IT2011 AIML\My First AI Project\EfficientNetB3_Project\data\brain_tumor_mri\Training\meningioma_tumor\m1(90).jpg,m1(90).jpg,meningioma_tumor,Training,1,29f768db76550147701feec1b895611e5bf285b3d7908187ce65e1c7d1609ddc
C:\Users\ransi\Documents\AA  SLIIT\Y2S1\IT2011 AIML\My First AI Project\EfficientNetB3_Project\data\brain_tumor_mri\Training\pituitary_tumor\p (95).jpg,p (95).jpg,pituitary_tumor,Training,3,f78384bc60ccf5f792f6d97ee8b4c9d30bcb0a69aa884e58c98fbebc5dc0cf29
C:\Users\ransi\Documents\AA  SLIIT\Y2S1\IT2011 AIML\My First AI Project\EfficientNetB3_Project\data\brain_tumor_mri\Testing\glioma_tumor\image(98).jpg,image(98).jpg,glioma_tumor,Testing,0,75a94d8802948910edc24b520257853ad379e8be91af1393bd6b5092b23e05b1
C:\Users\ransi\Documents\AA  SLIIT\Y2S1\IT2011 AIML\My First AI Project\EfficientNetB3_Project\data\brain_tumor_mri\Training\glioma_tumor\gg (144).jpg,gg (144).jpg,glioma_tumor,Training,0,9279b720a0f06c34435c2d08e6e408ce3d04d464eadc2c213a85314dd1576f53
C:\Users\ransi\Documents\AA  SLIIT\Y2S1\IT2011 AIML\My First AI Project\EfficientNetB3_Project\data\brain_tumor_mri\Training\no_tumor\image (47).jpg,image (47).jpg,no_tumor,Training,2,dd8db43b9ad7e23ff49ec7c8390fe4982cd1138a73f76af0f655b2568915f789
C:\Users\ransi\Documents\AA  SLIIT\Y2S1\IT2011 AIML\My First AI Project\EfficientNetB3_Project\data\brain_tumor_mri\Training\glioma_tumor\gg (284).jpg,gg (284).jpg,glioma_tumor,Training,0,444bae1e124b294c0d77c7bcf7270d61c8cdc0ea61e97d3a58fba3ac7c21d15a
C:\Users\ransi\Documents\AA  SLIIT\Y2S1\IT2011 AIML\My First AI Project\EfficientNetB3_Project\data\brain_tumor_mri\Training\pituitary_tumor\p (443).jpg,p (443).jpg,pituitary_tumor,Training,3,4d56899f6e68c15728439e6a75953ba43840ba2c53a9b3f114f3f7b22780ef0c
C:\Users\ransi\Documents\AA  SLIIT\Y2S1\IT2011 AIML\My First AI Project\EfficientNetB3_Project\data\brain_tumor_mri\Training\no_tumor\image (57).jpg,image (57).jpg,no_tumor,Training,2,fb9efc392533bc8dbbc3d107a43a31b16d512b881955e4a9c37592305dbe58da
C:\Users\ransi\Documents\AA  SLIIT\Y2S1\IT2011 AIML\My First AI Project\EfficientNetB3_Project\data\brain_tumor_mri\Training\pituitary_tumor\p (167).jpg,p (167).jpg,pituitary_tumor,Training,3,0c32dba4f62379edb1d0b6670bc6853badc1d3c18c78aa9878453be85437e472
C:\Users\ransi\Documents\AA  SLIIT\Y2S1\IT2011 AIML\My First AI Project\EfficientNetB3_Project\data\brain_tumor_mri\Training\glioma_tumor\gg (817).jpg,gg (817).jpg,glioma_tumor,Training,0,c731e056bf72715accb0cdf4c79b15006c3c73bc089e876a720ba777f5215241
C:\Users\ransi\Documents\AA  SLIIT\Y2S1\IT2011 AIML\My First AI Project\EfficientNetB3_Project\data\brain_tumor_mri\Training\no_tumor\image(208).jpg,image(208).jpg,no_tumor,Training,2,ca0417b4c4dc6ac92ebdeeb71231b1a60a16299d04b7735c1bf725aa0649d8c2
C:\Users\ransi\Documents\AA  SLIIT\Y2S1\IT2011 AIML\My First AI Project\EfficientNetB3_Project\data\brain_tumor_mri\Training\glioma_tumor\gg (754).jpg,gg (754).jpg,glioma_tumor,Training,0,27cf9d7b5930fa69328d5c4c954cc2e46370a840ab68983264afd8693ad1c3ff
C:\Users\ransi\Documents\AA  SLIIT\Y2S1\IT2011 AIML\My First AI Project\EfficientNetB3_Project\data\brain_tumor_mri\Testing\no_tumor\image(28).jpg,image(28).jpg,no_tumor,Testing,2,053a6036a57e58922ce011f713ddb44f78af390306aa055803e24338eb977075
C:\Users\ransi\Documents\AA  SLIIT\Y2S1\IT2011 AIML\My First AI Project\EfficientNetB3_Project\data\brain_tumor_mri\Training\meningioma_tumor\m3 (31).jpg,m3 (31).jpg,meningioma_tumor,Training,1,18563b75099ef6c9394b8be61e370d4fc2019a68ffc67254ffdddc8622bd61e8
C:\Users\ransi\Documents\AA  SLIIT\Y2S1\IT2011 AIML\My First AI Project\EfficientNetB3_Project\data\brain_tumor_mri\Training\meningioma_tumor\m1(179).jpg,m1(179).jpg,meningioma_tumor,Training,1,18f69cb88362d858b70ef6e119ad2676bb82a0e5e4103352949fc6ee8a2d9b8d
C:\Users\ransi\Documents\AA  SLIIT\Y2S1\IT2011 AIML\My First AI Project\EfficientNetB3_Project\data\brain_tumor_mri\Training\meningioma_tumor\m (57).jpg,m (57).jpg,meningioma_tumor,Training,1,a5eeedbc6c1ea1cec516762dccea9792e7271c94159779adaaece11064e0cecd
C:\Users\ransi\Documents\AA  SLIIT\Y2S1\IT2011 AIML\My First AI Project\EfficientNetB3_Project\data\brain_tumor_mri\Training\glioma_tumor\gg (272).jpg,gg (272).jpg,glioma_tumor,Training,0,18a7abdb3b9aaa94fa5b869c3c5f607e374209812c759b255fe3c0c8d2ba6981
C:\Users\ransi\Documents\AA  SLIIT\Y2S1\IT2011 AIML\My First AI Project\EfficientNetB3_Project\data\brain_tumor_mri\Training\meningioma_tumor\m3 (165).jpg,m3 (165).jpg,meningioma_tumor,Training,1,451f339dbf4d33864e0dd8940f533bbeddda6492cf60bb15615342bd467cc721
C:\Users\ransi\Documents\AA  SLIIT\Y2S1\IT2011 AIML\My First AI Project\EfficientNetB3_Project\data\brain_tumor_mri\Training\meningioma_tumor\m3 (40).jpg,m3 (40).jpg,meningioma_tumor,Training,1,ec6dc8542bc1ad4652edc98d27f83b410025222fdfc17d53b4289b1a36afe8c8
C:\Users\ransi\Documents\AA  SLIIT\Y2S1\IT2011 AIML\My First AI Project\EfficientNetB3_Project\data\brain_tumor_mri\Training\glioma_tumor\gg (170).jpg,gg (170).jpg,glioma_tumor,Training,0,0b2cce6afa324aa52b07082ef48b0c1a64328f9547f402c3624376ef7ec04636
C:\Users\ransi\Documents\AA  SLIIT\Y2S1\IT2011 AIML\My First AI Project\EfficientNetB3_Project\data\brain_tumor_mri\Training\meningioma_tumor\m1(134).jpg,m1(134).jpg,meningioma_tumor,Training,1,24f09f91af40e42f2798bbc29df353ce17e6a0c0b533fb923b2fa8f75df6b496
C:\Users\ransi\Documents\AA  SLIIT\Y2S1\IT2011 AIML\My First AI Project\EfficientNetB3_Project\data\brain_tumor_mri\Training\pituitary_tumor\p (170).jpg,p (170).jpg,pituitary_tumor,Training,3,b516b70c6785e9ca133745b3486e6e6639fd00be5ce542d27d2b8276ed4dd476
C:\Users\ransi\Documents\AA  SLIIT\Y2S1\IT2011 AIML\My First AI Project\EfficientNetB3_Project\data\brain_tumor_mri\Testing\no_tumor\image(70).jpg,image(70).jpg,no_tumor,Testing,2,9d338079dd3288665657816ebeec6ada298761e0ff9f4c22a59f05c46768db14
C:\Users\ransi\Documents\AA  SLIIT\Y2S1\IT2011 AIML\My First AI Project\EfficientNetB3_Project\data\brain_tumor_mri\Training\meningioma_tumor\m2 (165).jpg,m2 (165).jpg,meningioma_tumor,Training,1,36e7d220064252459908969663d63fc3d98b298d73b9ed521b8e8081fbd57671
C:\Users\ransi\Documents\AA  SLIIT\Y2S1\IT2011 AIML\My First AI Project\EfficientNetB3_Project\data\brain_tumor_mri\Training\pituitary_tumor\p (532).jpg,p (532).jpg,pituitary_tumor,Training,3,5434a246fb3fc03fd79f1f7e7fb76544f31edaa55a739458d743e81edc359877
C:\Users\ransi\Documents\AA  SLIIT\Y2S1\IT2011 AIML\My First AI Project\EfficientNetB3_Project\data\brain_tumor_mri\Training\no_tumor\image(222).jpg,image(222).jpg,no_tumor,Training,2,ce8380b51fcf1dbb1347069191fbeabf20712e1b0673efc65c08c87c70b1a1af
C:\Users\ransi\Documents\AA  SLIIT\Y2S1\IT2011 AIML\My First AI Project\EfficientNetB3_Project\data\brain_tumor_mri\Training\meningioma_tumor\m3 (235).jpg,m3 (235).jpg,meningioma_tumor,Training,1,cd62167cc5552ccb1b2cd0666e17c25ac11921ff8bbf0dc619c6c80308c568f6
C:\Users\ransi\Documents\AA  SLIIT\Y2S1\IT2011 AIML\My First AI Project\EfficientNetB3_Project\data\brain_tumor_mri\Training\meningioma_tumor\m2 (35).jpg,m2 (35).jpg,meningioma_tumor,Training,1,9205a3771d212c8d26b09159b4a8c976836e0d62ed215bdbeb8add67d070e3c7
C:\Users\ransi\Documents\AA  SLIIT\Y2S1\IT2011 AIML\My First AI Project\EfficientNetB3_Project\data\brain_tumor_mri\Training\glioma_tumor\gg (161).jpg,gg (161).jpg,glioma_tumor,Training,0,be74880096019c95bc76dde9e61c49944ab72c77c25f46db1ae92c9437516b23
C:\Users\ransi\Documents\AA  SLIIT\Y2S1\IT2011 AIML\My First AI Project\EfficientNetB3_Project\data\brain_tumor_mri\Testing\meningioma_tumor\image(121).jpg,image(121).jpg,meningioma_tumor,Testing,1,80954652d15d172bfeddcc5cfbfef504b221e9c5378bbb195a06b2b6c486ce3f
C:\Users\ransi\Documents\AA  SLIIT\Y2S1\IT2011 AIML\My First AI Project\EfficientNetB3_Project\data\brain_tumor_mri\Training\glioma_tumor\gg (669).jpg,gg (669).jpg,glioma_tumor,Training,0,1b3346358d6b031bb4f685cf40826246e02487627ffdceb23091274333cd4e2e
C:\Users\ransi\Documents\AA  SLIIT\Y2S1\IT2011 AIML\My First AI Project\EfficientNetB3_Project\data\brain_tumor_mri\Training\meningioma_tumor\m (25).jpg,m (25).jpg,meningioma_tumor,Training,1,46e04eaced55a237c1c1f2288e247b2cf461f9efdfbfc6b401611549744db94c
C:\Users\ransi\Documents\AA  SLIIT\Y2S1\IT2011 AIML\My First AI Project\EfficientNetB3_Project\data\brain_tumor_mri\Training\no_tumor\image(269).jpg,image(269).jpg,no_tumor,Training,2,d3e965a356f6f569b2cdc45e70fbb9aadcf98d4b82b6b3060e4cdfc584bf6d3a
C:\Users\ransi\Documents\AA  SLIIT\Y2S1\IT2011 AIML\My First AI Project\EfficientNetB3_Project\data\brain_tumor_mri\Training\no_tumor\image(316).jpg,image(316).jpg,no_tumor,Training,2,cb5a323618d843a9c3b2bd73a6b7762f1e36a2f905a93cdf3c1b5454d2fcbea1
C:\Users\ransi\Documents\AA  SLIIT\Y2S1\IT2011 AIML\My First AI Project\EfficientNetB3_Project\data\brain_tumor_mri\Testing\no_tumor\image(73).jpg,image(73).jpg,no_tumor,Testing,2,f2d9f0979df98ce2e4aab669d3c141ca02ebce9eb15775267bfd6d4eae2a7d7f
C:\Users\ransi\Documents\AA  SLIIT\Y2S1\IT2011 AIML\My First AI Project\EfficientNetB3_Project\data\brain_tumor_mri\Training\pituitary_tumor\p (389).jpg,p (389).jpg,pituitary_tumor,Training,3,8e2b4a6d3ce98d740a636942e40c14783eac078cf1758678c9d5aee948057aa7
C:\Users\ransi\Documents\AA  SLIIT\Y2S1\IT2011 AIML\My First AI Project\EfficientNetB3_Project\data\brain_tumor_mri\Testing\pituitary_tumor\image(97).jpg,image(97).jpg,pituitary_tumor,Testing,3,de35915b30be9cb513305bb03b1fcf263dadf7259aa666e02f09215118f7f65a
C:\Users\ransi\Documents\AA  SLIIT\Y2S1\IT2011 AIML\My First AI Project\EfficientNetB3_Project\data\brain_tumor_mri\Training\pituitary_tumor\p (697).jpg,p (697).jpg,pituitary_tumor,Training,3,e91fc2755bfe4f2b1d0e1d5b5db5a5bcd25199a11ff2454bd31386566f75a95a
C:\Users\ransi\Documents\AA  SLIIT\Y2S1\IT2011 AIML\My First AI Project\EfficientNetB3_Project\data\brain_tumor_mri\Training\meningioma_tumor\m (48).jpg,m (48).jpg,meningioma_tumor,Training,1,a24f1fd6d2a4118b8e3f292fa3938ed2e433250511258938559788568dc0292c
C:\Users\ransi\Documents\AA  SLIIT\Y2S1\IT2011 AIML\My First AI Project\EfficientNetB3_Project\data\brain_tumor_mri\Testing\meningioma_tumor\image(83).jpg,image(83).jpg,meningioma_tumor,Testing,1,bf179c5981986242a58d0c3b3ddb9ec1a487e89979c9b8346d2412cc792b20d7
C:\Users\ransi\Documents\AA  SLIIT\Y2S1\IT2011 AIML\My First AI Project\EfficientNetB3_Project\data\brain_tumor_mri\Testing\no_tumor\image(7).jpg,image(7).jpg,no_tumor,Testing,2,4c557fefde640a1a8d578beff11021e893bdee3817bd99456ad60e4f1d7b6c49
C:\Users\ransi\Documents\AA  SLIIT\Y2S1\IT2011 AIML\My First AI Project\EfficientNetB3_Project\data\brain_tumor_mri\Training\meningioma_tumor\m2 (56).jpg,m2 (56).jpg,meningioma_tumor,Training,1,fc7ecf8e50efc626b32cdca4269ac034b2124627f312e36f03d217d3c46fdccd
C:\Users\ransi\Documents\AA  SLIIT\Y2S1\IT2011 AIML\My First AI Project\EfficientNetB3_Project\data\brain_tumor_mri\Training\pituitary_tumor\p (14).jpg,p (14).jpg,pituitary_tumor,Training,3,4a13f200a3c2377b9cf9552ada7dac9122421074bf22943fd8a19a7cc57032a2
C:\Users\ransi\Documents\AA  SLIIT\Y2S1\IT2011 AIML\My First AI Project\EfficientNetB3_Project\data\brain_tumor_mri\Training\meningioma_tumor\m3 (83).jpg,m3 (83).jpg,meningioma_tumor,Training,1,30e70e0996b0d154f96e68e1d6c068563293916d9090a20b8a9c02b0a29b31e3
C:\Users\ransi\Documents\AA  SLIIT\Y2S1\IT2011 AIML\My First AI Project\EfficientNetB3_Project\data\brain_tumor_mri\Training\no_tumor\image(77).jpg,image(77).jpg,no_tumor,Training,2,9a1a7d12c935c0029511710dba377c2d37ecf4924ec19c1644b6116b48c33610
C:\Users\ransi\Documents\AA  SLIIT\Y2S1\IT2011 AIML\My First AI Project\EfficientNetB3_Project\data\brain_tumor_mri\Training\meningioma_tumor\m3 (61).jpg,m3 (61).jpg,meningioma_tumor,Training,1,ad5ca1b4811baccb604dcd9fb8b10de625de8c06fce810c74ae69ff5437fe82a
C:\Users\ransi\Documents\AA  SLIIT\Y2S1\IT2011 AIML\My First AI Project\EfficientNetB3_Project\data\brain_tumor_mri\Training\pituitary_tumor\p (236).jpg,p (236).jpg,pituitary_tumor,Training,3,80eea514ad8f0221f208b36ced55d1b0659e43b63825a6601179159248d860c1
C:\Users\ransi\Documents\AA  SLIIT\Y2S1\IT2011 AIML\My First AI Project\EfficientNetB3_Project\data\brain_tumor_mri\Testing\no_tumor\image(78).jpg,image(78).jpg,no_tumor,Testing,2,5b32b70fee5498a7e242f40fd975486691a248ef53c7657ac4c5831133ade0fb
C:\Users\ransi\Documents\AA  SLIIT\Y2S1\IT2011 AIML\My First AI Project\EfficientNetB3_Project\data\brain_tumor_mri\Training\meningioma_tumor\m3 (143).jpg,m3 (143).jpg,meningioma_tumor,Training,1,8460b8c0db628a2aea18362b9bd4a70f8c9bab290d0ee4fbe832619133596970
C:\Users\ransi\Documents\AA  SLIIT\Y2S1\IT2011 AIML\My First AI Project\EfficientNetB3_Project\data\brain_tumor_mri\Training\meningioma_tumor\m1(78).jpg,m1(78).jpg,meningioma_tumor,Training,1,aa82daf28ee1beb42beea6edd2282d9d24016efc871fd89e6fe18d1258aca874
C:\Users\ransi\Documents\AA  SLIIT\Y2S1\IT2011 AIML\My First AI Project\EfficientNetB3_Project\data\brain_tumor_mri\Training\pituitary_tumor\p (572).jpg,p (572).jpg,pituitary_tumor,Training,3,53c244ce759f93b06e708f2229dc31b494a5aee44b4317354c70bc25e9a1b37f
C:\Users\ransi\Documents\AA  SLIIT\Y2S1\IT2011 AIML\My First AI Project\EfficientNetB3_Project\data\brain_tumor_mri\Training\glioma_tumor\gg (546).jpg,gg (546).jpg,glioma_tumor,Training,0,4b1f45ae83dcef12f92167916d33dca43455fa0d42c5bc43f96d9f72f442b0d0
C:\Users\ransi\Documents\AA  SLIIT\Y2S1\IT2011 AIML\My First AI Project\EfficientNetB3_Project\data\brain_tumor_mri\Training\glioma_tumor\gg (76).jpg,gg (76).jpg,glioma_tumor,Training,0,e75e74a984f3b4a96574882571bf6074ad8bef185cb04ed157327f792555f5ca
C:\Users\ransi\Documents\AA  SLIIT\Y2S1\IT2011 AIML\My First AI Project\EfficientNetB3_Project\data\brain_tumor_mri\Training\meningioma_tumor\m1(61).jpg,m1(61).jpg,meningioma_tumor,Training,1,632b2be4fb34f336291dd7603e43ab5cffb2bb53de702938fda180bc6a250601
C:\Users\ransi\Documents\AA  SLIIT\Y2S1\IT2011 AIML\My First AI Project\EfficientNetB3_Project\data\brain_tumor_mri\Training\meningioma_tumor\m (153).jpg,m (153).jpg,meningioma_tumor,Training,1,f98b2f512ee1e016de757073a071d852d22d604bc6cdd003569e0f2b6cf378b5
C:\Users\ransi\Documents\AA  SLIIT\Y2S1\IT2011 AIML\My First AI Project\EfficientNetB3_Project\data\brain_tumor_mri\Training\glioma_tumor\gg (587).jpg,gg (587).jpg,glioma_tumor,Training,0,ecfb672499c20396bc0b8d8461121b1db9a2a1040a2e8885c3e8637ed0e08d12
C:\Users\ransi\Documents\AA  SLIIT\Y2S1\IT2011 AIML\My First AI Project\EfficientNetB3_Project\data\brain_tumor_mri\Training\glioma_tumor\gg (428).jpg,gg (428).jpg,glioma_tumor,Training,0,360cd017354f0568dfcd5d242b92a502a1bd7a68b8afb3798f550dcf9abf770f
C:\Users\ransi\Documents\AA  SLIIT\Y2S1\IT2011 AIML\My First AI Project\EfficientNetB3_Project\data\brain_tumor_mri\Training\pituitary_tumor\p (558).jpg,p (558).jpg,pituitary_tumor,Training,3,8de9bf73b9a2a5ea5df336195b0b1da7a75b56d63b436466a10fa285fbfc10e9
C:\Users\ransi\Documents\AA  SLIIT\Y2S1\IT2011 AIML\My First AI Project\EfficientNetB3_Project\data\brain_tumor_mri\Testing\pituitary_tumor\image(1).jpg,image(1).jpg,pituitary_tumor,Testing,3,f9d0258b9e93c970f46574f7f76ac449b80479c91603e7398690689bc63e73b8
C:\Users\ransi\Documents\AA  SLIIT\Y2S1\IT2011 AIML\My First AI Project\EfficientNetB3_Project\data\brain_tumor_mri\Training\pituitary_tumor\p (143).jpg,p (143).jpg,pituitary_tumor,Training,3,49711a556293889a8d0b8ee4a35d76c4f2132b9e7b9ac8ac6bd2d76b7618e773
C:\Users\ransi\Documents\AA  SLIIT\Y2S1\IT2011 AIML\My First AI Project\EfficientNetB3_Project\data\brain_tumor_mri\Training\meningioma_tumor\m3 (146).jpg,m3 (146).jpg,meningioma_tumor,Training,1,fd96f61075f420f133b29b587e13aee2367858cf827052cafcc2e2bc93cc1725
C:\Users\ransi\Documents\AA  SLIIT\Y2S1\IT2011 AIML\My First AI Project\EfficientNetB3_Project\data\brain_tumor_mri\Training\glioma_tumor\gg (101).jpg,gg (101).jpg,glioma_tumor,Training,0,65267bc5006f8d0c82b5f78bfa6cd6e65cd61fc2ef09636eb020c08ca49fab68
C:\Users\ransi\Documents\AA  SLIIT\Y2S1\IT2011 AIML\My First AI Project\EfficientNetB3_Project\data\brain_tumor_mri\Training\glioma_tumor\gg (751).jpg,gg (751).jpg,glioma_tumor,Training,0,3306a930faabe607950226a55c6364e96562af7d407ae2d031cca687e91124c4
C:\Users\ransi\Documents\AA  SLIIT\Y2S1\IT2011 AIML\My First AI Project\EfficientNetB3_Project\data\brain_tumor_mri\Testing\meningioma_tumor\image(33).jpg,image(33).jpg,meningioma_tumor,Testing,1,d42c2063d877d317380155375c55a3f736e1202e404cbfa0d4507bef3350f4e3
C:\Users\ransi\Documents\AA  SLIIT\Y2S1\IT2011 AIML\My First AI Project\EfficientNetB3_Project\data\brain_tumor_mri\Training\glioma_tumor\gg (483).jpg,gg (483).jpg,glioma_tumor,Training,0,f451324b907adc35d8865e5f4e1c3e9939f525250ee9905bac74e04688477f66
C:\Users\ransi\Documents\AA  SLIIT\Y2S1\IT2011 AIML\My First AI Project\EfficientNetB3_Project\data\brain_tumor_mri\Testing\pituitary_tumor\image(34).jpg,image(34).jpg,pituitary_tumor,Testing,3,927a887c5e78c013f0a305a14ae5f3f2ba23c461d8f3ceb509117eeeeb0f0afc
C:\Users\ransi\Documents\AA  SLIIT\Y2S1\IT2011 AIML\My First AI Project\EfficientNetB3_Project\data\brain_tumor_mri\Training\meningioma_tumor\m1(35).jpg,m1(35).jpg,meningioma_tumor,Training,1,1a37e4a415c3d56fdf0106ede96962c86ae14e94aa3e51e65bd09c00d4e53c1c
C:\Users\ransi\Documents\AA  SLIIT\Y2S1\IT2011 AIML\My First AI Project\EfficientNetB3_Project\data\brain_tumor_mri\Training\glioma_tumor\gg (398).jpg,gg (398).jpg,glioma_tumor,Training,0,0c4a3c07d25ccafdad3adecb84ff809856a7a742274244ec1eb6293c335726e7
C:\Users\ransi\Documents\AA  SLIIT\Y2S1\IT2011 AIML\My First AI Project\EfficientNetB3_Project\data\brain_tumor_mri\Training\glioma_tumor\gg (521).jpg,gg (521).jpg,glioma_tumor,Training,0,a93b4ee3b760967d9fa4e9c5500d1dadf09b545f7e25fb80fc5f7f9d6165952b
C:\Users\ransi\Documents\AA  SLIIT\Y2S1\IT2011 AIML\My First AI Project\EfficientNetB3_Project\data\brain_tumor_mri\Training\glioma_tumor\gg (405).jpg,gg (405).jpg,glioma_tumor,Training,0,f3665fa24cb633560ec415e78e724b35119628d29ef9b8ad085bcabcb76600f2
C:\Users\ransi\Documents\AA  SLIIT\Y2S1\IT2011 AIML\My First AI Project\EfficientNetB3_Project\data\brain_tumor_mri\Training\meningioma_tumor\m (141).jpg,m (141).jpg,meningioma_tumor,Training,1,bfade808de6204d0475ab81469e45ad6c7c18498d4a36d26ce22f4581c107a8c
C:\Users\ransi\Documents\AA  SLIIT\Y2S1\IT2011 AIML\My First AI Project\EfficientNetB3_Project\data\brain_tumor_mri\Training\pituitary_tumor\p (776).jpg,p (776).jpg,pituitary_tumor,Training,3,65d655023aee8cd776cfba83e5db2e533acf65db14540d709377b8990089dde7
C:\Users\ransi\Documents\AA  SLIIT\Y2S1\IT2011 AIML\My First AI Project\EfficientNetB3_Project\data\brain_tumor_mri\Training\glioma_tumor\gg (371).jpg,gg (371).jpg,glioma_tumor,Training,0,9136a068148dd2a0d3a28249d1fcd3e0073c4e6598d5aaa45c8a3a97811400a1
C:\Users\ransi\Documents\AA  SLIIT\Y2S1\IT2011 AIML\My First AI Project\EfficientNetB3_Project\data\brain_tumor_mri\Training\pituitary_tumor\p (146).jpg,p (146).jpg,pituitary_tumor,Training,3,17348de7094bd75efa8be700086a44d480d539446cfd66f640d0cdb89644fcc9
C:\Users\ransi\Documents\AA  SLIIT\Y2S1\IT2011 AIML\My First AI Project\EfficientNetB3_Project\data\brain_tumor_mri\Training\glioma_tumor\gg (63).jpg,gg (63).jpg,glioma_tumor,Training,0,5d447b8293967600b715629ee66c7b5df5578d2980cb866f685bbc816cf77f5f
C:\Users\ransi\Documents\AA  SLIIT\Y2S1\IT2011 AIML\My First AI Project\EfficientNetB3_Project\data\brain_tumor_mri\Training\meningioma_tumor\m3 (71).jpg,m3 (71).jpg,meningioma_tumor,Training,1,1d5709ad9190b07ffb337246963c18fdc355f6d4a964d51825aabf474cd7ec82
C:\Users\ransi\Documents\AA  SLIIT\Y2S1\IT2011 AIML\My First AI Project\EfficientNetB3_Project\data\brain_tumor_mri\Training\pituitary_tumor\p (668).jpg,p (668).jpg,pituitary_tumor,Training,3,e9ccc36ccdbefa5fb2d05b38469d98e77aea14e7a4a7a35c6e45896cd27bfab8
C:\Users\ransi\Documents\AA  SLIIT\Y2S1\IT2011 AIML\My First AI Project\EfficientNetB3_Project\data\brain_tumor_mri\Training\no_tumor\image(133).jpg,image(133).jpg,no_tumor,Training,2,720f1bff2d496a51c01921464574894d3c0d05e899eb6ed9c19d1db52531f942
C:\Users\ransi\Documents\AA  SLIIT\Y2S1\IT2011 AIML\My First AI Project\EfficientNetB3_Project\data\brain_tumor_mri\Testing\no_tumor\image(93).jpg,image(93).jpg,no_tumor,Testing,2,bf590df79c3f0a0ee28f4c1238720e89f40e4437c827273e3a168708f6fe8476
C:\Users\ransi\Documents\AA  SLIIT\Y2S1\IT2011 AIML\My First AI Project\EfficientNetB3_Project\data\brain_tumor_mri\Training\pituitary_tumor\p (25).jpg,p (25).jpg,pituitary_tumor,Training,3,00c30197dc30f7dd8b029ebd3a700d0d63833a434fa54a1fa869c421494a7544
C:\Users\ransi\Documents\AA  SLIIT\Y2S1\IT2011 AIML\My First AI Project\EfficientNetB3_Project\data\brain_tumor_mri\Training\no_tumor\image(157).jpg,image(157).jpg,no_tumor,Training,2,8c7a08207a2f8e5bf03ed590b3a482491a6abeb9b233a40604f3422065424112
C:\Users\ransi\Documents\AA  SLIIT\Y2S1\IT2011 AIML\My First AI Project\EfficientNetB3_Project\data\brain_tumor_mri\Training\glioma_tumor\gg (38).jpg,gg (38).jpg,glioma_tumor,Training,0,dd14d688b64f378fe8abbf3c744fcdb67da4ec1c9538706992c96bde674d7576
C:\Users\ransi\Documents\AA  SLIIT\Y2S1\IT2011 AIML\My First AI Project\EfficientNetB3_Project\data\brain_tumor_mri\Training\glioma_tumor\gg (567).jpg,gg (567).jpg,glioma_tumor,Training,0,58b029a5245fe2d490bd56d1bad69c9eb318053a4754f55e10f5477a786393eb
C:\Users\ransi\Documents\AA  SLIIT\Y2S1\IT2011 AIML\My First AI Project\EfficientNetB3_Project\data\brain_tumor_mri\Training\pituitary_tumor\p (357).jpg,p (357).jpg,pituitary_tumor,Training,3,1fadb135a51ace8f7a2a26560928bf8c7f705b1583306954c0fb2fd902c83a13
C:\Users\ransi\Documents\AA  SLIIT\Y2S1\IT2011 AIML\My First AI Project\EfficientNetB3_Project\data\brain_tumor_mri\Training\meningioma_tumor\m3 (182).jpg,m3 (182).jpg,meningioma_tumor,Training,1,821154e7d280628d35330ae33f035370d0c7bfe2548f746c4afd3b1ee0aa5069
C:\Users\ransi\Documents\AA  SLIIT\Y2S1\IT2011 AIML\My First AI Project\EfficientNetB3_Project\data\brain_tumor_mri\Training\pituitary_tumor\p (296).jpg,p (296).jpg,pituitary_tumor,Training,3,dcf5eee9d2c935c881e86c64886df813b33910e877a60879408fc0d9921ebbf7
C:\Users\ransi\Documents\AA  SLIIT\Y2S1\IT2011 AIML\My First AI Project\EfficientNetB3_Project\data\brain_tumor_mri\Training\glioma_tumor\gg (45).jpg,gg (45).jpg,glioma_tumor,Training,0,0f353914589172930871bd80383f07ebd0922978b62d5af148ab6222dca93c37
C:\Users\ransi\Documents\AA  SLIIT\Y2S1\IT2011 AIML\My First AI Project\EfficientNetB3_Project\data\brain_tumor_mri\Training\meningioma_tumor\m1(180).jpg,m1(180).jpg,meningioma_tumor,Training,1,2675eef8145df6693b593880acefd680b77d1fdb3d719ed36fc478f54baea924
C:\Users\ransi\Documents\AA  SLIIT\Y2S1\IT2011 AIML\My First AI Project\EfficientNetB3_Project\data\brain_tumor_mri\Training\meningioma_tumor\m3 (105).jpg,m3 (105).jpg,meningioma_tumor,Training,1,26c3f2d84d7fe79a5d0b207b17497b36e23d4141149fb52dbc254a53d2b9a303
C:\Users\ransi\Documents\AA  SLIIT\Y2S1\IT2011 AIML\My First AI Project\EfficientNetB3_Project\data\brain_tumor_mri\Testing\no_tumor\image(82).jpg,image(82).jpg,no_tumor,Testing,2,cae1e3ac8a29d55a9f7c0638c1d26be1d91a18c26715459dfcfa56a26317c11b
C:\Users\ransi\Documents\AA  SLIIT\Y2S1\IT2011 AIML\My First AI Project\EfficientNetB3_Project\data\brain_tumor_mri\Training\glioma_tumor\gg (116).jpg,gg (116).jpg,glioma_tumor,Training,0,6d18e1ad6abefa200394746b7d36ae24673ae06edbf31d774fa9d343ce6a6543
C:\Users\ransi\Documents\AA  SLIIT\Y2S1\IT2011 AIML\My First AI Project\EfficientNetB3_Project\data\brain_tumor_mri\Training\no_tumor\image(24).jpg,image(24).jpg,no_tumor,Training,2,136e27954eca1b7b887f3700f412b2c531153938a0d721d1557a94c3362497c2
C:\Users\ransi\Documents\AA  SLIIT\Y2S1\IT2011 AIML\My First AI Project\EfficientNetB3_Project\data\brain_tumor_mri\Training\meningioma_tumor\m (171).jpg,m (171).jpg,meningioma_tumor,Training,1,cfa98c049502099f278c79c8281bf58fa5b6e7dd8da75f6d80308e34d3fdd266
C:\Users\ransi\Documents\AA  SLIIT\Y2S1\IT2011 AIML\My First AI Project\EfficientNetB3_Project\data\brain_tumor_mri\Testing\glioma_tumor\image(12).jpg,image(12).jpg,glioma_tumor,Testing,0,c711a606ec66e74a2bbe5721727a3deeb2fd9e4b20aa50c99afd65d7dea42541
C:\Users\ransi\Documents\AA  SLIIT\Y2S1\IT2011 AIML\My First AI Project\EfficientNetB3_Project\data\brain_tumor_mri\Training\meningioma_tumor\m1(98).jpg,m1(98).jpg,meningioma_tumor,Training,1,24f09f91af40e42f2798bbc29df353ce17e6a0c0b533fb923b2fa8f75df6b496
C:\Users\ransi\Documents\AA  SLIIT\Y2S1\IT2011 AIML\My First AI Project\EfficientNetB3_Project\data\brain_tumor_mri\Training\pituitary_tumor\p (754).jpg,p (754).jpg,pituitary_tumor,Training,3,25f8a20c433412d24450f61d7051151c45a85dd5b9e2c7e4d4922d3d368ba5c1
C:\Users\ransi\Documents\AA  SLIIT\Y2S1\IT2011 AIML\My First AI Project\EfficientNetB3_Project\data\brain_tumor_mri\Training\pituitary_tumor\p (654).jpg,p (654).jpg,pituitary_tumor,Training,3,370550cb48abc22988396cd82c752a280c79356b4927f145ca573969713eadf3
C:\Users\ransi\Documents\AA  SLIIT\Y2S1\IT2011 AIML\My First AI Project\EfficientNetB3_Project\data\brain_tumor_mri\Training\glioma_tumor\gg (508).jpg,gg (508).jpg,glioma_tumor,Training,0,04c2311c9584390845a23eb5a9340a8fe8f42dea2c88050490e6396a5aaae324
C:\Users\ransi\Documents\AA  SLIIT\Y2S1\IT2011 AIML\My First AI Project\EfficientNetB3_Project\data\brain_tumor_mri\Training\no_tumor\image(84).jpg,image(84).jpg,no_tumor,Training,2,34d31c7dfbb142895581bf14a93b3875e4e6b08325bbe3cb0915a31d0df04ff7
C:\Users\ransi\Documents\AA  SLIIT\Y2S1\IT2011 AIML\My First AI Project\EfficientNetB3_Project\data\brain_tumor_mri\Training\glioma_tumor\gg (302).jpg,gg (302).jpg,glioma_tumor,Training,0,5a0ab2be0fca858f5b47ed0b3a9ab795450a2eaa2f515cbf61f4e581272b0ca1
C:\Users\ransi\Documents\AA  SLIIT\Y2S1\IT2011 AIML\My First AI Project\EfficientNetB3_Project\data\brain_tumor_mri\Training\meningioma_tumor\m2 (100).jpg,m2 (100).jpg,meningioma_tumor,Training,1,f55d3ff4051884490d6706a546adf897e5a8292031768aeb22a1c35d6ec28401
C:\Users\ransi\Documents\AA  SLIIT\Y2S1\IT2011 AIML\My First AI Project\EfficientNetB3_Project\data\brain_tumor_mri\Training\no_tumor\image(279).jpg,image(279).jpg,no_tumor,Training,2,ca5a51914cad005d72af57fa6c9142fc9d650ca06ba23f3e839991c3fa4c8b36
C:\Users\ransi\Documents\AA  SLIIT\Y2S1\IT2011 AIML\My First AI Project\EfficientNetB3_Project\data\brain_tumor_mri\Training\meningioma_tumor\m3 (184).jpg,m3 (184).jpg,meningioma_tumor,Training,1,41def159a45fc9d9e67a4e8c80e8c4c4462ca7767414be4ff982a9e3284f06f9
C:\Users\ransi\Documents\AA  SLIIT\Y2S1\IT2011 AIML\My First AI Project\EfficientNetB3_Project\data\brain_tumor_mri\Testing\glioma_tumor\image(28).jpg,image(28).jpg,glioma_tumor,Testing,0,cd0ed664951fcfd1ac7657a788f912f298b005d4cd99303da31c8399363c58cc
C:\Users\ransi\Documents\AA  SLIIT\Y2S1\IT2011 AIML\My First AI Project\EfficientNetB3_Project\data\brain_tumor_mri\Training\pituitary_tumor\p (590).jpg,p (590).jpg,pituitary_tumor,Training,3,38ab38314afe35fd679fd4c68481f09d818dfab7bff03397394525828eb64571
C:\Users\ransi\Documents\AA  SLIIT\Y2S1\IT2011 AIML\My First AI Project\EfficientNetB3_Project\data\brain_tumor_mri\Training\meningioma_tumor\m2 (97).jpg,m2 (97).jpg,meningioma_tumor,Training,1,3e76e9db0fb5ff0ebbd2b460410779d305e1bdfde485687e022294b2f507b5bc
C:\Users\ransi\Documents\AA  SLIIT\Y2S1\IT2011 AIML\My First AI Project\EfficientNetB3_Project\data\brain_tumor_mri\Training\glioma_tumor\gg (307).jpg,gg (307).jpg,glioma_tumor,Training,0,7b9096e1d3e16b7516f0937536edb187a34e79bf9cf8a784c3f7a0946d72cfaa
C:\Users\ransi\Documents\AA  SLIIT\Y2S1\IT2011 AIML\My First AI Project\EfficientNetB3_Project\data\brain_tumor_mri\Training\glioma_tumor\gg (795).jpg,gg (795).jpg,glioma_tumor,Training,0,9d086601f99bb3cb42ef1966e4ec82a129191f28054cd7dc8c9d5638828b83fa
C:\Users\ransi\Documents\AA  SLIIT\Y2S1\IT2011 AIML\My First AI Project\EfficientNetB3_Project\data\brain_tumor_mri\Training\meningioma_tumor\m3 (227).jpg,m3 (227).jpg,meningioma_tumor,Training,1,a8e3c760f844424e2e3c5b1937271dbc9433d03573636c59d1d73fce33b2bdd4
C:\Users\ransi\Documents\AA  SLIIT\Y2S1\IT2011 AIML\My First AI Project\EfficientNetB3_Project\data\brain_tumor_mri\Training\meningioma_tumor\m3 (162).jpg,m3 (162).jpg,meningioma_tumor,Training,1,e29b026c8867e92ece7815c50da7ea4d0a1e8bb3e94c5d0c2175d9554abca7b7
C:\Users\ransi\Documents\AA  SLIIT\Y2S1\IT2011 AIML\My First AI Project\EfficientNetB3_Project\data\brain_tumor_mri\Testing\meningioma_tumor\image(73).jpg,image(73).jpg,meningioma_tumor,Testing,1,cf13d1ba3994cea11a9c3ff8df2934c324f15b393c6aadc20235c2eaa784ac9a
C:\Users\ransi\Documents\AA  SLIIT\Y2S1\IT2011 AIML\My First AI Project\EfficientNetB3_Project\data\brain_tumor_mri\Training\glioma_tumor\gg (790).jpg,gg (790).jpg,glioma_tumor,Training,0,6c3f26ff4043a27a5642832a5aa71ea892dc7a4081ee99b39175ca77dc02f24e
C:\Users\ransi\Documents\AA  SLIIT\Y2S1\IT2011 AIML\My First AI Project\EfficientNetB3_Project\data\brain_tumor_mri\Testing\pituitary_tumor\image(95).jpg,image(95).jpg,pituitary_tumor,Testing,3,ac76926d9f73fd42c57092e3f991abe3036320552092ebf8d69d60d736a93622
C:\Users\ransi\Documents\AA  SLIIT\Y2S1\IT2011 AIML\My First AI Project\EfficientNetB3_Project\data\brain_tumor_mri\Training\meningioma_tumor\m2 (109).jpg,m2 (109).jpg,meningioma_tumor,Training,1,5389b72dc6fc0a43d7d2d607621cdfc4a24b1f776918bd7f98c9043fa1646d96
C:\Users\ransi\Documents\AA  SLIIT\Y2S1\IT2011 AIML\My First AI Project\EfficientNetB3_Project\data\brain_tumor_mri\Training\meningioma_tumor\m1(44).jpg,m1(44).jpg,meningioma_tumor,Training,1,d5cc54cc9f32b0114516b55a5d62e3900f586cd71bd17912a82be745092b71cd
C:\Users\ransi\Documents\AA  SLIIT\Y2S1\IT2011 AIML\My First AI Project\EfficientNetB3_Project\data\brain_tumor_mri\Training\glioma_tumor\gg (517).jpg,gg (517).jpg,glioma_tumor,Training,0,956bb4535b4282d1db356a59313c6e49c4a1de6708dd33978a578fd1920cd0c0
C:\Users\ransi\Documents\AA  SLIIT\Y2S1\IT2011 AIML\My First AI Project\EfficientNetB3_Project\data\brain_tumor_mri\Training\no_tumor\image(210).jpg,image(210).jpg,no_tumor,Training,2,05ec18666c6b751b8845a93824ea25c9bb251606b71f76c0c3875d69e973f72d
C:\Users\ransi\Documents\AA  SLIIT\Y2S1\IT2011 AIML\My First AI Project\EfficientNetB3_Project\data\brain_tumor_mri\Training\glioma_tumor\gg (77).jpg,gg (77).jpg,glioma_tumor,Training,0,597c36b3f4e1dd30f6492906434f8cb5173ed280ead4ebb9016cf3379d3b12ff
C:\Users\ransi\Documents\AA  SLIIT\Y2S1\IT2011 AIML\My First AI Project\EfficientNetB3_Project\data\brain_tumor_mri\Training\meningioma_tumor\m (179).jpg,m (179).jpg,meningioma_tumor,Training,1,4e4c88a11b026e6d417be242df7936dde4c09991e980c89f7f68adc5ef26209e
C:\Users\ransi\Documents\AA  SLIIT\Y2S1\IT2011 AIML\My First AI Project\EfficientNetB3_Project\data\brain_tumor_mri\Training\pituitary_tumor\p (539).jpg,p (539).jpg,pituitary_tumor,Training,3,309fa403cb3b19f98f910c2380104e52fdab120c56385456f5afd6183ae1db04
C:\Users\ransi\Documents\AA  SLIIT\Y2S1\IT2011 AIML\My First AI Project\EfficientNetB3_Project\data\brain_tumor_mri\Training\meningioma_tumor\m (13).jpg,m (13).jpg,meningioma_tumor,Training,1,985ac0d8fee117bce49d74b31c056f45a5e2bf6bc510b98b9cb140c11262fab2
C:\Users\ransi\Documents\AA  SLIIT\Y2S1\IT2011 AIML\My First AI Project\EfficientNetB3_Project\data\brain_tumor_mri\Training\pituitary_tumor\p (306).jpg,p (306).jpg,pituitary_tumor,Training,3,54cd82638bdd10c0d459ec7ff9417b813ccc44cc41471d959add974cd302cb24
C:\Users\ransi\Documents\AA  SLIIT\Y2S1\IT2011 AIML\My First AI Project\EfficientNetB3_Project\data\brain_tumor_mri\Training\glioma_tumor\gg (248).jpg,gg (248).jpg,glioma_tumor,Training,0,66131e3cf2037c28988bfcef7ab4ab839379d98c477c9193b9547c93f48a5d94
C:\Users\ransi\Documents\AA  SLIIT\Y2S1\IT2011 AIML\My First AI Project\EfficientNetB3_Project\data\brain_tumor_mri\Training\glioma_tumor\gg (807).jpg,gg (807).jpg,glioma_tumor,Training,0,4fc0e1fde53bc8620e4c5d6442ca72a3f6255b6f7d0fc8eed9acd7a5f0ad65e8
C:\Users\ransi\Documents\AA  SLIIT\Y2S1\IT2011 AIML\My First AI Project\EfficientNetB3_Project\data\brain_tumor_mri\Training\glioma_tumor\gg (475).jpg,gg (475).jpg,glioma_tumor,Training,0,10eb2aa19c61751be220f97d85f146ab65083d03e80e7570787af167eeb73e48
C:\Users\ransi\Documents\AA  SLIIT\Y2S1\IT2011 AIML\My First AI Project\EfficientNetB3_Project\data\brain_tumor_mri\Testing\pituitary_tumor\image(55).jpg,image(55).jpg,pituitary_tumor,Testing,3,ac081dc77c62c1902feb757aa652c2af19c67d31ec646fd3f2a50249729f570c
C:\Users\ransi\Documents\AA  SLIIT\Y2S1\IT2011 AIML\My First AI Project\EfficientNetB3_Project\data\brain_tumor_mri\Testing\meningioma_tumor\image(29).jpg,image(29).jpg,meningioma_tumor,Testing,1,87886ae7a7ec7535a975fa0b267d5889a995699a4fd5d7672f5a7346659dff38
C:\Users\ransi\Documents\AA  SLIIT\Y2S1\IT2011 AIML\My First AI Project\EfficientNetB3_Project\data\brain_tumor_mri\Training\meningioma_tumor\m2 (84).jpg,m2 (84).jpg,meningioma_tumor,Training,1,fd76032311340bda98cd554ccbbdc50a9ca682910b9d3cb263a5260554b279fa
C:\Users\ransi\Documents\AA  SLIIT\Y2S1\IT2011 AIML\My First AI Project\EfficientNetB3_Project\data\brain_tumor_mri\Training\no_tumor\2.jpg,2.jpg,no_tumor,Training,2,40d7d044791eb899226fee596caea6840e012bd91a2f16b2d241dc405d8b627d
C:\Users\ransi\Documents\AA  SLIIT\Y2S1\IT2011 AIML\My First AI Project\EfficientNetB3_Project\data\brain_tumor_mri\Training\pituitary_tumor\p (465).jpg,p (465).jpg,pituitary_tumor,Training,3,937e091f6ea63f9bac21a86ef0b98ff1dc4fb9778d78d43b4fab9ce9448c1145
C:\Users\ransi\Documents\AA  SLIIT\Y2S1\IT2011 AIML\My First AI Project\EfficientNetB3_Project\data\brain_tumor_mri\Training\meningioma_tumor\m (160).jpg,m (160).jpg,meningioma_tumor,Training,1,be95431b29f7d5e660ee54156770624215a1d3c24bd8b1f7744ae430efb1a775
C:\Users\ransi\Documents\AA  SLIIT\Y2S1\IT2011 AIML\My First AI Project\EfficientNetB3_Project\data\brain_tumor_mri\Training\meningioma_tumor\m2 (160).jpg,m2 (160).jpg,meningioma_tumor,Training,1,d96f3f8465bc64c8e0d0450a32ebc5247ff1b55013ddd8f8af254fd9f26a8353
C:\Users\ransi\Documents\AA  SLIIT\Y2S1\IT2011 AIML\My First AI Project\EfficientNetB3_Project\data\brain_tumor_mri\Training\no_tumor\image(172).jpg,image(172).jpg,no_tumor,Training,2,ac76ca3b933520e9519c3fa096e38e281e467ae4bda0412daa34cb966954ff68
C:\Users\ransi\Documents\AA  SLIIT\Y2S1\IT2011 AIML\My First AI Project\EfficientNetB3_Project\data\brain_tumor_mri\Training\no_tumor\image(48).jpg,image(48).jpg,no_tumor,Training,2,f2d9f0979df98ce2e4aab669d3c141ca02ebce9eb15775267bfd6d4eae2a7d7f
C:\Users\ransi\Documents\AA  SLIIT\Y2S1\IT2011 AIML\My First AI Project\EfficientNetB3_Project\data\brain_tumor_mri\Testing\meningioma_tumor\image(34).jpg,image(34).jpg,meningioma_tumor,Testing,1,5c6da12069abad1ea0d958b7cbeec5b4ebed459dc9b1f2177246cc4e597b0b4b
C:\Users\ransi\Documents\AA  SLIIT\Y2S1\IT2011 AIML\My First AI Project\EfficientNetB3_Project\data\brain_tumor_mri\Training\meningioma_tumor\m2 (87).jpg,m2 (87).jpg,meningioma_tumor,Training,1,93e4549d3ce4240af7a0fa262baa65cf26cc9160ee3d17f56898b33f20f05197
C:\Users\ransi\Documents\AA  SLIIT\Y2S1\IT2011 AIML\My First AI Project\EfficientNetB3_Project\data\brain_tumor_mri\Training\glioma_tumor\gg (618).jpg,gg (618).jpg,glioma_tumor,Training,0,e585a8d89882af649da0f3f66f05163342e4290977c43e572c2fc988b6769969
C:\Users\ransi\Documents\AA  SLIIT\Y2S1\IT2011 AIML\My First AI Project\EfficientNetB3_Project\data\brain_tumor_mri\Training\meningioma_tumor\m3 (22).jpg,m3 (22).jpg,meningioma_tumor,Training,1,67f1a077a737645858b407a21a36edbdd42c8a51c2023306938f3fb18edfdf05
C:\Users\ransi\Documents\AA  SLIIT\Y2S1\IT2011 AIML\My First AI Project\EfficientNetB3_Project\data\brain_tumor_mri\Training\no_tumor\image(240).jpg,image(240).jpg,no_tumor,Training,2,2bcf7f2051a470cc90e74522c8141783f4e6e3b36b033e622bb446070804fbce
C:\Users\ransi\Documents\AA  SLIIT\Y2S1\IT2011 AIML\My First AI Project\EfficientNetB3_Project\data\brain_tumor_mri\Testing\pituitary_tumor\image(54).jpg,image(54).jpg,pituitary_tumor,Testing,3,ac081dc77c62c1902feb757aa652c2af19c67d31ec646fd3f2a50249729f570c
C:\Users\ransi\Documents\AA  SLIIT\Y2S1\IT2011 AIML\My First AI Project\EfficientNetB3_Project\data\brain_tumor_mri\Training\pituitary_tumor\p (56).jpg,p (56).jpg,pituitary_tumor,Training,3,31ac1ace044ac3cf7b3e90c01f4cf0d564f59686fb291670cfacb8ecab9b4034
C:\Users\ransi\Documents\AA  SLIIT\Y2S1\IT2011 AIML\My First AI Project\EfficientNetB3_Project\data\brain_tumor_mri\Training\meningioma_tumor\m2 (78).jpg,m2 (78).jpg,meningioma_tumor,Training,1,656c43c4574fbc773aaf4d3a967b651ab6f79b984b90c0142d727ab27935d8a6
C:\Users\ransi\Documents\AA  SLIIT\Y2S1\IT2011 AIML\My First AI Project\EfficientNetB3_Project\data\brain_tumor_mri\Training\no_tumor\image(278).jpg,image(278).jpg,no_tumor,Training,2,4a2012a601825fbe03aa6861c17fa749077f4b31dfb60a71b96765f7f8415d93
C:\Users\ransi\Documents\AA  SLIIT\Y2S1\IT2011 AIML\My First AI Project\EfficientNetB3_Project\data\brain_tumor_mri\Training\glioma_tumor\gg (480).jpg,gg (480).jpg,glioma_tumor,Training,0,bd05dccad67cc85ab25fdef6ff9dd6a8af521d8bb89a0a47261957a29e4fcab8
C:\Users\ransi\Documents\AA  SLIIT\Y2S1\IT2011 AIML\My First AI Project\EfficientNetB3_Project\data\brain_tumor_mri\Training\pituitary_tumor\p (42).jpg,p (42).jpg,pituitary_tumor,Training,3,3369bd0b2fc6f289b3f65f40ef7e05a79bfb083a80e2cf45d9cdf2493fb499aa
C:\Users\ransi\Documents\AA  SLIIT\Y2S1\IT2011 AIML\My First AI Project\EfficientNetB3_Project\data\brain_tumor_mri\Training\pituitary_tumor\p (741).jpg,p (741).jpg,pituitary_tumor,Training,3,02799f7863d49de182357e72179f3cc4e65e70099355f2d5aa2e39d356e492d9
C:\Users\ransi\Documents\AA  SLIIT\Y2S1\IT2011 AIML\My First AI Project\EfficientNetB3_Project\data\brain_tumor_mri\Training\no_tumor\image(196).jpg,image(196).jpg,no_tumor,Training,2,1bf4beb75eb2152e7236e838651b88d335ad3f95d8e79cd34e9d15e17f22b0e6
C:\Users\ransi\Documents\AA  SLIIT\Y2S1\IT2011 AIML\My First AI Project\EfficientNetB3_Project\data\brain_tumor_mri\Training\meningioma_tumor\m3 (64).jpg,m3 (64).jpg,meningioma_tumor,Training,1,38f1e738622591c918227a96e4068ff71fe3cd192e7adad20fcbfcd55b032f81
C:\Users\ransi\Documents\AA  SLIIT\Y2S1\IT2011 AIML\My First AI Project\EfficientNetB3_Project\data\brain_tumor_mri\Training\pituitary_tumor\p (748).jpg,p (748).jpg,pituitary_tumor,Training,3,da789c5da48dd6ef19caee5eba19a1371806120fc65c83f7e86c98a7e676d3d5
C:\Users\ransi\Documents\AA  SLIIT\Y2S1\IT2011 AIML\My First AI Project\EfficientNetB3_Project\data\brain_tumor_mri\Training\meningioma_tumor\m (94).jpg,m (94).jpg,meningioma_tumor,Training,1,a75f3d6a34ffafc4fb88ae4bbd95408fbe07bae9404dcb2931fd9b557f786762
C:\Users\ransi\Documents\AA  SLIIT\Y2S1\IT2011 AIML\My First AI Project\EfficientNetB3_Project\data\brain_tumor_mri\Training\meningioma_tumor\m2 (32).jpg,m2 (32).jpg,meningioma_tumor,Training,1,dfeb24e98e991ea78dcd424e224faaf44cfa3101809526fd996880753a97a9b9
C:\Users\ransi\Documents\AA  SLIIT\Y2S1\IT2011 AIML\My First AI Project\EfficientNetB3_Project\data\brain_tumor_mri\Training\glioma_tumor\gg (409).jpg,gg (409).jpg,glioma_tumor,Training,0,81ce183e8e2c71446a5b0d686506e1d08c38066586752ec660717c9916e53a98
C:\Users\ransi\Documents\AA  SLIIT\Y2S1\IT2011 AIML\My First AI Project\EfficientNetB3_Project\data\brain_tumor_mri\Training\pituitary_tumor\p (36).jpg,p (36).jpg,pituitary_tumor,Training,3,9b04704b9b8ef627aca274e1f7971b0ab1ecf38447955f00c8243f3a41f11201
C:\Users\ransi\Documents\AA  SLIIT\Y2S1\IT2011 AIML\My First AI Project\EfficientNetB3_Project\data\brain_tumor_mri\Training\meningioma_tumor\m1(150).jpg,m1(150).jpg,meningioma_tumor,Training,1,7efcd87636c28a674f2abf3bc6255eb1e786c12f40e794e4a3292c7381be4f66
C:\Users\ransi\Documents\AA  SLIIT\Y2S1\IT2011 AIML\My First AI Project\EfficientNetB3_Project\data\brain_tumor_mri\Training\glioma_tumor\gg (212).jpg,gg (212).jpg,glioma_tumor,Training,0,21add3ca7b1e2b812f29ebc76d44653e035d73802a037a692aaaba53989c7418
C:\Users\ransi\Documents\AA  SLIIT\Y2S1\IT2011 AIML\My First AI Project\EfficientNetB3_Project\data\brain_tumor_mri\Training\pituitary_tumor\p (229).jpg,p (229).jpg,pituitary_tumor,Training,3,7f37320f54c70ee7debee6efe24c8f7c3a1193a48c68f6b91abf06e0a068a862
C:\Users\ransi\Documents\AA  SLIIT\Y2S1\IT2011 AIML\My First AI Project\EfficientNetB3_Project\data\brain_tumor_mri\Training\glioma_tumor\gg (219).jpg,gg (219).jpg,glioma_tumor,Training,0,d4afa3d1617672890fbd52f159c8d5c05bf48ea4cc9ca7ebd43925bc654b294d
C:\Users\ransi\Documents\AA  SLIIT\Y2S1\IT2011 AIML\My First AI Project\EfficientNetB3_Project\data\brain_tumor_mri\Training\pituitary_tumor\p (199).jpg,p (199).jpg,pituitary_tumor,Training,3,ddd225e7b6c584a9167cf040f591192f9bd3674ad2ccf6dc1c1b93e72665b1bb
C:\Users\ransi\Documents\AA  SLIIT\Y2S1\IT2011 AIML\My First AI Project\EfficientNetB3_Project\data\brain_tumor_mri\Testing\pituitary_tumor\image(88).jpg,image(88).jpg,pituitary_tumor,Testing,3,f2152513bd2804ec1ef7e8b188ab72a991417708a0b98e3dac3131578d1aa794
C:\Users\ransi\Documents\AA  SLIIT\Y2S1\IT2011 AIML\My First AI Project\EfficientNetB3_Project\data\brain_tumor_mri\Training\no_tumor\image(92).jpg,image(92).jpg,no_tumor,Training,2,62f86ef728de770286697faf9abd5572edad39eefd34681d2de24c479182bf42
C:\Users\ransi\Documents\AA  SLIIT\Y2S1\IT2011 AIML\My First AI Project\EfficientNetB3_Project\data\brain_tumor_mri\Training\no_tumor\image(243).jpg,image(243).jpg,no_tumor,Training,2,e2883675188861ceba2436c5356ffbf253dc537731b257643c6544788acd52b9
C:\Users\ransi\Documents\AA  SLIIT\Y2S1\IT2011 AIML\My First AI Project\EfficientNetB3_Project\data\brain_tumor_mri\Training\no_tumor\image (25).jpg,image (25).jpg,no_tumor,Training,2,c5482c04ad0af03abc08de261901fdaa6811a99ca11a270e8dc89c550e3ccdfa
C:\Users\ransi\Documents\AA  SLIIT\Y2S1\IT2011 AIML\My First AI Project\EfficientNetB3_Project\data\brain_tumor_mri\Testing\meningioma_tumor\image(42).jpg,image(42).jpg,meningioma_tumor,Testing,1,6ad191b6525adf85064c08ec3ab520ca7fc28acb73bd31781d54d8e03315e139
C:\Users\ransi\Documents\AA  SLIIT\Y2S1\IT2011 AIML\My First AI Project\EfficientNetB3_Project\data\brain_tumor_mri\Training\pituitary_tumor\p (54).jpg,p (54).jpg,pituitary_tumor,Training,3,fa1cd4c3598c3d5352be3c9211f555cdd4f94e21e5be76efc572d994c379b874
C:\Users\ransi\Documents\AA  SLIIT\Y2S1\IT2011 AIML\My First AI Project\EfficientNetB3_Project\data\brain_tumor_mri\Training\pituitary_tumor\p (540).jpg,p (540).jpg,pituitary_tumor,Training,3,09cd823a79f25b43c4cc77fa7a3d384abeb00f29625749532e893195341d046a
C:\Users\ransi\Documents\AA  SLIIT\Y2S1\IT2011 AIML\My First AI Project\EfficientNetB3_Project\data\brain_tumor_mri\Training\no_tumor\image(275).jpg,image(275).jpg,no_tumor,Training,2,6442819447edcf898f4cb2dc4b4a67c44b647a93ab981d43380457be8e7d1344
C:\Users\ransi\Documents\AA  SLIIT\Y2S1\IT2011 AIML\My First AI Project\EfficientNetB3_Project\data\brain_tumor_mri\Training\pituitary_tumor\p (111).jpg,p (111).jpg,pituitary_tumor,Training,3,5072337e7f907af73f212ad03ff574dd4839d87afa68c62dfe999b812e313cb8
C:\Users\ransi\Documents\AA  SLIIT\Y2S1\IT2011 AIML\My First AI Project\EfficientNetB3_Project\data\brain_tumor_mri\Training\meningioma_tumor\m (162).jpg,m (162).jpg,meningioma_tumor,Training,1,677cf7d6e793898a9379c285d571df2367535484a2d1eb1a3dc147ad987d9ba7
C:\Users\ransi\Documents\AA  SLIIT\Y2S1\IT2011 AIML\My First AI Project\EfficientNetB3_Project\data\brain_tumor_mri\Training\glioma_tumor\gg (182).jpg,gg (182).jpg,glioma_tumor,Training,0,ae2d155b4842061032260e40c212a2d89be551b4afd6d050689f2dec99b72fc5
C:\Users\ransi\Documents\AA  SLIIT\Y2S1\IT2011 AIML\My First AI Project\EfficientNetB3_Project\data\brain_tumor_mri\Training\pituitary_tumor\p (481).jpg,p (481).jpg,pituitary_tumor,Training,3,32d3a461be9d58933094c2cbaf5f0e947b31c61a9fc980d91913469570cf964e
C:\Users\ransi\Documents\AA  SLIIT\Y2S1\IT2011 AIML\My First AI Project\EfficientNetB3_Project\data\brain_tumor_mri\Testing\no_tumor\image(62).jpg,image(62).jpg,no_tumor,Testing,2,a8155f8b8f640f8464b58a380026d01471800d15e76cbfd9678848d669c7e3a7
C:\Users\ransi\Documents\AA  SLIIT\Y2S1\IT2011 AIML\My First AI Project\EfficientNetB3_Project\data\brain_tumor_mri\Training\glioma_tumor\gg (635).jpg,gg (635).jpg,glioma_tumor,Training,0,80743d184f54a59a26cdc22fdeea77e660d3e2eb4145a691cc6050233b159e63
C:\Users\ransi\Documents\AA  SLIIT\Y2S1\IT2011 AIML\My First AI Project\EfficientNetB3_Project\data\brain_tumor_mri\Training\pituitary_tumor\p (315).jpg,p (315).jpg,pituitary_tumor,Training,3,de0474536d195a0fc4209cb2707a6a7d20fa3e6158989071c8815b09d2546c5e
C:\Users\ransi\Documents\AA  SLIIT\Y2S1\IT2011 AIML\My First AI Project\EfficientNetB3_Project\data\brain_tumor_mri\Training\no_tumor\image(314).jpg,image(314).jpg,no_tumor,Training,2,59e620753dd9860c69a4a2cfbfb360ec3bb22a7ca27a0989fafdde31e9712551
C:\Users\ransi\Documents\AA  SLIIT\Y2S1\IT2011 AIML\My First AI Project\EfficientNetB3_Project\data\brain_tumor_mri\Testing\pituitary_tumor\image(49).jpg,image(49).jpg,pituitary_tumor,Testing,3,14a873e8998c4a88896fd7be1155eeaf656b88209c8e9fcf7db731de3478484c
C:\Users\ransi\Documents\AA  SLIIT\Y2S1\IT2011 AIML\My First AI Project\EfficientNetB3_Project\data\brain_tumor_mri\Training\meningioma_tumor\m3 (156).jpg,m3 (156).jpg,meningioma_tumor,Training,1,d808f50330999f47fbee0c6540ea49884eb16f7477d14d6bde9b981f161a78d4
C:\Users\ransi\Documents\AA  SLIIT\Y2S1\IT2011 AIML\My First AI Project\EfficientNetB3_Project\data\brain_tumor_mri\Training\pituitary_tumor\p (680).jpg,p (680).jpg,pituitary_tumor,Training,3,78e590a1637c7390ec297f555f54429cf95df40b4b38e8ebe5ba8052870af69b
C:\Users\ransi\Documents\AA  SLIIT\Y2S1\IT2011 AIML\My First AI Project\EfficientNetB3_Project\data\brain_tumor_mri\Training\no_tumor\image(36).jpg,image(36).jpg,no_tumor,Training,2,7b73d6019deb1482bc5fb7027f12719bea983c8eb0b0c0f3e95feb61c90fafb3
C:\Users\ransi\Documents\AA  SLIIT\Y2S1\IT2011 AIML\My First AI Project\EfficientNetB3_Project\data\brain_tumor_mri\Training\glioma_tumor\gg (556).jpg,gg (556).jpg,glioma_tumor,Training,0,f6c6fde4521ff79d1da51e2e02bc4a6ee9c94d52b5dcf8fc55784a09002eb677
C:\Users\ransi\Documents\AA  SLIIT\Y2S1\IT2011 AIML\My First AI Project\EfficientNetB3_Project\data\brain_tumor_mri\Training\meningioma_tumor\m (3).jpg,m (3).jpg,meningioma_tumor,Training,1,726a66f71a0db2329ba4d1b8ce1c29277add761502709d46dabbb9f32ff0fd72
C:\Users\ransi\Documents\AA  SLIIT\Y2S1\IT2011 AIML\My First AI Project\EfficientNetB3_Project\data\brain_tumor_mri\Training\no_tumor\image(245).jpg,image(245).jpg,no_tumor,Training,2,b057deb4892d1d2a4ffd1b4be5c1e5d058f3fa01db86e38e177d470efa05b6a7
C:\Users\ransi\Documents\AA  SLIIT\Y2S1\IT2011 AIML\My First AI Project\EfficientNetB3_Project\data\brain_tumor_mri\Training\pituitary_tumor\p (399).jpg,p (399).jpg,pituitary_tumor,Training,3,5d2460838911025131f9e667ce2afe1b9f0c160d171f47888bdb4324add71b9f
C:\Users\ransi\Documents\AA  SLIIT\Y2S1\IT2011 AIML\My First AI Project\EfficientNetB3_Project\data\brain_tumor_mri\Testing\glioma_tumor\image(82).jpg,image(82).jpg,glioma_tumor,Testing,0,2f794ff2dca5d08b10cc3e37d93030b505f55f55732472bb5600da6e87e49fdd
C:\Users\ransi\Documents\AA  SLIIT\Y2S1\IT2011 AIML\My First AI Project\EfficientNetB3_Project\data\brain_tumor_mri\Training\pituitary_tumor\p (44).jpg,p (44).jpg,pituitary_tumor,Training,3,5a557308c28993b00e888916cb92c947b13bd5b550167b040be7ce2fd3023030
C:\Users\ransi\Documents\AA  SLIIT\Y2S1\IT2011 AIML\My First AI Project\EfficientNetB3_Project\data\brain_tumor_mri\Training\pituitary_tumor\p (670).jpg,p (670).jpg,pituitary_tumor,Training,3,24cb2880fe794d83b4bf2e97378d1dce5757a86b3d054c9df5cd682791b5b145
C:\Users\ransi\Documents\AA  SLIIT\Y2S1\IT2011 AIML\My First AI Project\EfficientNetB3_Project\data\brain_tumor_mri\Training\meningioma_tumor\m (198).jpg,m (198).jpg,meningioma_tumor,Training,1,27a7f3cab8d7ec0127c17a951b0bbe72ca20a459187f9a6f8d1a3edb1d65fea6
C:\Users\ransi\Documents\AA  SLIIT\Y2S1\IT2011 AIML\My First AI Project\EfficientNetB3_Project\data\brain_tumor_mri\Training\meningioma_tumor\m (83).jpg,m (83).jpg,meningioma_tumor,Training,1,a8fea0dd3e90727628dcf6d71f08112fa682fbea0eace20a306cc470d2b8360f
C:\Users\ransi\Documents\AA  SLIIT\Y2S1\IT2011 AIML\My First AI Project\EfficientNetB3_Project\data\brain_tumor_mri\Testing\meningioma_tumor\image(43).jpg,image(43).jpg,meningioma_tumor,Testing,1,0d788a5156cb295ffdd9eefb5ca7f88a68d6e5e93fbee087d879d37a088c460a
C:\Users\ransi\Documents\AA  SLIIT\Y2S1\IT2011 AIML\My First AI Project\EfficientNetB3_Project\data\brain_tumor_mri\Training\no_tumor\image(184).jpg,image(184).jpg,no_tumor,Training,2,036e55d93327e11840607155d2fe93643607756a9bb4532954e86ca7108276f6
C:\Users\ransi\Documents\AA  SLIIT\Y2S1\IT2011 AIML\My First AI Project\EfficientNetB3_Project\data\brain_tumor_mri\Training\pituitary_tumor\p (725).jpg,p (725).jpg,pituitary_tumor,Training,3,b63b59e73d052b74ba5c9d5cf279d4ddacd7e23a56368badfc20321c5a4931ec
C:\Users\ransi\Documents\AA  SLIIT\Y2S1\IT2011 AIML\My First AI Project\EfficientNetB3_Project\data\brain_tumor_mri\Training\pituitary_tumor\p (85).jpg,p (85).jpg,pituitary_tumor,Training,3,4a26ee3d6ee6caf1b7ceb44a837f60e10796e713112abae315ea4ce5ba4a36fe
C:\Users\ransi\Documents\AA  SLIIT\Y2S1\IT2011 AIML\My First AI Project\EfficientNetB3_Project\data\brain_tumor_mri\Training\glioma_tumor\gg (260).jpg,gg (260).jpg,glioma_tumor,Training,0,f9c1f275e62a3256e1d9412d24e7a74481375ec9d3d9118bd3a62ddad3973e79
C:\Users\ransi\Documents\AA  SLIIT\Y2S1\IT2011 AIML\My First AI Project\EfficientNetB3_Project\data\brain_tumor_mri\Training\no_tumor\image (35).jpg,image (35).jpg,no_tumor,Training,2,de08225737a2a8a8ddda2e0684baa925356b9c0fe77585f2992a0980398c2d07
C:\Users\ransi\Documents\AA  SLIIT\Y2S1\IT2011 AIML\My First AI Project\EfficientNetB3_Project\data\brain_tumor_mri\Training\pituitary_tumor\p (722).jpg,p (722).jpg,pituitary_tumor,Training,3,c5cb06c7d654dad3bab137d1772c870c2cb96f4b2ac977151a249f6f3c60b6d7
C:\Users\ransi\Documents\AA  SLIIT\Y2S1\IT2011 AIML\My First AI Project\EfficientNetB3_Project\data\brain_tumor_mri\Training\meningioma_tumor\m (135).jpg,m (135).jpg,meningioma_tumor,Training,1,5776354c82f75ed25b033499e4eced0b77beca5ac9f775eb27a86440a03dc050
C:\Users\ransi\Documents\AA  SLIIT\Y2S1\IT2011 AIML\My First AI Project\EfficientNetB3_Project\data\brain_tumor_mri\Training\meningioma_tumor\m (97).jpg,m (97).jpg,meningioma_tumor,Training,1,22ecfaf808e45d64b08fd640bbdca95004018d6ee5c7433fa53f26faf39a8039
C:\Users\ransi\Documents\AA  SLIIT\Y2S1\IT2011 AIML\My First AI Project\EfficientNetB3_Project\data\brain_tumor_mri\Training\pituitary_tumor\p (423).jpg,p (423).jpg,pituitary_tumor,Training,3,cb11c4d66feff9efec2ee78763516b4a2de0fab290b881c1eafc81c2876b121c
C:\Users\ransi\Documents\AA  SLIIT\Y2S1\IT2011 AIML\My First AI Project\EfficientNetB3_Project\data\brain_tumor_mri\Training\pituitary_tumor\p (257).jpg,p (257).jpg,pituitary_tumor,Training,3,6e7df1c2518806102376ee4fd86b7512535cd89a8272c185d1932a438eb9eeb4
C:\Users\ransi\Documents\AA  SLIIT\Y2S1\IT2011 AIML\My First AI Project\EfficientNetB3_Project\data\brain_tumor_mri\Training\pituitary_tumor\p (378).jpg,p (378).jpg,pituitary_tumor,Training,3,5a57f2ca38fbbfb354bfb562793880147a5591f268b2340cd81e0b44802f1a76
C:\Users\ransi\Documents\AA  SLIIT\Y2S1\IT2011 AIML\My First AI Project\EfficientNetB3_Project\data\brain_tumor_mri\Training\meningioma_tumor\m (147).jpg,m (147).jpg,meningioma_tumor,Training,1,6416747c972d1fd717c8f71d6c9a9aea927d7c9dccf0d9e3812e103bf635d8ee
C:\Users\ransi\Documents\AA  SLIIT\Y2S1\IT2011 AIML\My First AI Project\EfficientNetB3_Project\data\brain_tumor_mri\Testing\glioma_tumor\image(33).jpg,image(33).jpg,glioma_tumor,Testing,0,48c61b82e203d4e08e55b413a77dc22e54f5aa2102f892d3c7147fc8d1eb1f8e
C:\Users\ransi\Documents\AA  SLIIT\Y2S1\IT2011 AIML\My First AI Project\EfficientNetB3_Project\data\brain_tumor_mri\Training\meningioma_tumor\m1(3).jpg,m1(3).jpg,meningioma_tumor,Training,1,6b436fb29f9dd27c8e6a2f30c8d516947c3b856bad43c45b7722e8360e517cbf
C:\Users\ransi\Documents\AA  SLIIT\Y2S1\IT2011 AIML\My First AI Project\EfficientNetB3_Project\data\brain_tumor_mri\Training\meningioma_tumor\m1(193).jpg,m1(193).jpg,meningioma_tumor,Training,1,f9d94f5dbe03a80e7725fbfd4927ef965bf852983da2497e40addfab16c94a3e
C:\Users\ransi\Documents\AA  SLIIT\Y2S1\IT2011 AIML\My First AI Project\EfficientNetB3_Project\data\brain_tumor_mri\Training\glioma_tumor\gg (608).jpg,gg (608).jpg,glioma_tumor,Training,0,7e7d3f8fcddaea76ce01eef95c733c88775a2979416b14b9cd962341923e87f9
C:\Users\ransi\Documents\AA  SLIIT\Y2S1\IT2011 AIML\My First AI Project\EfficientNetB3_Project\data\brain_tumor_mri\Training\no_tumor\image(94).jpg,image(94).jpg,no_tumor,Training,2,20b1c6ac9c63836a2145b71cb080790a76200ebf0c83383486cd8e2713862528
C:\Users\ransi\Documents\AA  SLIIT\Y2S1\IT2011 AIML\My First AI Project\EfficientNetB3_Project\data\brain_tumor_mri\Training\pituitary_tumor\p (472).jpg,p (472).jpg,pituitary_tumor,Training,3,796b970d958c295274c690e58fe99371562c8fad19de331a3bee92c4f712abd4
C:\Users\ransi\Documents\AA  SLIIT\Y2S1\IT2011 AIML\My First AI Project\EfficientNetB3_Project\data\brain_tumor_mri\Training\pituitary_tumor\p (664).jpg,p (664).jpg,pituitary_tumor,Training,3,5b9f0e5c909d3087a9350490ade735eb27e10007babc76d582b5d406eefa1957
C:\Users\ransi\Documents\AA  SLIIT\Y2S1\IT2011 AIML\My First AI Project\EfficientNetB3_Project\data\brain_tumor_mri\Training\glioma_tumor\gg (282).jpg,gg (282).jpg,glioma_tumor,Training,0,e374a953be7fafcd7f42ff8f7539a959988af57dc2da367ff51e5ccda5a50c7e
C:\Users\ransi\Documents\AA  SLIIT\Y2S1\IT2011 AIML\My First AI Project\EfficientNetB3_Project\data\brain_tumor_mri\Training\meningioma_tumor\m (182).jpg,m (182).jpg,meningioma_tumor,Training,1,960155b05ea8f0ddcbcd3a5e29905c2a4b55832f03e5b7d6491c73955960d278
C:\Users\ransi\Documents\AA  SLIIT\Y2S1\IT2011 AIML\My First AI Project\EfficientNetB3_Project\data\brain_tumor_mri\Training\pituitary_tumor\p (211).jpg,p (211).jpg,pituitary_tumor,Training,3,8c550079ec553c39bbc38980f8392c1976fb37c5703e93855fc3aa4189df97db
C:\Users\ransi\Documents\AA  SLIIT\Y2S1\IT2011 AIML\My First AI Project\EfficientNetB3_Project\data\brain_tumor_mri\Training\meningioma_tumor\m3 (92).jpg,m3 (92).jpg,meningioma_tumor,Training,1,7cfcb935523acb08279b5265eea273788fc0a8edb7e4ed314d3f6be723457680
C:\Users\ransi\Documents\AA  SLIIT\Y2S1\IT2011 AIML\My First AI Project\EfficientNetB3_Project\data\brain_tumor_mri\Training\glioma_tumor\gg (129).jpg,gg (129).jpg,glioma_tumor,Training,0,3c6c8b180965a599521819052c4765ce445e535d1e25086d3f4e7cd03833f2fb
C:\Users\ransi\Documents\AA  SLIIT\Y2S1\IT2011 AIML\My First AI Project\EfficientNetB3_Project\data\brain_tumor_mri\Training\no_tumor\image(219).jpg,image(219).jpg,no_tumor,Training,2,34da25bd2e6f77deed656d4125459dd79a068f89a15aed64b4490fbf7b279a46
C:\Users\ransi\Documents\AA  SLIIT\Y2S1\IT2011 AIML\My First AI Project\EfficientNetB3_Project\data\brain_tumor_mri\Testing\meningioma_tumor\image(32).jpg,image(32).jpg,meningioma_tumor,Testing,1,935ba7f0696adb99b0bc47bd75e6ae0ae86426d1fb6922dac8b9569ddaea8a16
C:\Users\ransi\Documents\AA  SLIIT\Y2S1\IT2011 AIML\My First AI Project\EfficientNetB3_Project\data\brain_tumor_mri\Training\meningioma_tumor\m2 (113).jpg,m2 (113).jpg,meningioma_tumor,Training,1,678fad2e057952769a28d244b79d80a4fb0c7304c0729f20119ac56977335eff
C:\Users\ransi\Documents\AA  SLIIT\Y2S1\IT2011 AIML\My First AI Project\EfficientNetB3_Project\data\brain_tumor_mri\Training\meningioma_tumor\m3 (164).jpg,m3 (164).jpg,meningioma_tumor,Training,1,451f339dbf4d33864e0dd8940f533bbeddda6492cf60bb15615342bd467cc721
C:\Users\ransi\Documents\AA  SLIIT\Y2S1\IT2011 AIML\My First AI Project\EfficientNetB3_Project\data\brain_tumor_mri\Training\meningioma_tumor\m2 (161).jpg,m2 (161).jpg,meningioma_tumor,Training,1,93eaa0860fd855b11460228322969276bb0ba11b2dcc49171c6b974b467d40c3
C:\Users\ransi\Documents\AA  SLIIT\Y2S1\IT2011 AIML\My First AI Project\EfficientNetB3_Project\data\brain_tumor_mri\Training\pituitary_tumor\p (261).jpg,p (261).jpg,pituitary_tumor,Training,3,4942c3df21bd714e4d0fe9db03de2c005143ca836e4f22d7aae05e9d6206ae90
C:\Users\ransi\Documents\AA  SLIIT\Y2S1\IT2011 AIML\My First AI Project\EfficientNetB3_Project\data\brain_tumor_mri\Training\no_tumor\image(10).jpg,image(10).jpg,no_tumor,Training,2,06e6f334b7e990bd685265cea5af2b11410235f4a3baad476c964249310330f3
C:\Users\ransi\Documents\AA  SLIIT\Y2S1\IT2011 AIML\My First AI Project\EfficientNetB3_Project\data\brain_tumor_mri\Testing\meningioma_tumor\image(125).jpg,image(125).jpg,meningioma_tumor,Testing,1,fb2b0e33367c6b46c5aee62ff7fa335a1cd7f185792e84090f8a62e722d91d8b
C:\Users\ransi\Documents\AA  SLIIT\Y2S1\IT2011 AIML\My First AI Project\EfficientNetB3_Project\data\brain_tumor_mri\Training\glioma_tumor\gg (147).jpg,gg (147).jpg,glioma_tumor,Training,0,e6009faa8fe82ca4f4a1e177d2b656b30bca607c42de364a2b02b41aa3b8c506
C:\Users\ransi\Documents\AA  SLIIT\Y2S1\IT2011 AIML\My First AI Project\EfficientNetB3_Project\data\brain_tumor_mri\Training\no_tumor\image (54).jpg,image (54).jpg,no_tumor,Training,2,a3b52d8a675f4344381842cea58e6966d3a9bd4fff0e77685c0656b1838cce9e
C:\Users\ransi\Documents\AA  SLIIT\Y2S1\IT2011 AIML\My First AI Project\EfficientNetB3_Project\data\brain_tumor_mri\Training\pituitary_tumor\p (761).jpg,p (761).jpg,pituitary_tumor,Training,3,e783287438a43ba7603c57b22db6803a793fa62b6772de6ea34f0b5e5dcf8a2b
C:\Users\ransi\Documents\AA  SLIIT\Y2S1\IT2011 AIML\My First AI Project\EfficientNetB3_Project\data\brain_tumor_mri\Training\pituitary_tumor\p (364).jpg,p (364).jpg,pituitary_tumor,Training,3,4acae295aaa6340a3d15c7a4f89f1faec9360399027cfcbbb170322c8814f315
C:\Users\ransi\Documents\AA  SLIIT\Y2S1\IT2011 AIML\My First AI Project\EfficientNetB3_Project\data\brain_tumor_mri\Training\pituitary_tumor\p (426).jpg,p (426).jpg,pituitary_tumor,Training,3,a5d80f7431c618a38e8c8554ba1a76d78cf67888a0eafa1b18949b543cc6a21f
C:\Users\ransi\Documents\AA  SLIIT\Y2S1\IT2011 AIML\My First AI Project\EfficientNetB3_Project\data\brain_tumor_mri\Training\no_tumor\image(100).jpg,image(100).jpg,no_tumor,Training,2,489efee379052cc461b946dd57f42b7c7e76d0a5c9592eacce4f5ced5d79e6bc
C:\Users\ransi\Documents\AA  SLIIT\Y2S1\IT2011 AIML\My First AI Project\EfficientNetB3_Project\data\brain_tumor_mri\Training\glioma_tumor\gg (785).jpg,gg (785).jpg,glioma_tumor,Training,0,3f5c0df7213f1349e178b4ea5e7b1ae7168389e08ed50aa7a4f98c03c72a3298
C:\Users\ransi\Documents\AA  SLIIT\Y2S1\IT2011 AIML\My First AI Project\EfficientNetB3_Project\data\brain_tumor_mri\Training\meningioma_tumor\m3 (108).jpg,m3 (108).jpg,meningioma_tumor,Training,1,7d39b4c082d70d2c1188015ee17b39ff21b4792c811a971cb08406c500fcc279
C:\Users\ransi\Documents\AA  SLIIT\Y2S1\IT2011 AIML\My First AI Project\EfficientNetB3_Project\data\brain_tumor_mri\Training\glioma_tumor\gg (131).jpg,gg (131).jpg,glioma_tumor,Training,0,2d137f3b19b56e5aaa5bd024b097fdd2fe0452e2b23dd2fa2130ddf34ea67b78
C:\Users\ransi\Documents\AA  SLIIT\Y2S1\IT2011 AIML\My First AI Project\EfficientNetB3_Project\data\brain_tumor_mri\Training\glioma_tumor\gg (597).jpg,gg (597).jpg,glioma_tumor,Training,0,085a411f8f51f72f45fb4f3452e62a43e31c74bbcfe5404bff529ebfe0218e59
C:\Users\ransi\Documents\AA  SLIIT\Y2S1\IT2011 AIML\My First AI Project\EfficientNetB3_Project\data\brain_tumor_mri\Training\pituitary_tumor\p (508).jpg,p (508).jpg,pituitary_tumor,Training,3,7480a84d68678480135e2535f60dd64f440636de99681f5852c7f4ee10b91a82
C:\Users\ransi\Documents\AA  SLIIT\Y2S1\IT2011 AIML\My First AI Project\EfficientNetB3_Project\data\brain_tumor_mri\Training\pituitary_tumor\p (212).jpg,p (212).jpg,pituitary_tumor,Training,3,da37773fc37350e9fcab014dcb3009def0e4c4faf5bb6f6e3dc7652753b15ec2
C:\Users\ransi\Documents\AA  SLIIT\Y2S1\IT2011 AIML\My First AI Project\EfficientNetB3_Project\data\brain_tumor_mri\Training\glioma_tumor\gg (651).jpg,gg (651).jpg,glioma_tumor,Training,0,0c258df10912dec323f8980ee527a6d598a4aca90e644ff728faebe1aa0a7700
C:\Users\ransi\Documents\AA  SLIIT\Y2S1\IT2011 AIML\My First AI Project\EfficientNetB3_Project\data\brain_tumor_mri\Training\meningioma_tumor\m3 (39).jpg,m3 (39).jpg,meningioma_tumor,Training,1,7a43c34278b4e1e3c323f60ae784707e0bea986ff6ec9b935600feb3cc0e9c17
C:\Users\ransi\Documents\AA  SLIIT\Y2S1\IT2011 AIML\My First AI Project\EfficientNetB3_Project\data\brain_tumor_mri\Training\meningioma_tumor\m3 (82).jpg,m3 (82).jpg,meningioma_tumor,Training,1,9767af3136fb5e92779d0bbbe8df1e35aee28f953a8b945d480a67e8b2124c64
C:\Users\ransi\Documents\AA  SLIIT\Y2S1\IT2011 AIML\My First AI Project\EfficientNetB3_Project\data\brain_tumor_mri\Training\pituitary_tumor\p (592).jpg,p (592).jpg,pituitary_tumor,Training,3,cc2fba74aa724ca2f3c59562a3a4578b20b10ecff17058796424221022bf3ad0
C:\Users\ransi\Documents\AA  SLIIT\Y2S1\IT2011 AIML\My First AI Project\EfficientNetB3_Project\data\brain_tumor_mri\Training\meningioma_tumor\m3 (85).jpg,m3 (85).jpg,meningioma_tumor,Training,1,1f5706359e9a144c54827de844450d69b9505b638e61c85275161475306fab04
C:\Users\ransi\Documents\AA  SLIIT\Y2S1\IT2011 AIML\My First AI Project\EfficientNetB3_Project\data\brain_tumor_mri\Training\glioma_tumor\gg (361).jpg,gg (361).jpg,glioma_tumor,Training,0,4dd056893fe36232b0c888088a90e08a71e64f88061d28caa8814639a34f4fc8
C:\Users\ransi\Documents\AA  SLIIT\Y2S1\IT2011 AIML\My First AI Project\EfficientNetB3_Project\data\brain_tumor_mri\Training\glioma_tumor\gg (720).jpg,gg (720).jpg,glioma_tumor,Training,0,795f40397be45857477c720fa3761d0d036cbe80424e34d6ad10ac8598495911
C:\Users\ransi\Documents\AA  SLIIT\Y2S1\IT2011 AIML\My First AI Project\EfficientNetB3_Project\data\brain_tumor_mri\Training\glioma_tumor\gg (689).jpg,gg (689).jpg,glioma_tumor,Training,0,b91a7eb896b9ce5bb93d1cc26673d038fdcb99451ed376cc4028a97e500af127
C:\Users\ransi\Documents\AA  SLIIT\Y2S1\IT2011 AIML\My First AI Project\EfficientNetB3_Project\data\brain_tumor_mri\Training\pituitary_tumor\p (313).jpg,p (313).jpg,pituitary_tumor,Training,3,7faa62cebc2aeee8be60da975c2e918cec90dc220ad9da886e680c926a4092dd
C:\Users\ransi\Documents\AA  SLIIT\Y2S1\IT2011 AIML\My First AI Project\EfficientNetB3_Project\data\brain_tumor_mri\Training\meningioma_tumor\m3 (230).jpg,m3 (230).jpg,meningioma_tumor,Training,1,e2d9c7006c022f577c59c7fd6232783449b98f8c72aee8e51c7a622538a95ecb
C:\Users\ransi\Documents\AA  SLIIT\Y2S1\IT2011 AIML\My First AI Project\EfficientNetB3_Project\data\brain_tumor_mri\Training\meningioma_tumor\m3 (113).jpg,m3 (113).jpg,meningioma_tumor,Training,1,c22691b5441cc731a1b61ae8ee6bf4b1f096287446ce7e5d758e5c49073a532e
C:\Users\ransi\Documents\AA  SLIIT\Y2S1\IT2011 AIML\My First AI Project\EfficientNetB3_Project\data\brain_tumor_mri\Training\meningioma_tumor\m (170).jpg,m (170).jpg,meningioma_tumor,Training,1,a9394527f65dd440573d41c082bfeaed91e3f2ca4261b07f286b86a946b56319
C:\Users\ransi\Documents\AA  SLIIT\Y2S1\IT2011 AIML\My First AI Project\EfficientNetB3_Project\data\brain_tumor_mri\Training\meningioma_tumor\m (187).jpg,m (187).jpg,meningioma_tumor,Training,1,4ef29b55631de2a2d58da244253bb5add45abacf8ca2481f886bb3e53185a0b9
C:\Users\ransi\Documents\AA  SLIIT\Y2S1\IT2011 AIML\My First AI Project\EfficientNetB3_Project\data\brain_tumor_mri\Testing\glioma_tumor\image(30).jpg,image(30).jpg,glioma_tumor,Testing,0,917cadd5aad4a8288a4f759d4f4a261e66c3187dbace1293b76aa8434b691b37
C:\Users\ransi\Documents\AA  SLIIT\Y2S1\IT2011 AIML\My First AI Project\EfficientNetB3_Project\data\brain_tumor_mri\Training\glioma_tumor\gg (168).jpg,gg (168).jpg,glioma_tumor,Training,0,300e8544989d1899d0662dcd8580b6e895e9135fa4b3c8fd2b9024267f8589fd
C:\Users\ransi\Documents\AA  SLIIT\Y2S1\IT2011 AIML\My First AI Project\EfficientNetB3_Project\data\brain_tumor_mri\Training\glioma_tumor\gg (812).jpg,gg (812).jpg,glioma_tumor,Training,0,ba9b514b77eb4f02f1a82c24f32fe0b8dbaa41793be37c81b1a1459ea204f099
C:\Users\ransi\Documents\AA  SLIIT\Y2S1\IT2011 AIML\My First AI Project\EfficientNetB3_Project\data\brain_tumor_mri\Training\meningioma_tumor\m3 (169).jpg,m3 (169).jpg,meningioma_tumor,Training,1,212c2e0e5246ceb53293b9500627afb59214995371dcfacf82d5b99219bfb347
C:\Users\ransi\Documents\AA  SLIIT\Y2S1\IT2011 AIML\My First AI Project\EfficientNetB3_Project\data\brain_tumor_mri\Testing\glioma_tumor\image(65).jpg,image(65).jpg,glioma_tumor,Testing,0,c2bd43b2b8cdb63dc5b6d86fa972dbc4d8395278a5e7fac7f1c972f01921a206
C:\Users\ransi\Documents\AA  SLIIT\Y2S1\IT2011 AIML\My First AI Project\EfficientNetB3_Project\data\brain_tumor_mri\Training\glioma_tumor\gg (769).jpg,gg (769).jpg,glioma_tumor,Training,0,eb4ccfc4d5d43ed05d9bb5c426c3559779465cbb2e97a6128ffa689e3797de48
C:\Users\ransi\Documents\AA  SLIIT\Y2S1\IT2011 AIML\My First AI Project\EfficientNetB3_Project\data\brain_tumor_mri\Training\meningioma_tumor\m3 (84).jpg,m3 (84).jpg,meningioma_tumor,Training,1,1fc820365052f94497ae7eb13a797f471bc073478c22a677c4945990458a9e49
C:\Users\ransi\Documents\AA  SLIIT\Y2S1\IT2011 AIML\My First AI Project\EfficientNetB3_Project\data\brain_tumor_mri\Training\pituitary_tumor\p (89).jpg,p (89).jpg,pituitary_tumor,Training,3,d2fdefb71177662b7099aa1db4f2ead9e7749be1743ae08f24caac62df9f18b3
C:\Users\ransi\Documents\AA  SLIIT\Y2S1\IT2011 AIML\My First AI Project\EfficientNetB3_Project\data\brain_tumor_mri\Training\meningioma_tumor\m1(50).jpg,m1(50).jpg,meningioma_tumor,Training,1,880e240e5625961a1ad9aaf92b625df6038c6a67a9a09827aa8a7e8a5a4d1ea1
C:\Users\ransi\Documents\AA  SLIIT\Y2S1\IT2011 AIML\My First AI Project\EfficientNetB3_Project\data\brain_tumor_mri\Testing\meningioma_tumor\image(64).jpg,image(64).jpg,meningioma_tumor,Testing,1,c1a08f474188d182e6243e1a4655f9731307c63399e7ada68048c588dfb990ed
C:\Users\ransi\Documents\AA  SLIIT\Y2S1\IT2011 AIML\My First AI Project\EfficientNetB3_Project\data\brain_tumor_mri\Training\meningioma_tumor\m3 (28).jpg,m3 (28).jpg,meningioma_tumor,Training,1,80d28f9fd81d1c23ac4b8383998f3cc4b9df3e75185933555dafbd2f96e48d94
C:\Users\ransi\Documents\AA  SLIIT\Y2S1\IT2011 AIML\My First AI Project\EfficientNetB3_Project\data\brain_tumor_mri\Training\meningioma_tumor\m1(192).jpg,m1(192).jpg,meningioma_tumor,Training,1,e6ca19cc14a4c5dfaee656165c5b8c93608ab5adb96c354b15fec32fd3249857
C:\Users\ransi\Documents\AA  SLIIT\Y2S1\IT2011 AIML\My First AI Project\EfficientNetB3_Project\data\brain_tumor_mri\Training\meningioma_tumor\m3 (62).jpg,m3 (62).jpg,meningioma_tumor,Training,1,3997165065a58bdf935c00e76679ce7146acda18d6727a3b7409940b9bb2c2f3
C:\Users\ransi\Documents\AA  SLIIT\Y2S1\IT2011 AIML\My First AI Project\EfficientNetB3_Project\data\brain_tumor_mri\Training\pituitary_tumor\p (634).jpg,p (634).jpg,pituitary_tumor,Training,3,0e83f73c27a75d6063ff2ce1d0608e483eb67c67a2245240f0d0b462ebc4265a
C:\Users\ransi\Documents\AA  SLIIT\Y2S1\IT2011 AIML\My First AI Project\EfficientNetB3_Project\data\brain_tumor_mri\Testing\no_tumor\image(57).jpg,image(57).jpg,no_tumor,Testing,2,1d489fd63322dff8146dfb442c512362d2d42d5f4e44b90414202ac0abe5f97e
C:\Users\ransi\Documents\AA  SLIIT\Y2S1\IT2011 AIML\My First AI Project\EfficientNetB3_Project\data\brain_tumor_mri\Training\pituitary_tumor\p (168).jpg,p (168).jpg,pituitary_tumor,Training,3,4a9895bdf8b3c8d5e95c374c0deb40db7b4d01b5f3a7730e548ea53595edf8bf
C:\Users\ransi\Documents\AA  SLIIT\Y2S1\IT2011 AIML\My First AI Project\EfficientNetB3_Project\data\brain_tumor_mri\Training\no_tumor\image(317).jpg,image(317).jpg,no_tumor,Training,2,098a2c1bd3db7c38f1e03283a9fc8948dc31a497f163dc78a6e47037d59b0999
C:\Users\ransi\Documents\AA  SLIIT\Y2S1\IT2011 AIML\My First AI Project\EfficientNetB3_Project\data\brain_tumor_mri\Training\pituitary_tumor\p (569).jpg,p (569).jpg,pituitary_tumor,Training,3,63000f371bfe65f1ddf892f4a8930e5d03c699eca8b11e7cfcc848bb6bc41a11
C:\Users\ransi\Documents\AA  SLIIT\Y2S1\IT2011 AIML\My First AI Project\EfficientNetB3_Project\data\brain_tumor_mri\Training\pituitary_tumor\p (611).jpg,p (611).jpg,pituitary_tumor,Training,3,53a7cc5a84fc54cccda7288d9c89c6d3beff638273ce61c3dd6fef8ccec9df2d
C:\Users\ransi\Documents\AA  SLIIT\Y2S1\IT2011 AIML\My First AI Project\EfficientNetB3_Project\data\brain_tumor_mri\Training\meningioma_tumor\m (155).jpg,m (155).jpg,meningioma_tumor,Training,1,f0f7b56a543685815266b9e9e0dd7ac8d4a0e03ec8669d0040b1e1ae546d084b
C:\Users\ransi\Documents\AA  SLIIT\Y2S1\IT2011 AIML\My First AI Project\EfficientNetB3_Project\data\brain_tumor_mri\Training\meningioma_tumor\m2 (143).jpg,m2 (143).jpg,meningioma_tumor,Training,1,a291c4452d1645f1267ee4009dcaad3af2459bc8ce2832a8a3e7baa17c0f87f2
C:\Users\ransi\Documents\AA  SLIIT\Y2S1\IT2011 AIML\My First AI Project\EfficientNetB3_Project\data\brain_tumor_mri\Training\meningioma_tumor\m (2).jpg,m (2).jpg,meningioma_tumor,Training,1,dee8d2ed75a4edc6315dcdeba7f327ecb080dd9bb914f86b28db2c52f891d90f
C:\Users\ransi\Documents\AA  SLIIT\Y2S1\IT2011 AIML\My First AI Project\EfficientNetB3_Project\data\brain_tumor_mri\Training\pituitary_tumor\p (520).jpg,p (520).jpg,pituitary_tumor,Training,3,247e415184c433b2d62ce0f917f41f5074e7b21cb840191f5c7f0582189975e8
C:\Users\ransi\Documents\AA  SLIIT\Y2S1\IT2011 AIML\My First AI Project\EfficientNetB3_Project\data\brain_tumor_mri\Training\no_tumor\image(320).jpg,image(320).jpg,no_tumor,Training,2,e7a0d82b59709a4d7c2a3570633b0e4888211a328cddb7d1497760ae14d3cbdd
C:\Users\ransi\Documents\AA  SLIIT\Y2S1\IT2011 AIML\My First AI Project\EfficientNetB3_Project\data\brain_tumor_mri\Training\glioma_tumor\gg (68).jpg,gg (68).jpg,glioma_tumor,Training,0,3fba1e06a1a0b81caac1020d54785ec2835b878b6ec03051402c8068cecec04d
C:\Users\ransi\Documents\AA  SLIIT\Y2S1\IT2011 AIML\My First AI Project\EfficientNetB3_Project\data\brain_tumor_mri\Training\glioma_tumor\gg (191).jpg,gg (191).jpg,glioma_tumor,Training,0,74ea123867a36cdd87dc6feac2cd5d983a62d07bc994b17cf5bfdec4b1fc9d4d
C:\Users\ransi\Documents\AA  SLIIT\Y2S1\IT2011 AIML\My First AI Project\EfficientNetB3_Project\data\brain_tumor_mri\Testing\glioma_tumor\image(39).jpg,image(39).jpg,glioma_tumor,Testing,0,4813552c8ef708ff035ae325cc5c6086e3f33275677e785d7d66c6f36e94b63a
C:\Users\ransi\Documents\AA  SLIIT\Y2S1\IT2011 AIML\My First AI Project\EfficientNetB3_Project\data\brain_tumor_mri\Training\meningioma_tumor\m3 (9).jpg,m3 (9).jpg,meningioma_tumor,Training,1,f03d0465810e7d14ba92d1c44c91facbaa5bbfea6bbbcf7bd6ecd92e0adc0a53
C:\Users\ransi\Documents\AA  SLIIT\Y2S1\IT2011 AIML\My First AI Project\EfficientNetB3_Project\data\brain_tumor_mri\Training\meningioma_tumor\m1(23).jpg,m1(23).jpg,meningioma_tumor,Training,1,c05fcc3657c8950f588e6e56d34a278b3e03e283225f08217c21ec4f12063a64
C:\Users\ransi\Documents\AA  SLIIT\Y2S1\IT2011 AIML\My First AI Project\EfficientNetB3_Project\data\brain_tumor_mri\Testing\meningioma_tumor\image(37).jpg,image(37).jpg,meningioma_tumor,Testing,1,b981ea69aea30d8a852c1eed9f64a190a101c6f2b9b1d26b16d0864251d5ecb9
C:\Users\ransi\Documents\AA  SLIIT\Y2S1\IT2011 AIML\My First AI Project\EfficientNetB3_Project\data\brain_tumor_mri\Training\pituitary_tumor\p (504).jpg,p (504).jpg,pituitary_tumor,Training,3,f8df03b7caf49fdeec2121098b04cfc78dd8b46b8b4a4e03d8edcbe829d28d9f
C:\Users\ransi\Documents\AA  SLIIT\Y2S1\IT2011 AIML\My First AI Project\EfficientNetB3_Project\data\brain_tumor_mri\Training\glioma_tumor\gg (262).jpg,gg (262).jpg,glioma_tumor,Training,0,485557e442a58dfc004ac9e4d5fb7a0e4355ab54b4f3088c430306c4ded6daaf
C:\Users\ransi\Documents\AA  SLIIT\Y2S1\IT2011 AIML\My First AI Project\EfficientNetB3_Project\data\brain_tumor_mri\Training\meningioma_tumor\m (50).jpg,m (50).jpg,meningioma_tumor,Training,1,a929675c622015e826cb0c266cffeb57444a714bb6a44389ba2259673a25fc9b
C:\Users\ransi\Documents\AA  SLIIT\Y2S1\IT2011 AIML\My First AI Project\EfficientNetB3_Project\data\brain_tumor_mri\Training\glioma_tumor\gg (469).jpg,gg (469).jpg,glioma_tumor,Training,0,6a0dd53d14214b8d25fe1e50b2141790f458dc2483737914f34b108af37ac039
C:\Users\ransi\Documents\AA  SLIIT\Y2S1\IT2011 AIML\My First AI Project\EfficientNetB3_Project\data\brain_tumor_mri\Training\glioma_tumor\gg (106).jpg,gg (106).jpg,glioma_tumor,Training,0,13862da50b1c8bc0ecc82914c5a3f7dd42173565d4c9cc6370f119fa6d01868f
C:\Users\ransi\Documents\AA  SLIIT\Y2S1\IT2011 AIML\My First AI Project\EfficientNetB3_Project\data\brain_tumor_mri\Training\meningioma_tumor\m1(56).jpg,m1(56).jpg,meningioma_tumor,Training,1,47211a9c0be7bd6a476d47ca82664ad929feaf5455b22701529c3d3761f8fa95
C:\Users\ransi\Documents\AA  SLIIT\Y2S1\IT2011 AIML\My First AI Project\EfficientNetB3_Project\data\brain_tumor_mri\Training\pituitary_tumor\p (228).jpg,p (228).jpg,pituitary_tumor,Training,3,81920af4b5738e9cd262af33d4cdea2d30410b7942ec4e550a4d30fd5e2f484c
C:\Users\ransi\Documents\AA  SLIIT\Y2S1\IT2011 AIML\My First AI Project\EfficientNetB3_Project\data\brain_tumor_mri\Training\meningioma_tumor\m (186).jpg,m (186).jpg,meningioma_tumor,Training,1,355ff7a1ae379203be9c8d1674adf692b45b9cd968d511153333f6ddf5bdccf1
C:\Users\ransi\Documents\AA  SLIIT\Y2S1\IT2011 AIML\My First AI Project\EfficientNetB3_Project\data\brain_tumor_mri\Training\meningioma_tumor\m1(198).jpg,m1(198).jpg,meningioma_tumor,Training,1,20b8d58afcccf5666c37e7daed3ebbbcd71665ee7f87b4d3ca502705beb7e1e4
C:\Users\ransi\Documents\AA  SLIIT\Y2S1\IT2011 AIML\My First AI Project\EfficientNetB3_Project\data\brain_tumor_mri\Training\glioma_tumor\gg (621).jpg,gg (621).jpg,glioma_tumor,Training,0,fdba94b356e4831716f85a4908bec395a0c8e52d785d042e52ef332fd708fd0f
C:\Users\ransi\Documents\AA  SLIIT\Y2S1\IT2011 AIML\My First AI Project\EfficientNetB3_Project\data\brain_tumor_mri\Training\glioma_tumor\gg (301).jpg,gg (301).jpg,glioma_tumor,Training,0,c74a61ad65903a972d127e2be63d166de50fb6a8f840536a1cafaba7c8cdf856
C:\Users\ransi\Documents\AA  SLIIT\Y2S1\IT2011 AIML\My First AI Project\EfficientNetB3_Project\data\brain_tumor_mri\Training\glioma_tumor\gg (28).jpg,gg (28).jpg,glioma_tumor,Training,0,4eb3f2d8e9ff8f550f608e262de54fc181404bd710831f1954302dc16c9e440b
C:\Users\ransi\Documents\AA  SLIIT\Y2S1\IT2011 AIML\My First AI Project\EfficientNetB3_Project\data\brain_tumor_mri\Training\glioma_tumor\gg (605).jpg,gg (605).jpg,glioma_tumor,Training,0,a34ca7ca37c4cf5832f566fa434d8f37183b4e828b28b2141ff9d921ec843a1a
C:\Users\ransi\Documents\AA  SLIIT\Y2S1\IT2011 AIML\My First AI Project\EfficientNetB3_Project\data\brain_tumor_mri\Training\glioma_tumor\gg (645).jpg,gg (645).jpg,glioma_tumor,Training,0,4c5c0925010c5b236a21c7e93e3f2e5725e6e90f516cdbb2873f43f7f9c7eedf
C:\Users\ransi\Documents\AA  SLIIT\Y2S1\IT2011 AIML\My First AI Project\EfficientNetB3_Project\data\brain_tumor_mri\Testing\pituitary_tumor\image(48).jpg,image(48).jpg,pituitary_tumor,Testing,3,14a873e8998c4a88896fd7be1155eeaf656b88209c8e9fcf7db731de3478484c
C:\Users\ransi\Documents\AA  SLIIT\Y2S1\IT2011 AIML\My First AI Project\EfficientNetB3_Project\data\brain_tumor_mri\Training\meningioma_tumor\m3 (119).jpg,m3 (119).jpg,meningioma_tumor,Training,1,a73af8f30b53a89992b95e2e20273202d9934a04266f5484097169d23455edb4
C:\Users\ransi\Documents\AA  SLIIT\Y2S1\IT2011 AIML\My First AI Project\EfficientNetB3_Project\data\brain_tumor_mri\Training\meningioma_tumor\m3 (96).jpg,m3 (96).jpg,meningioma_tumor,Training,1,fbae500cfa59adbd667e1b9f3d1671b0df14723f73ada8815166188dac7bfbce
C:\Users\ransi\Documents\AA  SLIIT\Y2S1\IT2011 AIML\My First AI Project\EfficientNetB3_Project\data\brain_tumor_mri\Training\pituitary_tumor\p (356).jpg,p (356).jpg,pituitary_tumor,Training,3,84e577fd8f43864bfcd18563438878b07ca2bf460b5deee29c29ddb95ca8bedb
C:\Users\ransi\Documents\AA  SLIIT\Y2S1\IT2011 AIML\My First AI Project\EfficientNetB3_Project\data\brain_tumor_mri\Training\meningioma_tumor\m2 (86).jpg,m2 (86).jpg,meningioma_tumor,Training,1,1d3fd6e11183526544ae0a39a12fe9cb49ad7b5711b3f39c23c21410b8495234
C:\Users\ransi\Documents\AA  SLIIT\Y2S1\IT2011 AIML\My First AI Project\EfficientNetB3_Project\data\brain_tumor_mri\Testing\no_tumor\image(34).jpg,image(34).jpg,no_tumor,Testing,2,4f2893125ab87fc6fcd6cd5388db893efeb9a1a30e59f942e7743144766c78f6
C:\Users\ransi\Documents\AA  SLIIT\Y2S1\IT2011 AIML\My First AI Project\EfficientNetB3_Project\data\brain_tumor_mri\Training\no_tumor\image(179).jpg,image(179).jpg,no_tumor,Training,2,0fadab68bfdbea3a058334b19a656a26343e74598a908067b99f087857744200
C:\Users\ransi\Documents\AA  SLIIT\Y2S1\IT2011 AIML\My First AI Project\EfficientNetB3_Project\data\brain_tumor_mri\Training\no_tumor\image(96).jpg,image(96).jpg,no_tumor,Training,2,8d60bd59d88a3952431c6d3c2a50d83be3ebfec123d6d47734db34a4aebb5163
C:\Users\ransi\Documents\AA  SLIIT\Y2S1\IT2011 AIML\My First AI Project\EfficientNetB3_Project\data\brain_tumor_mri\Training\pituitary_tumor\p (409).jpg,p (409).jpg,pituitary_tumor,Training,3,e17e5e8773c5f822e0f3c281eb73dd46811a760f1556bccca31b53b7ebaaa073
C:\Users\ransi\Documents\AA  SLIIT\Y2S1\IT2011 AIML\My First AI Project\EfficientNetB3_Project\data\brain_tumor_mri\Training\no_tumor\image(9).jpg,image(9).jpg,no_tumor,Training,2,4f2893125ab87fc6fcd6cd5388db893efeb9a1a30e59f942e7743144766c78f6
C:\Users\ransi\Documents\AA  SLIIT\Y2S1\IT2011 AIML\My First AI Project\EfficientNetB3_Project\data\brain_tumor_mri\Training\pituitary_tumor\p (544).jpg,p (544).jpg,pituitary_tumor,Training,3,e91215407672f252077cdd5c063455438c1c55ce0a8c76e79e5c88d91aa6f8fb
C:\Users\ransi\Documents\AA  SLIIT\Y2S1\IT2011 AIML\My First AI Project\EfficientNetB3_Project\data\brain_tumor_mri\Training\pituitary_tumor\p (55).jpg,p (55).jpg,pituitary_tumor,Training,3,8ccc3587f290cda1f38abde88bffbeed31bc8d1b001ac3cb0b12f2dad00073f4
C:\Users\ransi\Documents\AA  SLIIT\Y2S1\IT2011 AIML\My First AI Project\EfficientNetB3_Project\data\brain_tumor_mri\Training\pituitary_tumor\p (396).jpg,p (396).jpg,pituitary_tumor,Training,3,31192e8feffb05ffcea2b0953cbf12adfe27829cbf596fc54d159e98ccb6f840
C:\Users\ransi\Documents\AA  SLIIT\Y2S1\IT2011 AIML\My First AI Project\EfficientNetB3_Project\data\brain_tumor_mri\Training\pituitary_tumor\p (471).jpg,p (471).jpg,pituitary_tumor,Training,3,1e7427e18eda9a569729c4617ebb6c0bb646baae199ff99c4586924c6d9bd1ef
C:\Users\ransi\Documents\AA  SLIIT\Y2S1\IT2011 AIML\My First AI Project\EfficientNetB3_Project\data\brain_tumor_mri\Training\glioma_tumor\gg (467).jpg,gg (467).jpg,glioma_tumor,Training,0,87c50a0e65b4e2bb193bff90cc3c9991acf191a38bdde8c0a3ad54a0db98c9c5
C:\Users\ransi\Documents\AA  SLIIT\Y2S1\IT2011 AIML\My First AI Project\EfficientNetB3_Project\data\brain_tumor_mri\Training\glioma_tumor\gg (598).jpg,gg (598).jpg,glioma_tumor,Training,0,e9b9c9fd27388210c8cd4fce7b51e863b6ec6be5c387da69af32cf8149e82734
C:\Users\ransi\Documents\AA  SLIIT\Y2S1\IT2011 AIML\My First AI Project\EfficientNetB3_Project\data\brain_tumor_mri\Training\pituitary_tumor\p (225).jpg,p (225).jpg,pituitary_tumor,Training,3,034fa02cddc4161d999241e4617fd1d1223249b8aeb76fd6f3e82349e33b41f0
C:\Users\ransi\Documents\AA  SLIIT\Y2S1\IT2011 AIML\My First AI Project\EfficientNetB3_Project\data\brain_tumor_mri\Training\no_tumor\image(271).jpg,image(271).jpg,no_tumor,Training,2,b509413a0acc8c116cabf3ba89af7be6e0b1ce1edcc9c73e24791d32204f5432
C:\Users\ransi\Documents\AA  SLIIT\Y2S1\IT2011 AIML\My First AI Project\EfficientNetB3_Project\data\brain_tumor_mri\Training\meningioma_tumor\m1(116).jpg,m1(116).jpg,meningioma_tumor,Training,1,820dbfd9b7449559802740a08ded8d506dbbad2abdda7293d3595bd9dcf4e746
C:\Users\ransi\Documents\AA  SLIIT\Y2S1\IT2011 AIML\My First AI Project\EfficientNetB3_Project\data\brain_tumor_mri\Testing\no_tumor\image(8).jpg,image(8).jpg,no_tumor,Testing,2,eaf5b3298bb7bd6f729b87c54e69eea87626d55f5853cba81ce2b7a537c4b344
C:\Users\ransi\Documents\AA  SLIIT\Y2S1\IT2011 AIML\My First AI Project\EfficientNetB3_Project\data\brain_tumor_mri\Training\pituitary_tumor\p (133).jpg,p (133).jpg,pituitary_tumor,Training,3,83f213d3d1f21f38bd43ad397774656ff87d0f1fe009b7a90ddad232aa70bb9e
C:\Users\ransi\Documents\AA  SLIIT\Y2S1\IT2011 AIML\My First AI Project\EfficientNetB3_Project\data\brain_tumor_mri\Training\no_tumor\image(142).jpg,image(142).jpg,no_tumor,Training,2,8c7a08207a2f8e5bf03ed590b3a482491a6abeb9b233a40604f3422065424112
C:\Users\ransi\Documents\AA  SLIIT\Y2S1\IT2011 AIML\My First AI Project\EfficientNetB3_Project\data\brain_tumor_mri\Training\meningioma_tumor\m3 (197).jpg,m3 (197).jpg,meningioma_tumor,Training,1,c4a25b274d286f6e57907083a061d5056c629fcb46bbd027091d4e6b396cd97f
C:\Users\ransi\Documents\AA  SLIIT\Y2S1\IT2011 AIML\My First AI Project\EfficientNetB3_Project\data\brain_tumor_mri\Training\no_tumor\image(44).jpg,image(44).jpg,no_tumor,Training,2,4f3c00ef520660295576c472a0cafc9f1bb400d736b352b736966af08bf09235
C:\Users\ransi\Documents\AA  SLIIT\Y2S1\IT2011 AIML\My First AI Project\EfficientNetB3_Project\data\brain_tumor_mri\Training\glioma_tumor\gg (197).jpg,gg (197).jpg,glioma_tumor,Training,0,f88690a7f5afb1774a3b665c7ca3efccd33841fcb5678f3123b8c551aadc3465
C:\Users\ransi\Documents\AA  SLIIT\Y2S1\IT2011 AIML\My First AI Project\EfficientNetB3_Project\data\brain_tumor_mri\Training\no_tumor\image(131).jpg,image(131).jpg,no_tumor,Training,2,f52723256dbca6ac3faab458e0f39e7c5a0d676feef3e689604c1437ba71eb63
C:\Users\ransi\Documents\AA  SLIIT\Y2S1\IT2011 AIML\My First AI Project\EfficientNetB3_Project\data\brain_tumor_mri\Testing\no_tumor\image.jpg,image.jpg,no_tumor,Testing,2,82a16900fbf15df713cae2a5d2c941f846c62322cc04ed7d01c313aada509c0f
C:\Users\ransi\Documents\AA  SLIIT\Y2S1\IT2011 AIML\My First AI Project\EfficientNetB3_Project\data\brain_tumor_mri\Training\meningioma_tumor\m (54).jpg,m (54).jpg,meningioma_tumor,Training,1,8e477b22a432230513900b6c20e47ece13faada26bd13988e20cfd405a523e7d
C:\Users\ransi\Documents\AA  SLIIT\Y2S1\IT2011 AIML\My First AI Project\EfficientNetB3_Project\data\brain_tumor_mri\Training\pituitary_tumor\p (534).jpg,p (534).jpg,pituitary_tumor,Training,3,aec694abf291378cd7ea72cf9ade0ebf0a48b8571edf8a4df58fbcff6001054a
C:\Users\ransi\Documents\AA  SLIIT\Y2S1\IT2011 AIML\My First AI Project\EfficientNetB3_Project\data\brain_tumor_mri\Training\glioma_tumor\gg (162).jpg,gg (162).jpg,glioma_tumor,Training,0,06b687b21759acb1b6be50d15a9014e35b86736e4ac81aec164d086bd3ccd401
C:\Users\ransi\Documents\AA  SLIIT\Y2S1\IT2011 AIML\My First AI Project\EfficientNetB3_Project\data\brain_tumor_mri\Training\pituitary_tumor\p (59).jpg,p (59).jpg,pituitary_tumor,Training,3,3eab9d2399e5d3b1e754f3e2a8c55f975d418947a4315501777e21c7e534675d
C:\Users\ransi\Documents\AA  SLIIT\Y2S1\IT2011 AIML\My First AI Project\EfficientNetB3_Project\data\brain_tumor_mri\Training\meningioma_tumor\m3 (7).jpg,m3 (7).jpg,meningioma_tumor,Training,1,9b071fdb3e6c5d1ce0ef24d2f98540618d5a5e6d79d7901adbe9401d3b3e6f27
C:\Users\ransi\Documents\AA  SLIIT\Y2S1\IT2011 AIML\My First AI Project\EfficientNetB3_Project\data\brain_tumor_mri\Training\pituitary_tumor\p (339).jpg,p (339).jpg,pituitary_tumor,Training,3,cb8a36f3c7bf08eae66ff50faea0f1ff616a2a8c087b9ef1ec52f96fbfd29f44
C:\Users\ransi\Documents\AA  SLIIT\Y2S1\IT2011 AIML\My First AI Project\EfficientNetB3_Project\data\brain_tumor_mri\Training\pituitary_tumor\p (205).jpg,p (205).jpg,pituitary_tumor,Training,3,81c7ef40437e991db214bcfd0552bc0215640a3dec9b82da622238ed23185e76
C:\Users\ransi\Documents\AA  SLIIT\Y2S1\IT2011 AIML\My First AI Project\EfficientNetB3_Project\data\brain_tumor_mri\Training\meningioma_tumor\m3 (247).jpg,m3 (247).jpg,meningioma_tumor,Training,1,0188e2a9b5e00ec418360252f5f6680497e439c232904950710eacebc6c19a61
C:\Users\ransi\Documents\AA  SLIIT\Y2S1\IT2011 AIML\My First AI Project\EfficientNetB3_Project\data\brain_tumor_mri\Training\glioma_tumor\gg (224).jpg,gg (224).jpg,glioma_tumor,Training,0,33fee54e0fb98d17306f6de19d7970ec705fe20e6e192685dda8582c7b6b385f
C:\Users\ransi\Documents\AA  SLIIT\Y2S1\IT2011 AIML\My First AI Project\EfficientNetB3_Project\data\brain_tumor_mri\Testing\meningioma_tumor\image(86).jpg,image(86).jpg,meningioma_tumor,Testing,1,776c01ae38336a0f10e1f54fc77e2f307a60c904daaf11713015db72378c54f8
C:\Users\ransi\Documents\AA  SLIIT\Y2S1\IT2011 AIML\My First AI Project\EfficientNetB3_Project\data\brain_tumor_mri\Training\meningioma_tumor\m2 (102).jpg,m2 (102).jpg,meningioma_tumor,Training,1,8feb59bec50cc92d714f81222f6ab98f645ddf560e65e2fa74f9e998f2ea8572
C:\Users\ransi\Documents\AA  SLIIT\Y2S1\IT2011 AIML\My First AI Project\EfficientNetB3_Project\data\brain_tumor_mri\Training\glioma_tumor\gg (663).jpg,gg (663).jpg,glioma_tumor,Training,0,f8298df723feb82f76e4003988e8d8ec9c832915541e424f97e133eb2b016edc
C:\Users\ransi\Documents\AA  SLIIT\Y2S1\IT2011 AIML\My First AI Project\EfficientNetB3_Project\data\brain_tumor_mri\Training\pituitary_tumor\p (200).jpg,p (200).jpg,pituitary_tumor,Training,3,c6abfbc5ea797c3ba4d75d17bd2ac8798a2f9b58f6633a4396616f3de9655922
C:\Users\ransi\Documents\AA  SLIIT\Y2S1\IT2011 AIML\My First AI Project\EfficientNetB3_Project\data\brain_tumor_mri\Training\meningioma_tumor\m2 (129).jpg,m2 (129).jpg,meningioma_tumor,Training,1,9d45456a3d961891376c61c6cab8cec85ad07b0f5b7e9d6ed295b05632f30163
C:\Users\ransi\Documents\AA  SLIIT\Y2S1\IT2011 AIML\My First AI Project\EfficientNetB3_Project\data\brain_tumor_mri\Training\meningioma_tumor\m3 (191).jpg,m3 (191).jpg,meningioma_tumor,Training,1,e2eb13ce6a481e672122c895f9418f0426d9016530674b50c67b097033a75ae9
C:\Users\ransi\Documents\AA  SLIIT\Y2S1\IT2011 AIML\My First AI Project\EfficientNetB3_Project\data\brain_tumor_mri\Training\no_tumor\image(12).jpg,image(12).jpg,no_tumor,Training,2,19d1e5fece32f25cffe40d78ee005f41ff3c2598c7765ed122ffb29518274326
C:\Users\ransi\Documents\AA  SLIIT\Y2S1\IT2011 AIML\My First AI Project\EfficientNetB3_Project\data\brain_tumor_mri\Training\glioma_tumor\gg (765).jpg,gg (765).jpg,glioma_tumor,Training,0,b8cabb32395fbd9010ec802e4863b93d9ea997a77ebd5391c2ca11ea304ee9d3
C:\Users\ransi\Documents\AA  SLIIT\Y2S1\IT2011 AIML\My First AI Project\EfficientNetB3_Project\data\brain_tumor_mri\Training\meningioma_tumor\m (45).jpg,m (45).jpg,meningioma_tumor,Training,1,99118c9fa6e6f8b9d5d8a1136fcb3bddf0d3b0211118f343c30e2c3571f2fad3
C:\Users\ransi\Documents\AA  SLIIT\Y2S1\IT2011 AIML\My First AI Project\EfficientNetB3_Project\data\brain_tumor_mri\Training\glioma_tumor\gg (119).jpg,gg (119).jpg,glioma_tumor,Training,0,25578be64aef7899d37365ac9bf07b70d5449fab4d4e2eea1f14f389c1edb8f0
C:\Users\ransi\Documents\AA  SLIIT\Y2S1\IT2011 AIML\My First AI Project\EfficientNetB3_Project\data\brain_tumor_mri\Training\meningioma_tumor\m2 (164).jpg,m2 (164).jpg,meningioma_tumor,Training,1,d1fbe24437fc4cb49d06fb69801cbf603ccc899c93f167d4e661e319ed1f60c3
C:\Users\ransi\Documents\AA  SLIIT\Y2S1\IT2011 AIML\My First AI Project\EfficientNetB3_Project\data\brain_tumor_mri\Training\no_tumor\image(190).jpg,image(190).jpg,no_tumor,Training,2,a3d86920c0bc02e0c062091ab21078a4387ed519b881c89568ab969d3dc37d33
C:\Users\ransi\Documents\AA  SLIIT\Y2S1\IT2011 AIML\My First AI Project\EfficientNetB3_Project\data\brain_tumor_mri\Training\pituitary_tumor\p (693).jpg,p (693).jpg,pituitary_tumor,Training,3,fad7250ac04f17ff8976b44a3a889dd4bf0ec7a76d1f471bd09471409a1b578d
C:\Users\ransi\Documents\AA  SLIIT\Y2S1\IT2011 AIML\My First AI Project\EfficientNetB3_Project\data\brain_tumor_mri\Training\glioma_tumor\gg (420).jpg,gg (420).jpg,glioma_tumor,Training,0,6ee4ebaf266b93e91e0118f53b8866bcf244e3b3cd9954a196b13cf8bdfdcf11
C:\Users\ransi\Documents\AA  SLIIT\Y2S1\IT2011 AIML\My First AI Project\EfficientNetB3_Project\data\brain_tumor_mri\Training\glioma_tumor\gg (584).jpg,gg (584).jpg,glioma_tumor,Training,0,2532f322626c1fea0d2c6562cf41611c38aff9c9aef2a5c56372414de0cf1332
C:\Users\ransi\Documents\AA  SLIIT\Y2S1\IT2011 AIML\My First AI Project\EfficientNetB3_Project\data\brain_tumor_mri\Training\no_tumor\image (17).jpg,image (17).jpg,no_tumor,Training,2,6296fc94ca1dba543a77ac0312ae4eda86053a44d81a9151e77e1e6b90bd91d3
C:\Users\ransi\Documents\AA  SLIIT\Y2S1\IT2011 AIML\My First AI Project\EfficientNetB3_Project\data\brain_tumor_mri\Training\no_tumor\image(294).jpg,image(294).jpg,no_tumor,Training,2,4984bb79a4b6f8bbe65f017c74fd7c1dce3f24d94cc9d33f92e22b441a0866ca
C:\Users\ransi\Documents\AA  SLIIT\Y2S1\IT2011 AIML\My First AI Project\EfficientNetB3_Project\data\brain_tumor_mri\Training\meningioma_tumor\m (109).jpg,m (109).jpg,meningioma_tumor,Training,1,95230820a8e400b07c2a163b33753186a7330eb861590c52f87265b80a876d63
C:\Users\ransi\Documents\AA  SLIIT\Y2S1\IT2011 AIML\My First AI Project\EfficientNetB3_Project\data\brain_tumor_mri\Training\glioma_tumor\gg (135).jpg,gg (135).jpg,glioma_tumor,Training,0,e2d667f9ea38869633912181ac6a5647570aa4c5d87e93668ac395fbc58a72cf
C:\Users\ransi\Documents\AA  SLIIT\Y2S1\IT2011 AIML\My First AI Project\EfficientNetB3_Project\data\brain_tumor_mri\Training\no_tumor\image (30).jpg,image (30).jpg,no_tumor,Training,2,ee17905768c01705c6abcc330d664f063c5ceada4e3ea6722be796cc9bc9986f
C:\Users\ransi\Documents\AA  SLIIT\Y2S1\IT2011 AIML\My First AI Project\EfficientNetB3_Project\data\brain_tumor_mri\Training\meningioma_tumor\m (173).jpg,m (173).jpg,meningioma_tumor,Training,1,92d4f4663661fdee2af01b2fea32bdad27e7270d1470fb3327bbe189636bf232
C:\Users\ransi\Documents\AA  SLIIT\Y2S1\IT2011 AIML\My First AI Project\EfficientNetB3_Project\data\brain_tumor_mri\Training\meningioma_tumor\m1(66).jpg,m1(66).jpg,meningioma_tumor,Training,1,062b24144862cbad5348c5ba7afe57498134617b568ca061bdbe1b77805f1a28
C:\Users\ransi\Documents\AA  SLIIT\Y2S1\IT2011 AIML\My First AI Project\EfficientNetB3_Project\data\brain_tumor_mri\Testing\meningioma_tumor\image(5).jpg,image(5).jpg,meningioma_tumor,Testing,1,2e60df06c0a37aa6f08fa9c4ab43f2cd32065992aa9f4bda90b7841837b452b2
C:\Users\ransi\Documents\AA  SLIIT\Y2S1\IT2011 AIML\My First AI Project\EfficientNetB3_Project\data\brain_tumor_mri\Training\glioma_tumor\gg (339).jpg,gg (339).jpg,glioma_tumor,Training,0,93c9e29a7954430eef2f779e64f24495e7d0df6994dc6632a1ae7cd27c42d752
C:\Users\ransi\Documents\AA  SLIIT\Y2S1\IT2011 AIML\My First AI Project\EfficientNetB3_Project\data\brain_tumor_mri\Training\pituitary_tumor\p (643).jpg,p (643).jpg,pituitary_tumor,Training,3,2ef5ee3a753e06b1cbaf151c1ba493506921b1e41e0ed49184ec045035616ab1
C:\Users\ransi\Documents\AA  SLIIT\Y2S1\IT2011 AIML\My First AI Project\EfficientNetB3_Project\data\brain_tumor_mri\Training\meningioma_tumor\m3 (145).jpg,m3 (145).jpg,meningioma_tumor,Training,1,7145b21317f3aaaf1d5d68132cbaaca5b7cdf4042e1b7ecf3c4c95b405a06655
C:\Users\ransi\Documents\AA  SLIIT\Y2S1\IT2011 AIML\My First AI Project\EfficientNetB3_Project\data\brain_tumor_mri\Training\glioma_tumor\gg (466).jpg,gg (466).jpg,glioma_tumor,Training,0,fa5f3aad345b45d50867882646809455debb9ead94f10b42a2d8b89c89b16411
C:\Users\ransi\Documents\AA  SLIIT\Y2S1\IT2011 AIML\My First AI Project\EfficientNetB3_Project\data\brain_tumor_mri\Training\glioma_tumor\gg (734).jpg,gg (734).jpg,glioma_tumor,Training,0,918c257de6114836db396fc545e99857704f54380137a4533cad930781b49429
C:\Users\ransi\Documents\AA  SLIIT\Y2S1\IT2011 AIML\My First AI Project\EfficientNetB3_Project\data\brain_tumor_mri\Training\no_tumor\image(108).jpg,image(108).jpg,no_tumor,Training,2,23794834130a37699051efa29c29b9af12ae94b6a65d3957d7f9ad667f9bdf0f
C:\Users\ransi\Documents\AA  SLIIT\Y2S1\IT2011 AIML\My First AI Project\EfficientNetB3_Project\data\brain_tumor_mri\Training\meningioma_tumor\m2 (57).jpg,m2 (57).jpg,meningioma_tumor,Training,1,51a3d200ffc686c218920be8714ced3854858bf9e8f4a0849d3367ff16b20a0c
C:\Users\ransi\Documents\AA  SLIIT\Y2S1\IT2011 AIML\My First AI Project\EfficientNetB3_Project\data\brain_tumor_mri\Training\pituitary_tumor\p (524).jpg,p (524).jpg,pituitary_tumor,Training,3,7d5fd4745b9a6ce5cdcf9b2d1dd31c6e36a1a9e1aec63e656369022dd0cd9a7c
C:\Users\ransi\Documents\AA  SLIIT\Y2S1\IT2011 AIML\My First AI Project\EfficientNetB3_Project\data\brain_tumor_mri\Training\glioma_tumor\gg (485).jpg,gg (485).jpg,glioma_tumor,Training,0,3c8947a38b3692c3211cf6bd807c1ee46431bbe524339e0faff461811f2b13dd
C:\Users\ransi\Documents\AA  SLIIT\Y2S1\IT2011 AIML\My First AI Project\EfficientNetB3_Project\data\brain_tumor_mri\Training\glioma_tumor\gg (26).jpg,gg (26).jpg,glioma_tumor,Training,0,9996a9bb7d033f897641ea8c75a434c64879af931072d037b356e5be41ecb922
C:\Users\ransi\Documents\AA  SLIIT\Y2S1\IT2011 AIML\My First AI Project\EfficientNetB3_Project\data\brain_tumor_mri\Training\pituitary_tumor\p (537).jpg,p (537).jpg,pituitary_tumor,Training,3,cae5bc54935b055a2082ffdd505abe014160234770705edccddb0f9f91e968ff
C:\Users\ransi\Documents\AA  SLIIT\Y2S1\IT2011 AIML\My First AI Project\EfficientNetB3_Project\data\brain_tumor_mri\Training\pituitary_tumor\p (644).jpg,p (644).jpg,pituitary_tumor,Training,3,0d50d81e9b33e55e1edb0caf63b7285a7abdc8aa5c35fbd097eb82b6b248f23a
C:\Users\ransi\Documents\AA  SLIIT\Y2S1\IT2011 AIML\My First AI Project\EfficientNetB3_Project\data\brain_tumor_mri\Training\meningioma_tumor\m2 (82).jpg,m2 (82).jpg,meningioma_tumor,Training,1,9968ef63ad5b6d4f9eedf235d7add29bec13119d38246ddd7b6943c5c9dc19fe
C:\Users\ransi\Documents\AA  SLIIT\Y2S1\IT2011 AIML\My First AI Project\EfficientNetB3_Project\data\brain_tumor_mri\Training\meningioma_tumor\m1(132).jpg,m1(132).jpg,meningioma_tumor,Training,1,556f561ec1c7743e7a8dfec5de7d34c0ab28e60352c21c677b2bb7354baeff1f
C:\Users\ransi\Documents\AA  SLIIT\Y2S1\IT2011 AIML\My First AI Project\EfficientNetB3_Project\data\brain_tumor_mri\Training\meningioma_tumor\m1(81).jpg,m1(81).jpg,meningioma_tumor,Training,1,8e265544429e2a8680e6678e4bbc97f66cbd761b24876ebcfac197e896aff74b
C:\Users\ransi\Documents\AA  SLIIT\Y2S1\IT2011 AIML\My First AI Project\EfficientNetB3_Project\data\brain_tumor_mri\Training\meningioma_tumor\m2 (38).jpg,m2 (38).jpg,meningioma_tumor,Training,1,c674eb35607b0105546653d09514a639ac1c2b2b51fb246b1b536358c1ea5c72
C:\Users\ransi\Documents\AA  SLIIT\Y2S1\IT2011 AIML\My First AI Project\EfficientNetB3_Project\data\brain_tumor_mri\Training\glioma_tumor\gg (268).jpg,gg (268).jpg,glioma_tumor,Training,0,26bf2aa7d56887b956fa53fa088339cb80f6bd108cf35e3a256ec28dafc7b64c
C:\Users\ransi\Documents\AA  SLIIT\Y2S1\IT2011 AIML\My First AI Project\EfficientNetB3_Project\data\brain_tumor_mri\Training\pituitary_tumor\p (714).jpg,p (714).jpg,pituitary_tumor,Training,3,ea11d00c1dce521b3c1375cbdf87f0ef268708e1167d44c9f6d1f2caf53e0c6d
C:\Users\ransi\Documents\AA  SLIIT\Y2S1\IT2011 AIML\My First AI Project\EfficientNetB3_Project\data\brain_tumor_mri\Training\pituitary_tumor\p (468).jpg,p (468).jpg,pituitary_tumor,Training,3,fdc15001c8c628d30d5b4d769cd6e2e5bfb80687f0dfd4a46dce48409a7c8f7e
C:\Users\ransi\Documents\AA  SLIIT\Y2S1\IT2011 AIML\My First AI Project\EfficientNetB3_Project\data\brain_tumor_mri\Training\meningioma_tumor\m2 (12).jpg,m2 (12).jpg,meningioma_tumor,Training,1,e24e3035ac225092a30a9fd0e9c3a2445db45a4fef4cfd709e92886f9c80dba9
C:\Users\ransi\Documents\AA  SLIIT\Y2S1\IT2011 AIML\My First AI Project\EfficientNetB3_Project\data\brain_tumor_mri\Training\pituitary_tumor\p (541).jpg,p (541).jpg,pituitary_tumor,Training,3,603857b3e7a0653753e5304fed14dcde90caba1d24259f3449dbe98ff75326ad
C:\Users\ransi\Documents\AA  SLIIT\Y2S1\IT2011 AIML\My First AI Project\EfficientNetB3_Project\data\brain_tumor_mri\Training\pituitary_tumor\p (742).jpg,p (742).jpg,pituitary_tumor,Training,3,02799f7863d49de182357e72179f3cc4e65e70099355f2d5aa2e39d356e492d9
C:\Users\ransi\Documents\AA  SLIIT\Y2S1\IT2011 AIML\My First AI Project\EfficientNetB3_Project\data\brain_tumor_mri\Training\pituitary_tumor\p (549).jpg,p (549).jpg,pituitary_tumor,Training,3,0b6aecf17d845b06faae1131b291236b4a0e543810b9e0b25fc9ba635d5a236d
C:\Users\ransi\Documents\AA  SLIIT\Y2S1\IT2011 AIML\My First AI Project\EfficientNetB3_Project\data\brain_tumor_mri\Testing\glioma_tumor\image(31).jpg,image(31).jpg,glioma_tumor,Testing,0,c3e0dfa4276ce9ec6db117fa83397c51ba751c0031b7ee044b682e34b5a82100
C:\Users\ransi\Documents\AA  SLIIT\Y2S1\IT2011 AIML\My First AI Project\EfficientNetB3_Project\data\brain_tumor_mri\Testing\meningioma_tumor\image(98).jpg,image(98).jpg,meningioma_tumor,Testing,1,c5ec0715901e8f65020aeb24537aa586c2b89574687d446b6cac805cfe2f85ab
C:\Users\ransi\Documents\AA  SLIIT\Y2S1\IT2011 AIML\My First AI Project\EfficientNetB3_Project\data\brain_tumor_mri\Training\meningioma_tumor\m3 (199).jpg,m3 (199).jpg,meningioma_tumor,Training,1,09e1ce2c903e3fdc1b11be4bce0e219654b908c0d1439a2f6d62891608c4c58c
C:\Users\ransi\Documents\AA  SLIIT\Y2S1\IT2011 AIML\My First AI Project\EfficientNetB3_Project\data\brain_tumor_mri\Testing\meningioma_tumor\image(23).jpg,image(23).jpg,meningioma_tumor,Testing,1,8288cd2152fc6daeaf7da557eca1d0f2e9e72367ee10b4c5e09248597637e82a
C:\Users\ransi\Documents\AA  SLIIT\Y2S1\IT2011 AIML\My First AI Project\EfficientNetB3_Project\data\brain_tumor_mri\Testing\meningioma_tumor\image(90).jpg,image(90).jpg,meningioma_tumor,Testing,1,67783a1aeb696e36c1be2bc1af3c0a02d3f61d32248b5bfa2840b22a72b8484e
C:\Users\ransi\Documents\AA  SLIIT\Y2S1\IT2011 AIML\My First AI Project\EfficientNetB3_Project\data\brain_tumor_mri\Training\no_tumor\image(284).jpg,image(284).jpg,no_tumor,Training,2,a730dc01bde0288d92f3d175a1863c652162a8006964884a24b41ccaac5cbacd
C:\Users\ransi\Documents\AA  SLIIT\Y2S1\IT2011 AIML\My First AI Project\EfficientNetB3_Project\data\brain_tumor_mri\Training\no_tumor\image(88).jpg,image(88).jpg,no_tumor,Training,2,57f0ab999116e22dc6cc7dc18d28b4fe2a09efd9046d62cdf2c617d0ce77b7b2
C:\Users\ransi\Documents\AA  SLIIT\Y2S1\IT2011 AIML\My First AI Project\EfficientNetB3_Project\data\brain_tumor_mri\Training\pituitary_tumor\p (467).jpg,p (467).jpg,pituitary_tumor,Training,3,0a460f8b5dc7a944d20023245fae69c49f08753986de3a9a79b31cc156b7eb1e
C:\Users\ransi\Documents\AA  SLIIT\Y2S1\IT2011 AIML\My First AI Project\EfficientNetB3_Project\data\brain_tumor_mri\Training\meningioma_tumor\m1(160).jpg,m1(160).jpg,meningioma_tumor,Training,1,e06cbd846ceb5fc12ef5b7407d421fe2ed2641de68cdfc6ba64ea4bfa85d8fcc
C:\Users\ransi\Documents\AA  SLIIT\Y2S1\IT2011 AIML\My First AI Project\EfficientNetB3_Project\data\brain_tumor_mri\Testing\glioma_tumor\image(71).jpg,image(71).jpg,glioma_tumor,Testing,0,8872585c004347ea73fad063e407998e62786cc8d7a0938ad85792f19a55eb0a
C:\Users\ransi\Documents\AA  SLIIT\Y2S1\IT2011 AIML\My First AI Project\EfficientNetB3_Project\data\brain_tumor_mri\Training\meningioma_tumor\m1(48).jpg,m1(48).jpg,meningioma_tumor,Training,1,a6069f1603466549c1e6e80a46bd6c632b97a9f5064cfd6ee0e5f6f81f32a01d
C:\Users\ransi\Documents\AA  SLIIT\Y2S1\IT2011 AIML\My First AI Project\EfficientNetB3_Project\data\brain_tumor_mri\Testing\glioma_tumor\image(73).jpg,image(73).jpg,glioma_tumor,Testing,0,c0c254d72361be063b495da81e77f92c7c6c8a5d1ba65b724049102be9529488
C:\Users\ransi\Documents\AA  SLIIT\Y2S1\IT2011 AIML\My First AI Project\EfficientNetB3_Project\data\brain_tumor_mri\Training\glioma_tumor\gg (490).jpg,gg (490).jpg,glioma_tumor,Training,0,62c504d72dbc0c22c20250ff8ff27a39e14fe7a77d852a46f9345fe66f9a65df
C:\Users\ransi\Documents\AA  SLIIT\Y2S1\IT2011 AIML\My First AI Project\EfficientNetB3_Project\data\brain_tumor_mri\Testing\no_tumor\image(63).jpg,image(63).jpg,no_tumor,Testing,2,18cfaf6cee35ef130675d36429a4d0d9d944cef9942c203b01975b7130ff6df5
C:\Users\ransi\Documents\AA  SLIIT\Y2S1\IT2011 AIML\My First AI Project\EfficientNetB3_Project\data\brain_tumor_mri\Testing\pituitary_tumor\image(64).jpg,image(64).jpg,pituitary_tumor,Testing,3,53446ebefbb558643e11fe7ecf3059737e2814172797c680e50463dd03656fdf
C:\Users\ransi\Documents\AA  SLIIT\Y2S1\IT2011 AIML\My First AI Project\EfficientNetB3_Project\data\brain_tumor_mri\Training\no_tumor\image(313).jpg,image(313).jpg,no_tumor,Training,2,de4262277efb99566dbd4ef736866baf2f04cc511c557ee6037d655b4e3c8d23
C:\Users\ransi\Documents\AA  SLIIT\Y2S1\IT2011 AIML\My First AI Project\EfficientNetB3_Project\data\brain_tumor_mri\Training\glioma_tumor\gg (532).jpg,gg (532).jpg,glioma_tumor,Training,0,dfc61077eb8b84e7b3ea1f0cfdc867accfab142958d4075e5ba6a653015cfbee
C:\Users\ransi\Documents\AA  SLIIT\Y2S1\IT2011 AIML\My First AI Project\EfficientNetB3_Project\data\brain_tumor_mri\Training\pituitary_tumor\p (213).jpg,p (213).jpg,pituitary_tumor,Training,3,14fb1c17d91efa30b2b00c22970cc73817a7a9eb489329fbcc0b35206eaaea51
C:\Users\ransi\Documents\AA  SLIIT\Y2S1\IT2011 AIML\My First AI Project\EfficientNetB3_Project\data\brain_tumor_mri\Training\pituitary_tumor\p (282).jpg,p (282).jpg,pituitary_tumor,Training,3,8dd4f013fd797381cdcfebe8f00c7107b5d1d97a62c04df86824d7ef98d8c64f
C:\Users\ransi\Documents\AA  SLIIT\Y2S1\IT2011 AIML\My First AI Project\EfficientNetB3_Project\data\brain_tumor_mri\Training\glioma_tumor\gg (370).jpg,gg (370).jpg,glioma_tumor,Training,0,8c63ea813d75ac9ef69649530d510cc1336494e78b28060477ac725f19efb68a
C:\Users\ransi\Documents\AA  SLIIT\Y2S1\IT2011 AIML\My First AI Project\EfficientNetB3_Project\data\brain_tumor_mri\Training\pituitary_tumor\p (230).jpg,p (230).jpg,pituitary_tumor,Training,3,be1b0d02304dc1a217826b1659f7349e926b9d08ac28feeb6ec6cbfbc202944d
C:\Users\ransi\Documents\AA  SLIIT\Y2S1\IT2011 AIML\My First AI Project\EfficientNetB3_Project\data\brain_tumor_mri\Training\meningioma_tumor\m1(46).jpg,m1(46).jpg,meningioma_tumor,Training,1,afd2334a13bce212dd22ac3ab2bb662a2e334d470ecf02152b09b3862aa3c791
C:\Users\ransi\Documents\AA  SLIIT\Y2S1\IT2011 AIML\My First AI Project\EfficientNetB3_Project\data\brain_tumor_mri\Training\pituitary_tumor\p (803).jpg,p (803).jpg,pituitary_tumor,Training,3,4f50ceba4e5670e0b94aa4527280a79a6414a8a77e8c2fb0fd1edd4ea8f9e238
C:\Users\ransi\Documents\AA  SLIIT\Y2S1\IT2011 AIML\My First AI Project\EfficientNetB3_Project\data\brain_tumor_mri\Training\glioma_tumor\gg (451).jpg,gg (451).jpg,glioma_tumor,Training,0,15016aa044037113cabbb52b2d3176b286beeabdd10e78e26e5daab1263d8c5e
C:\Users\ransi\Documents\AA  SLIIT\Y2S1\IT2011 AIML\My First AI Project\EfficientNetB3_Project\data\brain_tumor_mri\Training\no_tumor\image(205).jpg,image(205).jpg,no_tumor,Training,2,92477bd71863c6bb92a759c01baf1da541f95a14748204a33319cd7fb5201ed2
C:\Users\ransi\Documents\AA  SLIIT\Y2S1\IT2011 AIML\My First AI Project\EfficientNetB3_Project\data\brain_tumor_mri\Testing\no_tumor\image(99).jpg,image(99).jpg,no_tumor,Testing,2,affc1b4d529e3c1f06052e6fe5d27ef659071f0c1b14b4197c6d2c4f30ae93bb
C:\Users\ransi\Documents\AA  SLIIT\Y2S1\IT2011 AIML\My First AI Project\EfficientNetB3_Project\data\brain_tumor_mri\Training\pituitary_tumor\p (8).jpg,p (8).jpg,pituitary_tumor,Training,3,29ce9014057d30ecb39df96566b8350d9bca30703e5142df7954a9b8dca8976c
C:\Users\ransi\Documents\AA  SLIIT\Y2S1\IT2011 AIML\My First AI Project\EfficientNetB3_Project\data\brain_tumor_mri\Training\no_tumor\image (21).jpg,image (21).jpg,no_tumor,Training,2,7ed6a811bd909ad0ff886e4f72f0a05f58e63cdfd2cc7284a7bf08c83089c6cb
C:\Users\ransi\Documents\AA  SLIIT\Y2S1\IT2011 AIML\My First AI Project\EfficientNetB3_Project\data\brain_tumor_mri\Training\meningioma_tumor\m1(83).jpg,m1(83).jpg,meningioma_tumor,Training,1,9cddc38f5a2f142978a0dc686fa1df7431f958f3b46be5e8b905d16c7c4cd8e6
C:\Users\ransi\Documents\AA  SLIIT\Y2S1\IT2011 AIML\My First AI Project\EfficientNetB3_Project\data\brain_tumor_mri\Training\no_tumor\image(20).jpg,image(20).jpg,no_tumor,Training,2,d07ac7d4c62a45c3ca88e4b57cf485acd22b5d5f5e519110f769eb0cd9169d47
C:\Users\ransi\Documents\AA  SLIIT\Y2S1\IT2011 AIML\My First AI Project\EfficientNetB3_Project\data\brain_tumor_mri\Training\meningioma_tumor\m (100).jpg,m (100).jpg,meningioma_tumor,Training,1,f0a192cd7c99edb918c133feedf77cc440f57e7eaa937c6f986ff21963b6bbed
C:\Users\ransi\Documents\AA  SLIIT\Y2S1\IT2011 AIML\My First AI Project\EfficientNetB3_Project\data\brain_tumor_mri\Training\meningioma_tumor\m1(45).jpg,m1(45).jpg,meningioma_tumor,Training,1,ba5d4ce75335ff903a177e8a651422ce137dec4db910edddcdc8cc4b7c90e782
C:\Users\ransi\Documents\AA  SLIIT\Y2S1\IT2011 AIML\My First AI Project\EfficientNetB3_Project\data\brain_tumor_mri\Training\glioma_tumor\gg (516).jpg,gg (516).jpg,glioma_tumor,Training,0,957d9d48865d42714bfb1ffdf7e1e3667cfabf4687f42bc62331e3e3ef246df4
C:\Users\ransi\Documents\AA  SLIIT\Y2S1\IT2011 AIML\My First AI Project\EfficientNetB3_Project\data\brain_tumor_mri\Training\glioma_tumor\gg (74).jpg,gg (74).jpg,glioma_tumor,Training,0,6a3dca58d8d79dc369bafb0c2a7011be91b264dcc4e16bb29039483d115d4b45
C:\Users\ransi\Documents\AA  SLIIT\Y2S1\IT2011 AIML\My First AI Project\EfficientNetB3_Project\data\brain_tumor_mri\Training\meningioma_tumor\m2 (145).jpg,m2 (145).jpg,meningioma_tumor,Training,1,1434e15d6bb08099f3610f5a96f92ba8a0627576f6f683c4d7090b3b20ed3542
C:\Users\ransi\Documents\AA  SLIIT\Y2S1\IT2011 AIML\My First AI Project\EfficientNetB3_Project\data\brain_tumor_mri\Training\meningioma_tumor\m1(105).jpg,m1(105).jpg,meningioma_tumor,Training,1,2aa8a4fe434572ac49e227350a72c6b1bb148b4f41fe6226399b36239e01283f
C:\Users\ransi\Documents\AA  SLIIT\Y2S1\IT2011 AIML\My First AI Project\EfficientNetB3_Project\data\brain_tumor_mri\Training\meningioma_tumor\m1(99).jpg,m1(99).jpg,meningioma_tumor,Training,1,23f28ae3e7fa2f1560f4d1a399198490c4516ca9e5c9e8e54cc54494adc26b22
C:\Users\ransi\Documents\AA  SLIIT\Y2S1\IT2011 AIML\My First AI Project\EfficientNetB3_Project\data\brain_tumor_mri\Training\pituitary_tumor\p (658).jpg,p (658).jpg,pituitary_tumor,Training,3,130b423db0534d535ac335bf4124cbdd57307c12b7350c033308a1930793c32f
C:\Users\ransi\Documents\AA  SLIIT\Y2S1\IT2011 AIML\My First AI Project\EfficientNetB3_Project\data\brain_tumor_mri\Training\no_tumor\image(75).jpg,image(75).jpg,no_tumor,Training,2,25dbc9664f03a7af82b74aec6c5497cd94dc5f6f639907656725d0ac88cfd111
C:\Users\ransi\Documents\AA  SLIIT\Y2S1\IT2011 AIML\My First AI Project\EfficientNetB3_Project\data\brain_tumor_mri\Training\pituitary_tumor\p (805).jpg,p (805).jpg,pituitary_tumor,Training,3,956b33372919ef872dca162d06e1b4e1c98f78ab282fc39217bcabbd9d8e781c
C:\Users\ransi\Documents\AA  SLIIT\Y2S1\IT2011 AIML\My First AI Project\EfficientNetB3_Project\data\brain_tumor_mri\Training\pituitary_tumor\p (365).jpg,p (365).jpg,pituitary_tumor,Training,3,ee1f01512eaf7c962888aa9f2b772a524c6edc53fadb5d4d9f7f138d522f1da8
C:\Users\ransi\Documents\AA  SLIIT\Y2S1\IT2011 AIML\My First AI Project\EfficientNetB3_Project\data\brain_tumor_mri\Training\meningioma_tumor\m (91).jpg,m (91).jpg,meningioma_tumor,Training,1,622644677145b5202656ca1d281cc6680c12f440a077e4af7f5e85493a1b890f
C:\Users\ransi\Documents\AA  SLIIT\Y2S1\IT2011 AIML\My First AI Project\EfficientNetB3_Project\data\brain_tumor_mri\Training\no_tumor\image(17).jpg,image(17).jpg,no_tumor,Training,2,6df56cc8a677bbc089ccb7f85e5f40b665a551aa28c7f2fffffcaddf521ed503
C:\Users\ransi\Documents\AA  SLIIT\Y2S1\IT2011 AIML\My First AI Project\EfficientNetB3_Project\data\brain_tumor_mri\Training\meningioma_tumor\m (55).jpg,m (55).jpg,meningioma_tumor,Training,1,95a10d9a5b0ce4020b91c4266233efe02343e8359ead5c743552ec2c842936f4
C:\Users\ransi\Documents\AA  SLIIT\Y2S1\IT2011 AIML\My First AI Project\EfficientNetB3_Project\data\brain_tumor_mri\Training\no_tumor\8.jpg,8.jpg,no_tumor,Training,2,88aba8f5a882187bc3df678f2b3a88c6c59cec1c01fb732e5671a5ffb6a494d7
C:\Users\ransi\Documents\AA  SLIIT\Y2S1\IT2011 AIML\My First AI Project\EfficientNetB3_Project\data\brain_tumor_mri\Training\pituitary_tumor\p (138).jpg,p (138).jpg,pituitary_tumor,Training,3,857318e9eb1f335d05f4700258466a78972a3e147365b2e3d0405def9eee3d26
C:\Users\ransi\Documents\AA  SLIIT\Y2S1\IT2011 AIML\My First AI Project\EfficientNetB3_Project\data\brain_tumor_mri\Testing\no_tumor\image(50).jpg,image(50).jpg,no_tumor,Testing,2,733e77e4b6da2d851bddbf9cf2768c02db39d5fa0f7be61fdbcb9d1e044abb76
C:\Users\ransi\Documents\AA  SLIIT\Y2S1\IT2011 AIML\My First AI Project\EfficientNetB3_Project\data\brain_tumor_mri\Training\meningioma_tumor\m2 (173).jpg,m2 (173).jpg,meningioma_tumor,Training,1,a372d8c6924c24613af73093d77cd978330f6eac3efc17af86aa9442f941c2d0
C:\Users\ransi\Documents\AA  SLIIT\Y2S1\IT2011 AIML\My First AI Project\EfficientNetB3_Project\data\brain_tumor_mri\Training\pituitary_tumor\p (499).jpg,p (499).jpg,pituitary_tumor,Training,3,670cf710521bcdd224c3c569aba35f5cecc60c661f498d267dad4e5fdf113ac3
C:\Users\ransi\Documents\AA  SLIIT\Y2S1\IT2011 AIML\My First AI Project\EfficientNetB3_Project\data\brain_tumor_mri\Training\meningioma_tumor\m2 (133).jpg,m2 (133).jpg,meningioma_tumor,Training,1,a3acd2c91b58b3838d09b1a86aeaeaad1ee82f1b7f6b50b630dafc18082d27cb
C:\Users\ransi\Documents\AA  SLIIT\Y2S1\IT2011 AIML\My First AI Project\EfficientNetB3_Project\data\brain_tumor_mri\Training\no_tumor\image(13).jpg,image(13).jpg,no_tumor,Training,2,5dc458fca643f408eb0da30575e47f363f70ce78a3a14f1b8452139696512b00
C:\Users\ransi\Documents\AA  SLIIT\Y2S1\IT2011 AIML\My First AI Project\EfficientNetB3_Project\data\brain_tumor_mri\Training\pituitary_tumor\p (371).jpg,p (371).jpg,pituitary_tumor,Training,3,985becedd72bb864ddefbec92e3cd20ca023b108111116dfd96356e443452922
C:\Users\ransi\Documents\AA  SLIIT\Y2S1\IT2011 AIML\My First AI Project\EfficientNetB3_Project\data\brain_tumor_mri\Testing\pituitary_tumor\image(94).jpg,image(94).jpg,pituitary_tumor,Testing,3,ac76926d9f73fd42c57092e3f991abe3036320552092ebf8d69d60d736a93622
C:\Users\ransi\Documents\AA  SLIIT\Y2S1\IT2011 AIML\My First AI Project\EfficientNetB3_Project\data\brain_tumor_mri\Testing\glioma_tumor\image(81).jpg,image(81).jpg,glioma_tumor,Testing,0,a629aadd24c31daa08d9e79dce6c1dfcfa77ac95775b4683ec29663c61cbf9dd
C:\Users\ransi\Documents\AA  SLIIT\Y2S1\IT2011 AIML\My First AI Project\EfficientNetB3_Project\data\brain_tumor_mri\Training\glioma_tumor\gg (239).jpg,gg (239).jpg,glioma_tumor,Training,0,92ca524c3cb0b0cf8def7a7f8c29df6bb9bd64674574c89753d9f4624d3d6a41
C:\Users\ransi\Documents\AA  SLIIT\Y2S1\IT2011 AIML\My First AI Project\EfficientNetB3_Project\data\brain_tumor_mri\Training\meningioma_tumor\m1(173).jpg,m1(173).jpg,meningioma_tumor,Training,1,989297d05b6c7b2c798c7efeccfff51fdf412e9e774b87cbe25d9f3909d49111
C:\Users\ransi\Documents\AA  SLIIT\Y2S1\IT2011 AIML\My First AI Project\EfficientNetB3_Project\data\brain_tumor_mri\Training\pituitary_tumor\p (686).jpg,p (686).jpg,pituitary_tumor,Training,3,42db2d21b9b9975cfeecb9273a2e926dfb3228aaabf2db98983f0ead1148df8d
C:\Users\ransi\Documents\AA  SLIIT\Y2S1\IT2011 AIML\My First AI Project\EfficientNetB3_Project\data\brain_tumor_mri\Training\no_tumor\image (38).jpg,image (38).jpg,no_tumor,Training,2,1180fefcd5ba2a8f43c541c3158c3d6b3edb8309eab8dc9c61f109d10d5b5050
C:\Users\ransi\Documents\AA  SLIIT\Y2S1\IT2011 AIML\My First AI Project\EfficientNetB3_Project\data\brain_tumor_mri\Training\meningioma_tumor\m2 (125).jpg,m2 (125).jpg,meningioma_tumor,Training,1,7b845476e04cf31b3bcd9e37f9a842b05c641b282616b61d045cba505838cecd
C:\Users\ransi\Documents\AA  SLIIT\Y2S1\IT2011 AIML\My First AI Project\EfficientNetB3_Project\data\brain_tumor_mri\Training\glioma_tumor\gg (50).jpg,gg (50).jpg,glioma_tumor,Training,0,d57020bc32f6022bab8209a2dace98ea70fb60c1127de73773ce017f86f1fcc3
C:\Users\ransi\Documents\AA  SLIIT\Y2S1\IT2011 AIML\My First AI Project\EfficientNetB3_Project\data\brain_tumor_mri\Training\meningioma_tumor\m2 (120).jpg,m2 (120).jpg,meningioma_tumor,Training,1,02bcfe2db34e22a055a6a8f81b40b2ba1f96870b34afa91799e76ad7fee33d07
C:\Users\ransi\Documents\AA  SLIIT\Y2S1\IT2011 AIML\My First AI Project\EfficientNetB3_Project\data\brain_tumor_mri\Training\no_tumor\image(235).jpg,image(235).jpg,no_tumor,Training,2,cc336bb30a64c66a0897e048331ca9818b553b8d0c313ed4980971c5b8ea1b46
C:\Users\ransi\Documents\AA  SLIIT\Y2S1\IT2011 AIML\My First AI Project\EfficientNetB3_Project\data\brain_tumor_mri\Training\meningioma_tumor\m (123).jpg,m (123).jpg,meningioma_tumor,Training,1,52488776ac119d52a7bae9df8a73d9e0ce5327faa148d917f512bab8f1ea1afb
C:\Users\ransi\Documents\AA  SLIIT\Y2S1\IT2011 AIML\My First AI Project\EfficientNetB3_Project\data\brain_tumor_mri\Training\meningioma_tumor\m1(110).jpg,m1(110).jpg,meningioma_tumor,Training,1,8f00d41c82c3103bd11acbc0a85a1c823fa9147de85247211d857f8182d69bdd
C:\Users\ransi\Documents\AA  SLIIT\Y2S1\IT2011 AIML\My First AI Project\EfficientNetB3_Project\data\brain_tumor_mri\Training\pituitary_tumor\p (10).jpg,p (10).jpg,pituitary_tumor,Training,3,0abe2a79782500fc6ec3c7082e46f7dd7da4725e87d71a3c86440525ce0e5cde
C:\Users\ransi\Documents\AA  SLIIT\Y2S1\IT2011 AIML\My First AI Project\EfficientNetB3_Project\data\brain_tumor_mri\Training\meningioma_tumor\m2 (10).jpg,m2 (10).jpg,meningioma_tumor,Training,1,37b1edb1ea5c53ff3ce43fa446c0f98002680ad48039675714f22bdd87f7dcef
C:\Users\ransi\Documents\AA  SLIIT\Y2S1\IT2011 AIML\My First AI Project\EfficientNetB3_Project\data\brain_tumor_mri\Training\meningioma_tumor\m3 (231).jpg,m3 (231).jpg,meningioma_tumor,Training,1,c60206d8862a39d700ef5b336f58259c92770e264870faae987c6e81826b8508
C:\Users\ransi\Documents\AA  SLIIT\Y2S1\IT2011 AIML\My First AI Project\EfficientNetB3_Project\data\brain_tumor_mri\Training\pituitary_tumor\p (775).jpg,p (775).jpg,pituitary_tumor,Training,3,dcc90f736f0c8c57f817f7d8129c1d97d90f48590f6555ee0912bed53a83f8f6
C:\Users\ransi\Documents\AA  SLIIT\Y2S1\IT2011 AIML\My First AI Project\EfficientNetB3_Project\data\brain_tumor_mri\Training\glioma_tumor\gg (251).jpg,gg (251).jpg,glioma_tumor,Training,0,7c08910416f7ba1ad6418e94b00fe6a3084a7a7e85d31717d5fd25029f3fe16a
C:\Users\ransi\Documents\AA  SLIIT\Y2S1\IT2011 AIML\My First AI Project\EfficientNetB3_Project\data\brain_tumor_mri\Training\glioma_tumor\gg (341).jpg,gg (341).jpg,glioma_tumor,Training,0,2670f2382d11b8706caff6ec5c36b8aa1cae2907df0143574cdccabf45c309ca
C:\Users\ransi\Documents\AA  SLIIT\Y2S1\IT2011 AIML\My First AI Project\EfficientNetB3_Project\data\brain_tumor_mri\Training\pituitary_tumor\p (695).jpg,p (695).jpg,pituitary_tumor,Training,3,3293977201549bf836f267330630728c527c3da7528298682f81efc21d0af509
C:\Users\ransi\Documents\AA  SLIIT\Y2S1\IT2011 AIML\My First AI Project\EfficientNetB3_Project\data\brain_tumor_mri\Training\pituitary_tumor\p (300).jpg,p (300).jpg,pituitary_tumor,Training,3,3e0458aa51bf4574bd16d42413768eb5451887b59c8b9cdf508ce7032b9edc71
C:\Users\ransi\Documents\AA  SLIIT\Y2S1\IT2011 AIML\My First AI Project\EfficientNetB3_Project\data\brain_tumor_mri\Testing\glioma_tumor\image(41).jpg,image(41).jpg,glioma_tumor,Testing,0,eb67b158cebce104362b542dafc3813078adb12abcae7616627a368a2ad4094b
C:\Users\ransi\Documents\AA  SLIIT\Y2S1\IT2011 AIML\My First AI Project\EfficientNetB3_Project\data\brain_tumor_mri\Training\pituitary_tumor\p (359).jpg,p (359).jpg,pituitary_tumor,Training,3,a97fdbc12dc94e9545d74992610c3153b5dbbc32ae55ede527c8988c944ad3ed
C:\Users\ransi\Documents\AA  SLIIT\Y2S1\IT2011 AIML\My First AI Project\EfficientNetB3_Project\data\brain_tumor_mri\Training\pituitary_tumor\p (510).jpg,p (510).jpg,pituitary_tumor,Training,3,85dcc55ce7154e7d2dfae90fc92cfa21cbb1786fd10c6e320870d2f255a1fa48
C:\Users\ransi\Documents\AA  SLIIT\Y2S1\IT2011 AIML\My First AI Project\EfficientNetB3_Project\data\brain_tumor_mri\Training\glioma_tumor\gg (123).jpg,gg (123).jpg,glioma_tumor,Training,0,ad7a2277e375f6a42010097d9dedbd05f4bdd48d74c8860a0094997e59cc0a17
C:\Users\ransi\Documents\AA  SLIIT\Y2S1\IT2011 AIML\My First AI Project\EfficientNetB3_Project\data\brain_tumor_mri\Training\meningioma_tumor\m (161).jpg,m (161).jpg,meningioma_tumor,Training,1,a6cbb32cff5d1e2742038432bc9e446dd706f4ef6ab84af887e7490991e514e8
C:\Users\ransi\Documents\AA  SLIIT\Y2S1\IT2011 AIML\My First AI Project\EfficientNetB3_Project\data\brain_tumor_mri\Training\meningioma_tumor\m3 (135).jpg,m3 (135).jpg,meningioma_tumor,Training,1,b935ceda3efda21b190162c79c7c447ffd76626dc57e4e5433265eedb70d6c0e
C:\Users\ransi\Documents\AA  SLIIT\Y2S1\IT2011 AIML\My First AI Project\EfficientNetB3_Project\data\brain_tumor_mri\Training\pituitary_tumor\p (24).jpg,p (24).jpg,pituitary_tumor,Training,3,ad50349c5d725c937e70f2286a7f00c865dad3ab012935ffe071142e9379b76d
C:\Users\ransi\Documents\AA  SLIIT\Y2S1\IT2011 AIML\My First AI Project\EfficientNetB3_Project\data\brain_tumor_mri\Training\meningioma_tumor\m1(157).jpg,m1(157).jpg,meningioma_tumor,Training,1,0660f704ba18060c2ad636f7e77b8ba9b775ac3116699c1bdf97499be215da10
C:\Users\ransi\Documents\AA  SLIIT\Y2S1\IT2011 AIML\My First AI Project\EfficientNetB3_Project\data\brain_tumor_mri\Testing\no_tumor\image(21).jpg,image(21).jpg,no_tumor,Testing,2,4f3c00ef520660295576c472a0cafc9f1bb400d736b352b736966af08bf09235
C:\Users\ransi\Documents\AA  SLIIT\Y2S1\IT2011 AIML\My First AI Project\EfficientNetB3_Project\data\brain_tumor_mri\Training\glioma_tumor\gg (11).jpg,gg (11).jpg,glioma_tumor,Training,0,a7f05ed15a511c68aa18c36c438506adeb4e79abd63c33bad62e1a5b00703ea6
C:\Users\ransi\Documents\AA  SLIIT\Y2S1\IT2011 AIML\My First AI Project\EfficientNetB3_Project\data\brain_tumor_mri\Training\pituitary_tumor\p (407).jpg,p (407).jpg,pituitary_tumor,Training,3,8afa71fed3d0307237b24872056b750f3c06ee0d9527c35241b908eb7404080f
C:\Users\ransi\Documents\AA  SLIIT\Y2S1\IT2011 AIML\My First AI Project\EfficientNetB3_Project\data\brain_tumor_mri\Testing\no_tumor\image(101).jpg,image(101).jpg,no_tumor,Testing,2,f1aa73c33c56a13b8fe3b256ba2e6e3d2d84ddc6f3ed814d874bc88726ac1f9d
C:\Users\ransi\Documents\AA  SLIIT\Y2S1\IT2011 AIML\My First AI Project\EfficientNetB3_Project\data\brain_tumor_mri\Training\pituitary_tumor\p (802).jpg,p (802).jpg,pituitary_tumor,Training,3,d6664db9856b5f89f699099e4e591b9a872c0ef693f51efc918e6ae28bfbc76c
C:\Users\ransi\Documents\AA  SLIIT\Y2S1\IT2011 AIML\My First AI Project\EfficientNetB3_Project\data\brain_tumor_mri\Training\no_tumor\1.jpg,1.jpg,no_tumor,Training,2,1f157cd64610853d031b7b98fb5cabcfc7f589fe3ac1d425f17d4f3fb999ba7e
C:\Users\ransi\Documents\AA  SLIIT\Y2S1\IT2011 AIML\My First AI Project\EfficientNetB3_Project\data\brain_tumor_mri\Training\meningioma_tumor\m (27).jpg,m (27).jpg,meningioma_tumor,Training,1,ce87b9ebfc318ca3d56c557ff4960b2cc8eb3d8af6b0f7bc5b41fcf75f7d3fe1
C:\Users\ransi\Documents\AA  SLIIT\Y2S1\IT2011 AIML\My First AI Project\EfficientNetB3_Project\data\brain_tumor_mri\Training\glioma_tumor\gg (805).jpg,gg (805).jpg,glioma_tumor,Training,0,d9f4b45dbd6b4583a3a2a7f3e080221f0e80be285de21fe7e37bd32b5f5d220e
C:\Users\ransi\Documents\AA  SLIIT\Y2S1\IT2011 AIML\My First AI Project\EfficientNetB3_Project\data\brain_tumor_mri\Testing\glioma_tumor\image(16).jpg,image(16).jpg,glioma_tumor,Testing,0,12968769799ec6e49fb52abfc72dfcbaedd888e8579e814235f1329383608d8d
C:\Users\ransi\Documents\AA  SLIIT\Y2S1\IT2011 AIML\My First AI Project\EfficientNetB3_Project\data\brain_tumor_mri\Training\no_tumor\image(69).jpg,image(69).jpg,no_tumor,Training,2,b577189346bc4cc74942150e5875bead25153aa474db97d1882ebf72244de3ec
C:\Users\ransi\Documents\AA  SLIIT\Y2S1\IT2011 AIML\My First AI Project\EfficientNetB3_Project\data\brain_tumor_mri\Training\glioma_tumor\gg (241).jpg,gg (241).jpg,glioma_tumor,Training,0,fb7a8a4b52344942dd6e3e5acc51a339b51385d1b3f4f3764b3199154f65058e
C:\Users\ransi\Documents\AA  SLIIT\Y2S1\IT2011 AIML\My First AI Project\EfficientNetB3_Project\data\brain_tumor_mri\Training\meningioma_tumor\m1(128).jpg,m1(128).jpg,meningioma_tumor,Training,1,a70f40c8cfc4a3811c80f6f00cc80d890c602ccdd5cb610c4e77db115e2195c1
C:\Users\ransi\Documents\AA  SLIIT\Y2S1\IT2011 AIML\My First AI Project\EfficientNetB3_Project\data\brain_tumor_mri\Training\glioma_tumor\gg (463).jpg,gg (463).jpg,glioma_tumor,Training,0,fe07928aef3f7aa28856063a8b09f44e94aa182096b01b541cdfebf848fa3fc0
C:\Users\ransi\Documents\AA  SLIIT\Y2S1\IT2011 AIML\My First AI Project\EfficientNetB3_Project\data\brain_tumor_mri\Training\pituitary_tumor\p (35).jpg,p (35).jpg,pituitary_tumor,Training,3,8812ef8e88fca80388f8c2c2d94cd87d5c110dc498c34db3a423a9afd848c307
C:\Users\ransi\Documents\AA  SLIIT\Y2S1\IT2011 AIML\My First AI Project\EfficientNetB3_Project\data\brain_tumor_mri\Training\no_tumor\image(50).jpg,image(50).jpg,no_tumor,Training,2,c3f2d52e1a996bea716774c0051492202d3bdf76fdb53f9ade2b5c6289a6cb36
C:\Users\ransi\Documents\AA  SLIIT\Y2S1\IT2011 AIML\My First AI Project\EfficientNetB3_Project\data\brain_tumor_mri\Training\meningioma_tumor\m3 (67).jpg,m3 (67).jpg,meningioma_tumor,Training,1,1e6c11d040306da38659d6402bd59fafc690325fe5114fd65ddfefdc2e03eb17
C:\Users\ransi\Documents\AA  SLIIT\Y2S1\IT2011 AIML\My First AI Project\EfficientNetB3_Project\data\brain_tumor_mri\Testing\no_tumor\image(80).jpg,image(80).jpg,no_tumor,Testing,2,a8d8bd68e37588a5be079ea92de410d9097988aea40552f6fd08ca44a7dd6c74
C:\Users\ransi\Documents\AA  SLIIT\Y2S1\IT2011 AIML\My First AI Project\EfficientNetB3_Project\data\brain_tumor_mri\Training\glioma_tumor\gg (115).jpg,gg (115).jpg,glioma_tumor,Training,0,0ec163e70d7187785c3833d841a26b81040d8c761b746e267fb25577eed77cd8
C:\Users\ransi\Documents\AA  SLIIT\Y2S1\IT2011 AIML\My First AI Project\EfficientNetB3_Project\data\brain_tumor_mri\Training\meningioma_tumor\m1(6).jpg,m1(6).jpg,meningioma_tumor,Training,1,f813b3d84d164a5b7e87174946eb5c7acaae34e62b480bb31bcb0d6d518986b1
C:\Users\ransi\Documents\AA  SLIIT\Y2S1\IT2011 AIML\My First AI Project\EfficientNetB3_Project\data\brain_tumor_mri\Training\glioma_tumor\gg (34).jpg,gg (34).jpg,glioma_tumor,Training,0,eca497ef65769bf8be49f975787c3451f64014807306c7598859011f34ba3401
C:\Users\ransi\Documents\AA  SLIIT\Y2S1\IT2011 AIML\My First AI Project\EfficientNetB3_Project\data\brain_tumor_mri\Training\pituitary_tumor\p (265).jpg,p (265).jpg,pituitary_tumor,Training,3,a628596a412c41d030403a46a016021bee229ede9d44b4008a3e90e8cca7cb3d
C:\Users\ransi\Documents\AA  SLIIT\Y2S1\IT2011 AIML\My First AI Project\EfficientNetB3_Project\data\brain_tumor_mri\Training\pituitary_tumor\p (739).jpg,p (739).jpg,pituitary_tumor,Training,3,e90dc3f71e289ba330c0e39c7b0f7efa88e57c51e1dd7edd8160a34a390061d7
C:\Users\ransi\Documents\AA  SLIIT\Y2S1\IT2011 AIML\My First AI Project\EfficientNetB3_Project\data\brain_tumor_mri\Training\meningioma_tumor\m3 (172).jpg,m3 (172).jpg,meningioma_tumor,Training,1,d6c47ff738a05138ae7b1aef78199c6c54983570fb2ba2301ae7b555f92ed531
C:\Users\ransi\Documents\AA  SLIIT\Y2S1\IT2011 AIML\My First AI Project\EfficientNetB3_Project\data\brain_tumor_mri\Testing\pituitary_tumor\image(53).jpg,image(53).jpg,pituitary_tumor,Testing,3,ac081dc77c62c1902feb757aa652c2af19c67d31ec646fd3f2a50249729f570c
C:\Users\ransi\Documents\AA  SLIIT\Y2S1\IT2011 AIML\My First AI Project\EfficientNetB3_Project\data\brain_tumor_mri\Training\pituitary_tumor\p (191).jpg,p (191).jpg,pituitary_tumor,Training,3,a3f2fbef5ba86a9391d686bba154ab3e45b05a3f5801cc659239723973338a9c
C:\Users\ransi\Documents\AA  SLIIT\Y2S1\IT2011 AIML\My First AI Project\EfficientNetB3_Project\data\brain_tumor_mri\Training\meningioma_tumor\m1(15).jpg,m1(15).jpg,meningioma_tumor,Training,1,09b9031e30e757eb6e648686f0ca412357e86895ebbc52d300d2d0a9305fd417
C:\Users\ransi\Documents\AA  SLIIT\Y2S1\IT2011 AIML\My First AI Project\EfficientNetB3_Project\data\brain_tumor_mri\Training\glioma_tumor\gg (683).jpg,gg (683).jpg,glioma_tumor,Training,0,1409cb14100d4352b49a7f1e805fa005a8a952afdc9497fbbea66d67a2f5be45
C:\Users\ransi\Documents\AA  SLIIT\Y2S1\IT2011 AIML\My First AI Project\EfficientNetB3_Project\data\brain_tumor_mri\Training\no_tumor\image(306).jpg,image(306).jpg,no_tumor,Training,2,72f5f6723c7b92f641fb5d44513b6111c348e43005f8c1f4829f28eebd1117b2
C:\Users\ransi\Documents\AA  SLIIT\Y2S1\IT2011 AIML\My First AI Project\EfficientNetB3_Project\data\brain_tumor_mri\Training\glioma_tumor\gg (773).jpg,gg (773).jpg,glioma_tumor,Training,0,d310e4edba1ff944a9a39a24e01bad1c7b8e7f033278de00b15b041704053f78
C:\Users\ransi\Documents\AA  SLIIT\Y2S1\IT2011 AIML\My First AI Project\EfficientNetB3_Project\data\brain_tumor_mri\Training\glioma_tumor\gg (314).jpg,gg (314).jpg,glioma_tumor,Training,0,dc36709160bfe3a65d95e55433f45f3286869bb2388c263486f6563b7eb1ed59
C:\Users\ransi\Documents\AA  SLIIT\Y2S1\IT2011 AIML\My First AI Project\EfficientNetB3_Project\data\brain_tumor_mri\Training\meningioma_tumor\m3 (60).jpg,m3 (60).jpg,meningioma_tumor,Training,1,f859d38770a99ec9938e888ea992001a99f696d66d8085215fb84085399c4a81
C:\Users\ransi\Documents\AA  SLIIT\Y2S1\IT2011 AIML\My First AI Project\EfficientNetB3_Project\data\brain_tumor_mri\Training\glioma_tumor\gg (424).jpg,gg (424).jpg,glioma_tumor,Training,0,57aaaf1c82e82c9e3c0ba5c1190de5edfe67307c2474324f49cbd3f34c092b06
C:\Users\ransi\Documents\AA  SLIIT\Y2S1\IT2011 AIML\My First AI Project\EfficientNetB3_Project\data\brain_tumor_mri\Training\meningioma_tumor\m1(64).jpg,m1(64).jpg,meningioma_tumor,Training,1,f4a6393314cc326c2f266540389521884728c6cffbd1715d3210870e6750dbd5
C:\Users\ransi\Documents\AA  SLIIT\Y2S1\IT2011 AIML\My First AI Project\EfficientNetB3_Project\data\brain_tumor_mri\Testing\meningioma_tumor\image(96).jpg,image(96).jpg,meningioma_tumor,Testing,1,ad1982ac07eb702eb985f1e22e322cb353e24b8313cce4e5655acd8302837e04
C:\Users\ransi\Documents\AA  SLIIT\Y2S1\IT2011 AIML\My First AI Project\EfficientNetB3_Project\data\brain_tumor_mri\Training\pituitary_tumor\p (642).jpg,p (642).jpg,pituitary_tumor,Training,3,750e8005bbe06ef89ba534bf54e3575bc2bf381076dde6dad69fdf5e93606017
C:\Users\ransi\Documents\AA  SLIIT\Y2S1\IT2011 AIML\My First AI Project\EfficientNetB3_Project\data\brain_tumor_mri\Testing\no_tumor\image(35).jpg,image(35).jpg,no_tumor,Testing,2,06e6f334b7e990bd685265cea5af2b11410235f4a3baad476c964249310330f3
C:\Users\ransi\Documents\AA  SLIIT\Y2S1\IT2011 AIML\My First AI Project\EfficientNetB3_Project\data\brain_tumor_mri\Training\meningioma_tumor\m2 (96).jpg,m2 (96).jpg,meningioma_tumor,Training,1,9879d1a47ab7c12bf21c9b22a87c47089181f23e9952c505dbf242e95c9f1ff2
C:\Users\ransi\Documents\AA  SLIIT\Y2S1\IT2011 AIML\My First AI Project\EfficientNetB3_Project\data\brain_tumor_mri\Training\pituitary_tumor\p (201).jpg,p (201).jpg,pituitary_tumor,Training,3,b433361a026675a250f22f0a71a080015c1e6ea1e85a954f529e3ca0329a8e25
C:\Users\ransi\Documents\AA  SLIIT\Y2S1\IT2011 AIML\My First AI Project\EfficientNetB3_Project\data\brain_tumor_mri\Training\glioma_tumor\gg (719).jpg,gg (719).jpg,glioma_tumor,Training,0,56ed55321fe63c4fda75b53c0c2cd4be26ffdad3734040e2d25a37de30c9b31e
C:\Users\ransi\Documents\AA  SLIIT\Y2S1\IT2011 AIML\My First AI Project\EfficientNetB3_Project\data\brain_tumor_mri\Training\glioma_tumor\gg (269).jpg,gg (269).jpg,glioma_tumor,Training,0,d83b7af6a2fadd0a28e686cc1b955cdb9f7e6f8a1e95df05dd3cd1e0ecf16bf3
C:\Users\ransi\Documents\AA  SLIIT\Y2S1\IT2011 AIML\My First AI Project\EfficientNetB3_Project\data\brain_tumor_mri\Training\glioma_tumor\gg (574).jpg,gg (574).jpg,glioma_tumor,Training,0,900bed96e340ef53fb71f8c05a3f8dcc45e4f035b7cc5bcd3a33b46a01ce4e49
C:\Users\ransi\Documents\AA  SLIIT\Y2S1\IT2011 AIML\My First AI Project\EfficientNetB3_Project\data\brain_tumor_mri\Training\meningioma_tumor\m1(32).jpg,m1(32).jpg,meningioma_tumor,Training,1,afd3f09fbc49f3cef7c7647498d43c5ebcd993fade62be7ffd90f182d5ae95b8
C:\Users\ransi\Documents\AA  SLIIT\Y2S1\IT2011 AIML\My First AI Project\EfficientNetB3_Project\data\brain_tumor_mri\Testing\no_tumor\image(68).jpg,image(68).jpg,no_tumor,Testing,2,94721a1b47a80cb0533acdbac52f92ad7614d4685284b74b2a96914b038947a9
C:\Users\ransi\Documents\AA  SLIIT\Y2S1\IT2011 AIML\My First AI Project\EfficientNetB3_Project\data\brain_tumor_mri\Training\glioma_tumor\gg (631).jpg,gg (631).jpg,glioma_tumor,Training,0,6625ce2b259428a499f018a3b0458f506f3b5b139f7e3c05f1c2423677800208
C:\Users\ransi\Documents\AA  SLIIT\Y2S1\IT2011 AIML\My First AI Project\EfficientNetB3_Project\data\brain_tumor_mri\Testing\pituitary_tumor\image(43).jpg,image(43).jpg,pituitary_tumor,Testing,3,dc8ef910fb6a27abfe1862e83beeacb91864e160cd6919e5f0b2ebc039b865c4
C:\Users\ransi\Documents\AA  SLIIT\Y2S1\IT2011 AIML\My First AI Project\EfficientNetB3_Project\data\brain_tumor_mri\Training\pituitary_tumor\p (294).jpg,p (294).jpg,pituitary_tumor,Training,3,6e1b243fd3c78e5d161d93311c0dd539ae88ceec43b683ea21e7fc415e2b9cfc
C:\Users\ransi\Documents\AA  SLIIT\Y2S1\IT2011 AIML\My First AI Project\EfficientNetB3_Project\data\brain_tumor_mri\Training\no_tumor\image(283).jpg,image(283).jpg,no_tumor,Training,2,66e52289dbb20ebe544be658dbc1345e18f031967fe6f972bfb91dd8a39d48cb
C:\Users\ransi\Documents\AA  SLIIT\Y2S1\IT2011 AIML\My First AI Project\EfficientNetB3_Project\data\brain_tumor_mri\Training\no_tumor\image(218).jpg,image(218).jpg,no_tumor,Training,2,270d8daa78d030858d13b95aad0f59bf3cd78b17a6ab1604e0118342676de60f
C:\Users\ransi\Documents\AA  SLIIT\Y2S1\IT2011 AIML\My First AI Project\EfficientNetB3_Project\data\brain_tumor_mri\Training\glioma_tumor\gg (723).jpg,gg (723).jpg,glioma_tumor,Training,0,c8a7f9a97fcd6d7fd7c42fc9c7aa9df8e79736ebe680cc6818c30c4cb8a9cca3
C:\Users\ransi\Documents\AA  SLIIT\Y2S1\IT2011 AIML\My First AI Project\EfficientNetB3_Project\data\brain_tumor_mri\Training\meningioma_tumor\m3 (198).jpg,m3 (198).jpg,meningioma_tumor,Training,1,3bec478c11f932472e0b167afea4424907a940b4231f8968d65806daa07cf6d2
C:\Users\ransi\Documents\AA  SLIIT\Y2S1\IT2011 AIML\My First AI Project\EfficientNetB3_Project\data\brain_tumor_mri\Training\glioma_tumor\gg (538).jpg,gg (538).jpg,glioma_tumor,Training,0,dc6c70e6a7e90756a4713d96dbef0df572abc011ee958aafb1703c265a7df16c
C:\Users\ransi\Documents\AA  SLIIT\Y2S1\IT2011 AIML\My First AI Project\EfficientNetB3_Project\data\brain_tumor_mri\Training\glioma_tumor\gg (753).jpg,gg (753).jpg,glioma_tumor,Training,0,ce9d2e567f3f432253f857c7546baebc7331feeff271b105fa52992a2bc6a0da
C:\Users\ransi\Documents\AA  SLIIT\Y2S1\IT2011 AIML\My First AI Project\EfficientNetB3_Project\data\brain_tumor_mri\Testing\meningioma_tumor\image(50).jpg,image(50).jpg,meningioma_tumor,Testing,1,a147b1910d63258713da833522f6e321bed28401314d5248fbab73df9a46bcac
C:\Users\ransi\Documents\AA  SLIIT\Y2S1\IT2011 AIML\My First AI Project\EfficientNetB3_Project\data\brain_tumor_mri\Training\pituitary_tumor\p (289).jpg,p (289).jpg,pituitary_tumor,Training,3,3006fcd22a70086e4994174ce9a92437d0440148532d9c84dde675c488ec5066
C:\Users\ransi\Documents\AA  SLIIT\Y2S1\IT2011 AIML\My First AI Project\EfficientNetB3_Project\data\brain_tumor_mri\Testing\meningioma_tumor\image(1).jpg,image(1).jpg,meningioma_tumor,Testing,1,32e58268a4a9d3f82caec378c1065311360f4212c2ab72a1ca6f1ef8ffcca92b
C:\Users\ransi\Documents\AA  SLIIT\Y2S1\IT2011 AIML\My First AI Project\EfficientNetB3_Project\data\brain_tumor_mri\Training\meningioma_tumor\m (99).jpg,m (99).jpg,meningioma_tumor,Training,1,55538ca1bb6785372040a44a3e24bced61f4281ba5fc219caa4314fa17370e79
C:\Users\ransi\Documents\AA  SLIIT\Y2S1\IT2011 AIML\My First AI Project\EfficientNetB3_Project\data\brain_tumor_mri\Testing\no_tumor\image(49).jpg,image(49).jpg,no_tumor,Testing,2,136e27954eca1b7b887f3700f412b2c531153938a0d721d1557a94c3362497c2
C:\Users\ransi\Documents\AA  SLIIT\Y2S1\IT2011 AIML\My First AI Project\EfficientNetB3_Project\data\brain_tumor_mri\Training\meningioma_tumor\m2 (124).jpg,m2 (124).jpg,meningioma_tumor,Training,1,c1d4e7f3d446c8c4bbd02a5c4c848431aa42e9a7cc81ab1bff0ba99a45fa209a
C:\Users\ransi\Documents\AA  SLIIT\Y2S1\IT2011 AIML\My First AI Project\EfficientNetB3_Project\data\brain_tumor_mri\Training\meningioma_tumor\m3 (27).jpg,m3 (27).jpg,meningioma_tumor,Training,1,ba6065cf9eb3a1f1e5b2d8fe2cebb440e0ea99d027ed9ce0de0eb1483ab8a6b1
C:\Users\ransi\Documents\AA  SLIIT\Y2S1\IT2011 AIML\My First AI Project\EfficientNetB3_Project\data\brain_tumor_mri\Training\pituitary_tumor\p (280).jpg,p (280).jpg,pituitary_tumor,Training,3,9922577861439c4f6eb2518eb54377db4bc147811dc55ef06f6b8f7f658985a1
C:\Users\ransi\Documents\AA  SLIIT\Y2S1\IT2011 AIML\My First AI Project\EfficientNetB3_Project\data\brain_tumor_mri\Training\meningioma_tumor\m (104).jpg,m (104).jpg,meningioma_tumor,Training,1,86658a2697f7e59033c49e8c87d0b8744759885a4adc60b91ddb556bdfb3bcc0
C:\Users\ransi\Documents\AA  SLIIT\Y2S1\IT2011 AIML\My First AI Project\EfficientNetB3_Project\data\brain_tumor_mri\Testing\glioma_tumor\image(37).jpg,image(37).jpg,glioma_tumor,Testing,0,ea44445f6ad0d45fd9abeaeb8b130a544023379324db616cd75806e07868ea81
C:\Users\ransi\Documents\AA  SLIIT\Y2S1\IT2011 AIML\My First AI Project\EfficientNetB3_Project\data\brain_tumor_mri\Training\glioma_tumor\gg (253).jpg,gg (253).jpg,glioma_tumor,Training,0,bd4eb96bc23d4a9c6ca913948764d150e3414342e2bfcd17f66660905f68c9c3
C:\Users\ransi\Documents\AA  SLIIT\Y2S1\IT2011 AIML\My First AI Project\EfficientNetB3_Project\data\brain_tumor_mri\Training\pituitary_tumor\p (87).jpg,p (87).jpg,pituitary_tumor,Training,3,88b362d8c30cc058afb8199a5555a6ffd3dae1d27cdb73f8a3fdc4b74e82f034
C:\Users\ransi\Documents\AA  SLIIT\Y2S1\IT2011 AIML\My First AI Project\EfficientNetB3_Project\data\brain_tumor_mri\Training\pituitary_tumor\p (513).jpg,p (513).jpg,pituitary_tumor,Training,3,3e970de0a5eb345d460395176dd4524185ea19d9a6ae39beaad1aac7f3574137
C:\Users\ransi\Documents\AA  SLIIT\Y2S1\IT2011 AIML\My First AI Project\EfficientNetB3_Project\data\brain_tumor_mri\Training\glioma_tumor\gg (576).jpg,gg (576).jpg,glioma_tumor,Training,0,2d28c14392c9ccf6d4ec61201f4e34538ceee206c28d7f8bccf2a881224e611f
C:\Users\ransi\Documents\AA  SLIIT\Y2S1\IT2011 AIML\My First AI Project\EfficientNetB3_Project\data\brain_tumor_mri\Training\meningioma_tumor\m (76).jpg,m (76).jpg,meningioma_tumor,Training,1,7314db25d807e38689394539f8cc5d79d01b0270b1ba7790399c809e3c7f5e16
C:\Users\ransi\Documents\AA  SLIIT\Y2S1\IT2011 AIML\My First AI Project\EfficientNetB3_Project\data\brain_tumor_mri\Training\pituitary_tumor\p (614).jpg,p (614).jpg,pituitary_tumor,Training,3,cfe4ad7e1504a741c8a20e7c0006b41a2e5d2b4c29051f41c191f17533921f2d
C:\Users\ransi\Documents\AA  SLIIT\Y2S1\IT2011 AIML\My First AI Project\EfficientNetB3_Project\data\brain_tumor_mri\Training\glioma_tumor\gg (791).jpg,gg (791).jpg,glioma_tumor,Training,0,4fdd88ec4143fdeb170fb0ac319e2b4a89fdb66433bf6977920040ba6299f08d
C:\Users\ransi\Documents\AA  SLIIT\Y2S1\IT2011 AIML\My First AI Project\EfficientNetB3_Project\data\brain_tumor_mri\Training\no_tumor\6.jpg,6.jpg,no_tumor,Training,2,5a66211168e2f92209f3aee80fe618a1555144bada16fdc2035d1780321c02cf
C:\Users\ransi\Documents\AA  SLIIT\Y2S1\IT2011 AIML\My First AI Project\EfficientNetB3_Project\data\brain_tumor_mri\Training\glioma_tumor\gg (432).jpg,gg (432).jpg,glioma_tumor,Training,0,22f755481bbb0137c7a44bf2d30c3cdab694d327b8ae48199071fe3a40fc465b
C:\Users\ransi\Documents\AA  SLIIT\Y2S1\IT2011 AIML\My First AI Project\EfficientNetB3_Project\data\brain_tumor_mri\Training\glioma_tumor\gg (55).jpg,gg (55).jpg,glioma_tumor,Training,0,2eaf1878af6b67a4c1516edba0910c86e90d28027cc0751d61236108868aef8b
C:\Users\ransi\Documents\AA  SLIIT\Y2S1\IT2011 AIML\My First AI Project\EfficientNetB3_Project\data\brain_tumor_mri\Training\glioma_tumor\gg (20).jpg,gg (20).jpg,glioma_tumor,Training,0,2999e9a604c1e30f9eca9b94756b4876b9822d57e49430db3c899b0872bd6eb4
C:\Users\ransi\Documents\AA  SLIIT\Y2S1\IT2011 AIML\My First AI Project\EfficientNetB3_Project\data\brain_tumor_mri\Training\pituitary_tumor\p (691).jpg,p (691).jpg,pituitary_tumor,Training,3,f414d154689193923b979389256f55b99d479877f8ee32b8c85d8389466a8870
C:\Users\ransi\Documents\AA  SLIIT\Y2S1\IT2011 AIML\My First AI Project\EfficientNetB3_Project\data\brain_tumor_mri\Testing\pituitary_tumor\image(42).jpg,image(42).jpg,pituitary_tumor,Testing,3,dc8ef910fb6a27abfe1862e83beeacb91864e160cd6919e5f0b2ebc039b865c4
C:\Users\ransi\Documents\AA  SLIIT\Y2S1\IT2011 AIML\My First AI Project\EfficientNetB3_Project\data\brain_tumor_mri\Training\glioma_tumor\gg (243).jpg,gg (243).jpg,glioma_tumor,Training,0,ce16439bd95554c244f092621a5cf3c70ef9099a470d19602bfa96de6c812b38
C:\Users\ransi\Documents\AA  SLIIT\Y2S1\IT2011 AIML\My First AI Project\EfficientNetB3_Project\data\brain_tumor_mri\Testing\no_tumor\image(24).jpg,image(24).jpg,no_tumor,Testing,2,9d338079dd3288665657816ebeec6ada298761e0ff9f4c22a59f05c46768db14
C:\Users\ransi\Documents\AA  SLIIT\Y2S1\IT2011 AIML\My First AI Project\EfficientNetB3_Project\data\brain_tumor_mri\Training\pituitary_tumor\p (192).jpg,p (192).jpg,pituitary_tumor,Training,3,d9adabf0b0ea24661b38872c9689bce9d0f84899b3e46fad6aebeccade28ffd1
C:\Users\ransi\Documents\AA  SLIIT\Y2S1\IT2011 AIML\My First AI Project\EfficientNetB3_Project\data\brain_tumor_mri\Training\pituitary_tumor\p (318).jpg,p (318).jpg,pituitary_tumor,Training,3,337dc53236cb4b2d78a50b5c73323c66787fda550cf3fef17cb70603f7b8b370
C:\Users\ransi\Documents\AA  SLIIT\Y2S1\IT2011 AIML\My First AI Project\EfficientNetB3_Project\data\brain_tumor_mri\Training\no_tumor\image(130).jpg,image(130).jpg,no_tumor,Training,2,44e3116962be0d0972af84b834d6d0363fd627d31d7fdbd802dbe078a20a2a62
C:\Users\ransi\Documents\AA  SLIIT\Y2S1\IT2011 AIML\My First AI Project\EfficientNetB3_Project\data\brain_tumor_mri\Training\pituitary_tumor\p (7).jpg,p (7).jpg,pituitary_tumor,Training,3,ab8ab7cc4ee406a8d8b708773da397a08396a7319d0e773c8ca61299a5d2fe33
C:\Users\ransi\Documents\AA  SLIIT\Y2S1\IT2011 AIML\My First AI Project\EfficientNetB3_Project\data\brain_tumor_mri\Training\pituitary_tumor\p (824).jpg,p (824).jpg,pituitary_tumor,Training,3,5770383cf5e78f38c754c3b6c008762876870a649411597b947cdedfd6e74694
C:\Users\ransi\Documents\AA  SLIIT\Y2S1\IT2011 AIML\My First AI Project\EfficientNetB3_Project\data\brain_tumor_mri\Training\meningioma_tumor\m3 (178).jpg,m3 (178).jpg,meningioma_tumor,Training,1,fafff261038bcb5b595b1516655a65f1ada0dce52ed5742c2ac14e8d9b265da4
C:\Users\ransi\Documents\AA  SLIIT\Y2S1\IT2011 AIML\My First AI Project\EfficientNetB3_Project\data\brain_tumor_mri\Training\meningioma_tumor\m (176).jpg,m (176).jpg,meningioma_tumor,Training,1,264dfa63119669509c7764feec8234b7067c042c0e41cf0978e4977216efa99b
C:\Users\ransi\Documents\AA  SLIIT\Y2S1\IT2011 AIML\My First AI Project\EfficientNetB3_Project\data\brain_tumor_mri\Training\meningioma_tumor\m3 (99).jpg,m3 (99).jpg,meningioma_tumor,Training,1,0edd7205f86939ddf0c5714c562f8c293d486ff076a36f7e0b7c974319fd98ca
C:\Users\ransi\Documents\AA  SLIIT\Y2S1\IT2011 AIML\My First AI Project\EfficientNetB3_Project\data\brain_tumor_mri\Training\pituitary_tumor\p (593).jpg,p (593).jpg,pituitary_tumor,Training,3,33e7ac04d5ce8666c5b02fddbb2f97011920dedb90a94d1375bc3886ccc02796
C:\Users\ransi\Documents\AA  SLIIT\Y2S1\IT2011 AIML\My First AI Project\EfficientNetB3_Project\data\brain_tumor_mri\Training\glioma_tumor\gg (403).jpg,gg (403).jpg,glioma_tumor,Training,0,e28617069b996d58a331a9ff114a060d616e5f644da677440b7a66767ded5ead
C:\Users\ransi\Documents\AA  SLIIT\Y2S1\IT2011 AIML\My First AI Project\EfficientNetB3_Project\data\brain_tumor_mri\Training\pituitary_tumor\p (457).jpg,p (457).jpg,pituitary_tumor,Training,3,8db77befa68a577e1727a8c534caef3b0d9157d87e7f70cc4f2f4cc866997798
C:\Users\ransi\Documents\AA  SLIIT\Y2S1\IT2011 AIML\My First AI Project\EfficientNetB3_Project\data\brain_tumor_mri\Training\pituitary_tumor\p (715).jpg,p (715).jpg,pituitary_tumor,Training,3,b3aa25154b8cc96cb537d78178e89eed1c3698c9b30d9fdb19bff850844d15ed
C:\Users\ransi\Documents\AA  SLIIT\Y2S1\IT2011 AIML\My First AI Project\EfficientNetB3_Project\data\brain_tumor_mri\Training\no_tumor\image (9).jpg,image (9).jpg,no_tumor,Training,2,c7aa5e9c98960d18f83a7ab785422ab2de8429200f83dd733962225b42a86672
C:\Users\ransi\Documents\AA  SLIIT\Y2S1\IT2011 AIML\My First AI Project\EfficientNetB3_Project\data\brain_tumor_mri\Testing\meningioma_tumor\image(76).jpg,image(76).jpg,meningioma_tumor,Testing,1,024bdc364dc642a401ddca2ba91863d0f07055ed69594942b24d5f9724e2d737
C:\Users\ransi\Documents\AA  SLIIT\Y2S1\IT2011 AIML\My First AI Project\EfficientNetB3_Project\data\brain_tumor_mri\Training\meningioma_tumor\m1(26).jpg,m1(26).jpg,meningioma_tumor,Training,1,5c86839bae4a210ce594ffab1fe86a077ef24fc878fa4ec174665532de8d3444
C:\Users\ransi\Documents\AA  SLIIT\Y2S1\IT2011 AIML\My First AI Project\EfficientNetB3_Project\data\brain_tumor_mri\Training\pituitary_tumor\p (251).jpg,p (251).jpg,pituitary_tumor,Training,3,8a4a14e666a67b90bf01bac1b85170bacf41fda33c7a7394d5e82e83c6f6f324
C:\Users\ransi\Documents\AA  SLIIT\Y2S1\IT2011 AIML\My First AI Project\EfficientNetB3_Project\data\brain_tumor_mri\Training\no_tumor\7.jpg,7.jpg,no_tumor,Training,2,37d13e11e66c736b2174792a44b897777f212e935d5c74141ced8dc58d610672
C:\Users\ransi\Documents\AA  SLIIT\Y2S1\IT2011 AIML\My First AI Project\EfficientNetB3_Project\data\brain_tumor_mri\Testing\no_tumor\image(11).jpg,image(11).jpg,no_tumor,Testing,2,41d847d03ff8e8a80fde982029492adf6c622dc7d78fad2db48b14287c552296
C:\Users\ransi\Documents\AA  SLIIT\Y2S1\IT2011 AIML\My First AI Project\EfficientNetB3_Project\data\brain_tumor_mri\Testing\no_tumor\image(54).jpg,image(54).jpg,no_tumor,Testing,2,733e77e4b6da2d851bddbf9cf2768c02db39d5fa0f7be61fdbcb9d1e044abb76
C:\Users\ransi\Documents\AA  SLIIT\Y2S1\IT2011 AIML\My First AI Project\EfficientNetB3_Project\data\brain_tumor_mri\Training\glioma_tumor\gg (763).jpg,gg (763).jpg,glioma_tumor,Training,0,d26ec4b155344b81697a2e3c09abb61d565af48304a866a7f5f70eaf3a3928ad
C:\Users\ransi\Documents\AA  SLIIT\Y2S1\IT2011 AIML\My First AI Project\EfficientNetB3_Project\data\brain_tumor_mri\Training\pituitary_tumor\p (226).jpg,p (226).jpg,pituitary_tumor,Training,3,1cc6dd52e9e3f6b90046cbcf4fbb22ebb1388256d6ef6f3178499080f635f4ec
C:\Users\ransi\Documents\AA  SLIIT\Y2S1\IT2011 AIML\My First AI Project\EfficientNetB3_Project\data\brain_tumor_mri\Testing\pituitary_tumor\image(90).jpg,image(90).jpg,pituitary_tumor,Testing,3,8d463bf588c1bc9e685df1729434a541f187054456fe244024966078fe1aef61
C:\Users\ransi\Documents\AA  SLIIT\Y2S1\IT2011 AIML\My First AI Project\EfficientNetB3_Project\data\brain_tumor_mri\Training\glioma_tumor\gg (520).jpg,gg (520).jpg,glioma_tumor,Training,0,945b62e6bde83c9487d13299a3efab643303204f074cb69a8f496a7cbff46bbe
C:\Users\ransi\Documents\AA  SLIIT\Y2S1\IT2011 AIML\My First AI Project\EfficientNetB3_Project\data\brain_tumor_mri\Training\glioma_tumor\gg (474).jpg,gg (474).jpg,glioma_tumor,Training,0,3c8483258e976181126b1209f13acb07d3da4726c85b01e4d003c4b175222cbd
C:\Users\ransi\Documents\AA  SLIIT\Y2S1\IT2011 AIML\My First AI Project\EfficientNetB3_Project\data\brain_tumor_mri\Training\pituitary_tumor\p (470).jpg,p (470).jpg,pituitary_tumor,Training,3,553eb7217a3e2035de88d5ba71324e4a0b55879ea4ecb731184a055bd1208af0
C:\Users\ransi\Documents\AA  SLIIT\Y2S1\IT2011 AIML\My First AI Project\EfficientNetB3_Project\data\brain_tumor_mri\Testing\meningioma_tumor\image(93).jpg,image(93).jpg,meningioma_tumor,Testing,1,19f85781d3642a0c0a9d3831265070195500ff2f41feb84cf72bb87b12060e7e
C:\Users\ransi\Documents\AA  SLIIT\Y2S1\IT2011 AIML\My First AI Project\EfficientNetB3_Project\data\brain_tumor_mri\Training\no_tumor\image(72).jpg,image(72).jpg,no_tumor,Training,2,25dbc9664f03a7af82b74aec6c5497cd94dc5f6f639907656725d0ac88cfd111
C:\Users\ransi\Documents\AA  SLIIT\Y2S1\IT2011 AIML\My First AI Project\EfficientNetB3_Project\data\brain_tumor_mri\Training\meningioma_tumor\m2 (94).jpg,m2 (94).jpg,meningioma_tumor,Training,1,72772e75720098b0b3fa1ab4f4c5811f6531c1dbc1ce99bb09be6b8d01fd388d
C:\Users\ransi\Documents\AA  SLIIT\Y2S1\IT2011 AIML\My First AI Project\EfficientNetB3_Project\data\brain_tumor_mri\Training\pituitary_tumor\p (207).jpg,p (207).jpg,pituitary_tumor,Training,3,69e80166e4e9903bdcf909fb33069d846ae20789d412be78830808a1e2fd9a7a
C:\Users\ransi\Documents\AA  SLIIT\Y2S1\IT2011 AIML\My First AI Project\EfficientNetB3_Project\data\brain_tumor_mri\Training\no_tumor\image(185).jpg,image(185).jpg,no_tumor,Training,2,0972f881fe5364a42f7df59998e80bb8d2b2e9f4dd93009ee23c3ba254c3746f
C:\Users\ransi\Documents\AA  SLIIT\Y2S1\IT2011 AIML\My First AI Project\EfficientNetB3_Project\data\brain_tumor_mri\Training\pituitary_tumor\p (178).jpg,p (178).jpg,pituitary_tumor,Training,3,fa835932d746ab2a7dfd382f13c8e7be99a2f60855bc484ac487d61ebebaf0b8
C:\Users\ransi\Documents\AA  SLIIT\Y2S1\IT2011 AIML\My First AI Project\EfficientNetB3_Project\data\brain_tumor_mri\Training\meningioma_tumor\m1(199).jpg,m1(199).jpg,meningioma_tumor,Training,1,8a78218d3ea57c7e537c14609d48154a1cee9748243fff43f287db8c1957d11f
C:\Users\ransi\Documents\AA  SLIIT\Y2S1\IT2011 AIML\My First AI Project\EfficientNetB3_Project\data\brain_tumor_mri\Training\meningioma_tumor\m (52).jpg,m (52).jpg,meningioma_tumor,Training,1,49f350ac9f72537df374801a58a4c5dec3af188734669dc0055809b7e0e14122
C:\Users\ransi\Documents\AA  SLIIT\Y2S1\IT2011 AIML\My First AI Project\EfficientNetB3_Project\data\brain_tumor_mri\Training\pituitary_tumor\p (410).jpg,p (410).jpg,pituitary_tumor,Training,3,c2d27aead070acc3319117253b69af78c2ba7b4530918716cfdb63742e707a3b
C:\Users\ransi\Documents\AA  SLIIT\Y2S1\IT2011 AIML\My First AI Project\EfficientNetB3_Project\data\brain_tumor_mri\Training\glioma_tumor\gg (468).jpg,gg (468).jpg,glioma_tumor,Training,0,5612ca1394295d32f83c70074346efcc623117a276277049bdb17392069be286
C:\Users\ransi\Documents\AA  SLIIT\Y2S1\IT2011 AIML\My First AI Project\EfficientNetB3_Project\data\brain_tumor_mri\Training\pituitary_tumor\p (747).jpg,p (747).jpg,pituitary_tumor,Training,3,21c8fc5f8a8a80d137c3e42f54cc53221b77f0961db95d259ffcb255413c7cde
C:\Users\ransi\Documents\AA  SLIIT\Y2S1\IT2011 AIML\My First AI Project\EfficientNetB3_Project\data\brain_tumor_mri\Training\no_tumor\image (31).jpg,image (31).jpg,no_tumor,Training,2,5a66211168e2f92209f3aee80fe618a1555144bada16fdc2035d1780321c02cf
C:\Users\ransi\Documents\AA  SLIIT\Y2S1\IT2011 AIML\My First AI Project\EfficientNetB3_Project\data\brain_tumor_mri\Training\glioma_tumor\gg (46).jpg,gg (46).jpg,glioma_tumor,Training,0,d347a0839917903ff31446507a36587521fab615aebd2d2723194dbe92b25d2e
C:\Users\ransi\Documents\AA  SLIIT\Y2S1\IT2011 AIML\My First AI Project\EfficientNetB3_Project\data\brain_tumor_mri\Training\no_tumor\image(91).jpg,image(91).jpg,no_tumor,Training,2,464c99ab64b0cce69e6d36ae06e0cdeda7ed06b3b0516f6715c8e1e083ca0c9b
C:\Users\ransi\Documents\AA  SLIIT\Y2S1\IT2011 AIML\My First AI Project\EfficientNetB3_Project\data\brain_tumor_mri\Training\pituitary_tumor\p (142).jpg,p (142).jpg,pituitary_tumor,Training,3,093339c41d9946158257322dbd4a2aeb5e56fa736aeea67c8333318ad5434aad
C:\Users\ransi\Documents\AA  SLIIT\Y2S1\IT2011 AIML\My First AI Project\EfficientNetB3_Project\data\brain_tumor_mri\Training\pituitary_tumor\p (676).jpg,p (676).jpg,pituitary_tumor,Training,3,8d301a1109a04cb3844e786c5d7c81a31ae2548129d71cb85db96063a3cada50
C:\Users\ransi\Documents\AA  SLIIT\Y2S1\IT2011 AIML\My First AI Project\EfficientNetB3_Project\data\brain_tumor_mri\Training\glioma_tumor\gg (112).jpg,gg (112).jpg,glioma_tumor,Training,0,e215b76f6d2bb66bebcdc318dc6d6858acad97b16b617b7c331ec0adde4056ff
C:\Users\ransi\Documents\AA  SLIIT\Y2S1\IT2011 AIML\My First AI Project\EfficientNetB3_Project\data\brain_tumor_mri\Training\meningioma_tumor\m1(184).jpg,m1(184).jpg,meningioma_tumor,Training,1,43d69187c66f53cf5bbfaad79bdeda18678b2bde8f1c144c051e4a8ae1f53fe5
C:\Users\ransi\Documents\AA  SLIIT\Y2S1\IT2011 AIML\My First AI Project\EfficientNetB3_Project\data\brain_tumor_mri\Training\glioma_tumor\gg (289).jpg,gg (289).jpg,glioma_tumor,Training,0,6d9a007ea17ea24d4457d7fd61e055e6297df8a1e5453593fd1a3f40ada462e9
C:\Users\ransi\Documents\AA  SLIIT\Y2S1\IT2011 AIML\My First AI Project\EfficientNetB3_Project\data\brain_tumor_mri\Training\pituitary_tumor\p (150).jpg,p (150).jpg,pituitary_tumor,Training,3,1f0b1f08b16fd1d7172bc7633eca7d69ca10392607541fa45b1dc3c4282bf239
C:\Users\ransi\Documents\AA  SLIIT\Y2S1\IT2011 AIML\My First AI Project\EfficientNetB3_Project\data\brain_tumor_mri\Training\glioma_tumor\gg (393).jpg,gg (393).jpg,glioma_tumor,Training,0,2731891f82c3d30900a9bb24c086853235af258d9a36715322e8e5a644d7af21
C:\Users\ransi\Documents\AA  SLIIT\Y2S1\IT2011 AIML\My First AI Project\EfficientNetB3_Project\data\brain_tumor_mri\Training\pituitary_tumor\p (576).jpg,p (576).jpg,pituitary_tumor,Training,3,deb84c8fc0de967539c870cf987b48056fadb9ab53c33899d0f7fce691b0c820
C:\Users\ransi\Documents\AA  SLIIT\Y2S1\IT2011 AIML\My First AI Project\EfficientNetB3_Project\data\brain_tumor_mri\Training\meningioma_tumor\m (131).jpg,m (131).jpg,meningioma_tumor,Training,1,978490f47405eea017e059a603921b1bbea9f8f738808b51d3ea639fa9ecc780
C:\Users\ransi\Documents\AA  SLIIT\Y2S1\IT2011 AIML\My First AI Project\EfficientNetB3_Project\data\brain_tumor_mri\Training\meningioma_tumor\m1(19).jpg,m1(19).jpg,meningioma_tumor,Training,1,dee85e5dfd7054c5ddfc6f1128456d43043f6ddf422324f115819401a8ae92cd
C:\Users\ransi\Documents\AA  SLIIT\Y2S1\IT2011 AIML\My First AI Project\EfficientNetB3_Project\data\brain_tumor_mri\Training\glioma_tumor\gg (391).jpg,gg (391).jpg,glioma_tumor,Training,0,da04a5db1d009d859b4d57f2bb76fb92afa26810ddc5d64bda8517148afd2bb8
C:\Users\ransi\Documents\AA  SLIIT\Y2S1\IT2011 AIML\My First AI Project\EfficientNetB3_Project\data\brain_tumor_mri\Training\meningioma_tumor\m1(129).jpg,m1(129).jpg,meningioma_tumor,Training,1,8fa0f1b0bad36d5bd71216ede76d56161464a390dd2600b0b1cbb81038188c39
C:\Users\ransi\Documents\AA  SLIIT\Y2S1\IT2011 AIML\My First AI Project\EfficientNetB3_Project\data\brain_tumor_mri\Testing\meningioma_tumor\image(38).jpg,image(38).jpg,meningioma_tumor,Testing,1,f9c7519fa1b025afb6c7dcb3e7ac3807ab36ffaa535b8dbf72ed6b418303f486
C:\Users\ransi\Documents\AA  SLIIT\Y2S1\IT2011 AIML\My First AI Project\EfficientNetB3_Project\data\brain_tumor_mri\Training\glioma_tumor\gg (25).jpg,gg (25).jpg,glioma_tumor,Training,0,45f7223b7d3354ee6fd842cf0583a0053009b165b8565443c51f147f10093783
C:\Users\ransi\Documents\AA  SLIIT\Y2S1\IT2011 AIML\My First AI Project\EfficientNetB3_Project\data\brain_tumor_mri\Training\no_tumor\image(4).jpg,image(4).jpg,no_tumor,Training,2,053a6036a57e58922ce011f713ddb44f78af390306aa055803e24338eb977075
C:\Users\ransi\Documents\AA  SLIIT\Y2S1\IT2011 AIML\My First AI Project\EfficientNetB3_Project\data\brain_tumor_mri\Training\glioma_tumor\gg (459).jpg,gg (459).jpg,glioma_tumor,Training,0,6a47ad95ff92bc95fede71e8097b432a27bb6cee3cb5f6e1827df3461d1bad9d
C:\Users\ransi\Documents\AA  SLIIT\Y2S1\IT2011 AIML\My First AI Project\EfficientNetB3_Project\data\brain_tumor_mri\Training\glioma_tumor\gg (93).jpg,gg (93).jpg,glioma_tumor,Training,0,2cc19d4cdda41cac8ec45058e1de2fca4a07ecb9e38f0ca8cd7fb24f31048724
C:\Users\ransi\Documents\AA  SLIIT\Y2S1\IT2011 AIML\My First AI Project\EfficientNetB3_Project\data\brain_tumor_mri\Training\pituitary_tumor\p (6).jpg,p (6).jpg,pituitary_tumor,Training,3,e8ae2877be78382ab2cb00041e44099e9c195b0a654e7ed9de61897e759e4090
C:\Users\ransi\Documents\AA  SLIIT\Y2S1\IT2011 AIML\My First AI Project\EfficientNetB3_Project\data\brain_tumor_mri\Training\pituitary_tumor\p (5).jpg,p (5).jpg,pituitary_tumor,Training,3,50fa21cec7f9a1ac4d80f95f810d9890563f2e5b91160d4d83e945add7298660
C:\Users\ransi\Documents\AA  SLIIT\Y2S1\IT2011 AIML\My First AI Project\EfficientNetB3_Project\data\brain_tumor_mri\Training\glioma_tumor\gg (730).jpg,gg (730).jpg,glioma_tumor,Training,0,0aae6a419911e500d4a12257546a022b8aee1e4cf46bdf4acdfcb69e351c6837
C:\Users\ransi\Documents\AA  SLIIT\Y2S1\IT2011 AIML\My First AI Project\EfficientNetB3_Project\data\brain_tumor_mri\Training\glioma_tumor\gg (250).jpg,gg (250).jpg,glioma_tumor,Training,0,b555be4ecf5f44c1e6346b93d0c4cbd8e2be7965ed09ebaa4199caef2d106fcd
C:\Users\ransi\Documents\AA  SLIIT\Y2S1\IT2011 AIML\My First AI Project\EfficientNetB3_Project\data\brain_tumor_mri\Training\glioma_tumor\gg (223).jpg,gg (223).jpg,glioma_tumor,Training,0,b28ec47201f87ca88392c91e0e5acd20b8bdc4c8b6990cb4c575dee4a7109f48
C:\Users\ransi\Documents\AA  SLIIT\Y2S1\IT2011 AIML\My First AI Project\EfficientNetB3_Project\data\brain_tumor_mri\Training\glioma_tumor\gg (70).jpg,gg (70).jpg,glioma_tumor,Training,0,4122a18f122a2d22ad4c62ecc156b14a3212b8d9eea328d36be6a1ca8a6872f9
C:\Users\ransi\Documents\AA  SLIIT\Y2S1\IT2011 AIML\My First AI Project\EfficientNetB3_Project\data\brain_tumor_mri\Training\glioma_tumor\gg (348).jpg,gg (348).jpg,glioma_tumor,Training,0,50f5fb7d7114a9405ec48fd0efc10362d3a6807555446d69aaeb60b5909a0666
C:\Users\ransi\Documents\AA  SLIIT\Y2S1\IT2011 AIML\My First AI Project\EfficientNetB3_Project\data\brain_tumor_mri\Training\meningioma_tumor\m (175).jpg,m (175).jpg,meningioma_tumor,Training,1,8bc7333cac19eae9e29c7b5ba6a8aa21e1cb565ba8b2f621d4f1164a716342ab
C:\Users\ransi\Documents\AA  SLIIT\Y2S1\IT2011 AIML\My First AI Project\EfficientNetB3_Project\data\brain_tumor_mri\Testing\meningioma_tumor\image(59).jpg,image(59).jpg,meningioma_tumor,Testing,1,664c8e8cd61fc28844149e95bf4c7b75bc9012d92869446f94d4dc8f8c7bece9
C:\Users\ransi\Documents\AA  SLIIT\Y2S1\IT2011 AIML\My First AI Project\EfficientNetB3_Project\data\brain_tumor_mri\Testing\no_tumor\image(84).jpg,image(84).jpg,no_tumor,Testing,2,136e27954eca1b7b887f3700f412b2c531153938a0d721d1557a94c3362497c2
C:\Users\ransi\Documents\AA  SLIIT\Y2S1\IT2011 AIML\My First AI Project\EfficientNetB3_Project\data\brain_tumor_mri\Training\no_tumor\image(173).jpg,image(173).jpg,no_tumor,Training,2,2ad6ffff97ce8cbfd5d4785955ea16a6ccf7090eb67a8015e47cd8902571b827
C:\Users\ransi\Documents\AA  SLIIT\Y2S1\IT2011 AIML\My First AI Project\EfficientNetB3_Project\data\brain_tumor_mri\Training\glioma_tumor\gg (465).jpg,gg (465).jpg,glioma_tumor,Training,0,67e569441f03c7063de62557c2341b46dabfbaaf7a52c824cd3e7540cf62c2a5
C:\Users\ransi\Documents\AA  SLIIT\Y2S1\IT2011 AIML\My First AI Project\EfficientNetB3_Project\data\brain_tumor_mri\Training\pituitary_tumor\p (518).jpg,p (518).jpg,pituitary_tumor,Training,3,84cdcb9b556da05793446791a0e594fbecea807483d8462558278cdc51dc2d64
C:\Users\ransi\Documents\AA  SLIIT\Y2S1\IT2011 AIML\My First AI Project\EfficientNetB3_Project\data\brain_tumor_mri\Training\no_tumor\image (12).jpg,image (12).jpg,no_tumor,Training,2,857a5c89de61db4c33f5ce63b5a1aa20d936d6aaa7fe6022e286eb5f3d62d8bd
C:\Users\ransi\Documents\AA  SLIIT\Y2S1\IT2011 AIML\My First AI Project\EfficientNetB3_Project\data\brain_tumor_mri\Training\pituitary_tumor\p (653).jpg,p (653).jpg,pituitary_tumor,Training,3,74fb0b99d9d3799baaf6ef49dbf94bd82a5d6b50d03789e1a29ecac5d42c3666
C:\Users\ransi\Documents\AA  SLIIT\Y2S1\IT2011 AIML\My First AI Project\EfficientNetB3_Project\data\brain_tumor_mri\Training\no_tumor\image(204).jpg,image(204).jpg,no_tumor,Training,2,840e12a9d0fc509d61fab11db74d1716234312bd96939b632e19b8f102ace3cf
C:\Users\ransi\Documents\AA  SLIIT\Y2S1\IT2011 AIML\My First AI Project\EfficientNetB3_Project\data\brain_tumor_mri\Training\pituitary_tumor\p (334).jpg,p (334).jpg,pituitary_tumor,Training,3,16d348ec88f78b272762e93c244d8555001602a05c12254d8c83c1c5748e5e23
C:\Users\ransi\Documents\AA  SLIIT\Y2S1\IT2011 AIML\My First AI Project\EfficientNetB3_Project\data\brain_tumor_mri\Testing\glioma_tumor\image(79).jpg,image(79).jpg,glioma_tumor,Testing,0,cd0ed664951fcfd1ac7657a788f912f298b005d4cd99303da31c8399363c58cc
C:\Users\ransi\Documents\AA  SLIIT\Y2S1\IT2011 AIML\My First AI Project\EfficientNetB3_Project\data\brain_tumor_mri\Training\meningioma_tumor\m (164).jpg,m (164).jpg,meningioma_tumor,Training,1,e821593cfd23f5b6731e5eb36774a402524c852aec6434d845e61fa09428ec57
C:\Users\ransi\Documents\AA  SLIIT\Y2S1\IT2011 AIML\My First AI Project\EfficientNetB3_Project\data\brain_tumor_mri\Training\meningioma_tumor\m1(130).jpg,m1(130).jpg,meningioma_tumor,Training,1,bdcb36433384ba17ee22c69a3e4f9149b20b69ecd85dd272a80dda704aff0aa8
C:\Users\ransi\Documents\AA  SLIIT\Y2S1\IT2011 AIML\My First AI Project\EfficientNetB3_Project\data\brain_tumor_mri\Training\glioma_tumor\gg (312).jpg,gg (312).jpg,glioma_tumor,Training,0,81e9fe962fd5d9d395e58136c220c68e3a184559ac4e72227e23a5c9ec80dc48
C:\Users\ransi\Documents\AA  SLIIT\Y2S1\IT2011 AIML\My First AI Project\EfficientNetB3_Project\data\brain_tumor_mri\Training\no_tumor\image(21).jpg,image(21).jpg,no_tumor,Training,2,733e77e4b6da2d851bddbf9cf2768c02db39d5fa0f7be61fdbcb9d1e044abb76
C:\Users\ransi\Documents\AA  SLIIT\Y2S1\IT2011 AIML\My First AI Project\EfficientNetB3_Project\data\brain_tumor_mri\Training\glioma_tumor\gg (746).jpg,gg (746).jpg,glioma_tumor,Training,0,7e5ffb95e6785b3976ea590374de2be588c5578cc2ea2bfa7487eb34d75d9d19
C:\Users\ransi\Documents\AA  SLIIT\Y2S1\IT2011 AIML\My First AI Project\EfficientNetB3_Project\data\brain_tumor_mri\Training\meningioma_tumor\m1(59).jpg,m1(59).jpg,meningioma_tumor,Training,1,e8beb567ef9fd041d85dea070642eb31e0aa80ec77edeb05a5a7f55a298e4751
C:\Users\ransi\Documents\AA  SLIIT\Y2S1\IT2011 AIML\My First AI Project\EfficientNetB3_Project\data\brain_tumor_mri\Training\glioma_tumor\gg (666).jpg,gg (666).jpg,glioma_tumor,Training,0,ab9ece3b7c65e26636ab7cc52aa793cd1c61612eb78295a9e21948ed5811ec51
C:\Users\ransi\Documents\AA  SLIIT\Y2S1\IT2011 AIML\My First AI Project\EfficientNetB3_Project\data\brain_tumor_mri\Training\pituitary_tumor\p (100).jpg,p (100).jpg,pituitary_tumor,Training,3,734b7a652fc0b92bfb7577176819feef5c8480ca5da3220f6d1c8e14ce614650
C:\Users\ransi\Documents\AA  SLIIT\Y2S1\IT2011 AIML\My First AI Project\EfficientNetB3_Project\data\brain_tumor_mri\Training\pituitary_tumor\p (491).jpg,p (491).jpg,pituitary_tumor,Training,3,68d38ce323605033ba3fc6597cd59016e4d53ccee2f6e7b6dc06767abc0ada52
C:\Users\ransi\Documents\AA  SLIIT\Y2S1\IT2011 AIML\My First AI Project\EfficientNetB3_Project\data\brain_tumor_mri\Training\pituitary_tumor\p (477).jpg,p (477).jpg,pituitary_tumor,Training,3,a97416b8c029613dd20198a1d34e86e1de503605719a097e1b76b6b2e020a5a1
C:\Users\ransi\Documents\AA  SLIIT\Y2S1\IT2011 AIML\My First AI Project\EfficientNetB3_Project\data\brain_tumor_mri\Training\glioma_tumor\gg (84).jpg,gg (84).jpg,glioma_tumor,Training,0,c0ad6d0de9c701f8d1935d68337d7787eb488cf6eee06e5af6f0612d9d8a0bd5
C:\Users\ransi\Documents\AA  SLIIT\Y2S1\IT2011 AIML\My First AI Project\EfficientNetB3_Project\data\brain_tumor_mri\Training\glioma_tumor\gg (102).jpg,gg (102).jpg,glioma_tumor,Training,0,de2ce47d16519f40fc1d37b7029b7c646a611acc28abddcb8527e8c6d7316510
C:\Users\ransi\Documents\AA  SLIIT\Y2S1\IT2011 AIML\My First AI Project\EfficientNetB3_Project\data\brain_tumor_mri\Training\pituitary_tumor\p (579).jpg,p (579).jpg,pituitary_tumor,Training,3,7d0738e4f6493b449e20a147b80f674c589dc478dd6b5ccd4fb6ea1c329f0cfe
C:\Users\ransi\Documents\AA  SLIIT\Y2S1\IT2011 AIML\My First AI Project\EfficientNetB3_Project\data\brain_tumor_mri\Training\glioma_tumor\gg (620).jpg,gg (620).jpg,glioma_tumor,Training,0,4bd8dd8c8c6180140045ffa5c67312b27157a7a8b6853834f6196257fe224f4f
C:\Users\ransi\Documents\AA  SLIIT\Y2S1\IT2011 AIML\My First AI Project\EfficientNetB3_Project\data\brain_tumor_mri\Training\no_tumor\image (36).jpg,image (36).jpg,no_tumor,Training,2,84acb850a9c5348cd00623122246c83dffd727e007aedc1d484e39d06e784c6f
C:\Users\ransi\Documents\AA  SLIIT\Y2S1\IT2011 AIML\My First AI Project\EfficientNetB3_Project\data\brain_tumor_mri\Training\glioma_tumor\gg (104).jpg,gg (104).jpg,glioma_tumor,Training,0,9c6957b8bfd19b01b5374ea31db6415b5edd882e4bb05f7cee6a5b9ef341303a
C:\Users\ransi\Documents\AA  SLIIT\Y2S1\IT2011 AIML\My First AI Project\EfficientNetB3_Project\data\brain_tumor_mri\Training\meningioma_tumor\m3 (25).jpg,m3 (25).jpg,meningioma_tumor,Training,1,8858910caf6c5f185915144476aa1afc0d12ec76d9a1ffc48246936de0bede5b
C:\Users\ransi\Documents\AA  SLIIT\Y2S1\IT2011 AIML\My First AI Project\EfficientNetB3_Project\data\brain_tumor_mri\Training\meningioma_tumor\m1(28).jpg,m1(28).jpg,meningioma_tumor,Training,1,b71b6f94366c4488fd626abcd87e2786084157b4a99cffdc90aadf01b7e93414
C:\Users\ransi\Documents\AA  SLIIT\Y2S1\IT2011 AIML\My First AI Project\EfficientNetB3_Project\data\brain_tumor_mri\Training\glioma_tumor\gg (717).jpg,gg (717).jpg,glioma_tumor,Training,0,e442eac193385a3830ab001b6fd63f7ee6437e179d7936b2747441b91e64f940
C:\Users\ransi\Documents\AA  SLIIT\Y2S1\IT2011 AIML\My First AI Project\EfficientNetB3_Project\data\brain_tumor_mri\Training\glioma_tumor\gg (352).jpg,gg (352).jpg,glioma_tumor,Training,0,d4d7eb03b8a953c7219ad3702151fd072d64957f5c4590550448e36c935784c8
C:\Users\ransi\Documents\AA  SLIIT\Y2S1\IT2011 AIML\My First AI Project\EfficientNetB3_Project\data\brain_tumor_mri\Training\meningioma_tumor\m2 (28).jpg,m2 (28).jpg,meningioma_tumor,Training,1,7175b47dfa055e75fdc07d1a044b3f05c3112581652d11f742901a7688f33d9d
C:\Users\ransi\Documents\AA  SLIIT\Y2S1\IT2011 AIML\My First AI Project\EfficientNetB3_Project\data\brain_tumor_mri\Training\glioma_tumor\gg (712).jpg,gg (712).jpg,glioma_tumor,Training,0,a78f55988cfce59a2ae9e1e1b1df9995aab7b4f0e3f43d138029c84cb9662c19
C:\Users\ransi\Documents\AA  SLIIT\Y2S1\IT2011 AIML\My First AI Project\EfficientNetB3_Project\data\brain_tumor_mri\Training\glioma_tumor\gg (37).jpg,gg (37).jpg,glioma_tumor,Training,0,3496517adbfe8cab0de1aaac7094b73fd379ab890ebc06b581ee0883691abe38
C:\Users\ransi\Documents\AA  SLIIT\Y2S1\IT2011 AIML\My First AI Project\EfficientNetB3_Project\data\brain_tumor_mri\Training\meningioma_tumor\m1(186).jpg,m1(186).jpg,meningioma_tumor,Training,1,49e13da805572838ee86f2e79b5bd620bf5d1284c62b70cc96599aeb01f115ff
C:\Users\ransi\Documents\AA  SLIIT\Y2S1\IT2011 AIML\My First AI Project\EfficientNetB3_Project\data\brain_tumor_mri\Training\pituitary_tumor\p (421).jpg,p (421).jpg,pituitary_tumor,Training,3,39eac376ac3c6aebacff77655015b1e1eb4cc1e67a1853a69796822a7e43124d
C:\Users\ransi\Documents\AA  SLIIT\Y2S1\IT2011 AIML\My First AI Project\EfficientNetB3_Project\data\brain_tumor_mri\Training\meningioma_tumor\m3 (139).jpg,m3 (139).jpg,meningioma_tumor,Training,1,7d6e3868939a8d6e91f82f75efeae7ae3f5ab03d3c6881b52e97705a2f2e3e9c
C:\Users\ransi\Documents\AA  SLIIT\Y2S1\IT2011 AIML\My First AI Project\EfficientNetB3_Project\data\brain_tumor_mri\Training\pituitary_tumor\p (526).jpg,p (526).jpg,pituitary_tumor,Training,3,7b620f6dc323d403afb8ffe83ac2c78116cc93849cc016f6f4217c94aa6e4a5b
C:\Users\ransi\Documents\AA  SLIIT\Y2S1\IT2011 AIML\My First AI Project\EfficientNetB3_Project\data\brain_tumor_mri\Training\pituitary_tumor\p (718).jpg,p (718).jpg,pituitary_tumor,Training,3,064e1587f9ec449a4f7bf29302220a8ff9f75dcbffb01b168f84b2343f470a91
C:\Users\ransi\Documents\AA  SLIIT\Y2S1\IT2011 AIML\My First AI Project\EfficientNetB3_Project\data\brain_tumor_mri\Training\pituitary_tumor\p (740).jpg,p (740).jpg,pituitary_tumor,Training,3,d18e158bc00f01d81fc4c7adbac7d4cedae5eb0090d49a0f839c251adea724b4
C:\Users\ransi\Documents\AA  SLIIT\Y2S1\IT2011 AIML\My First AI Project\EfficientNetB3_Project\data\brain_tumor_mri\Training\pituitary_tumor\p (344).jpg,p (344).jpg,pituitary_tumor,Training,3,2c8f4332510fb895098c5d6fb6e5f5b991bc2abd1b10491523dda47804a19791
C:\Users\ransi\Documents\AA  SLIIT\Y2S1\IT2011 AIML\My First AI Project\EfficientNetB3_Project\data\brain_tumor_mri\Training\pituitary_tumor\p (494).jpg,p (494).jpg,pituitary_tumor,Training,3,5365a851fc1ee55019434142312aa3e8157e00ea8e6d81f06b0f433c6970cba7
C:\Users\ransi\Documents\AA  SLIIT\Y2S1\IT2011 AIML\My First AI Project\EfficientNetB3_Project\data\brain_tumor_mri\Training\meningioma_tumor\m1(127).jpg,m1(127).jpg,meningioma_tumor,Training,1,704920b952a5b39458c8878301a01e0a109fbdd81f06c502346f6c03913de5ca
C:\Users\ransi\Documents\AA  SLIIT\Y2S1\IT2011 AIML\My First AI Project\EfficientNetB3_Project\data\brain_tumor_mri\Training\no_tumor\image(1).jpg,image(1).jpg,no_tumor,Training,2,f2d9f0979df98ce2e4aab669d3c141ca02ebce9eb15775267bfd6d4eae2a7d7f
C:\Users\ransi\Documents\AA  SLIIT\Y2S1\IT2011 AIML\My First AI Project\EfficientNetB3_Project\data\brain_tumor_mri\Testing\pituitary_tumor\image(7).jpg,image(7).jpg,pituitary_tumor,Testing,3,dcd95c0c2665cd7680ba5d36c4f46df84c24faec7bb5b4bd31d164a04703d9a5
C:\Users\ransi\Documents\AA  SLIIT\Y2S1\IT2011 AIML\My First AI Project\EfficientNetB3_Project\data\brain_tumor_mri\Training\pituitary_tumor\p (463).jpg,p (463).jpg,pituitary_tumor,Training,3,f201e240c765dd650146cb09c8197069a6f7fda60be0f6b9ca1286f15d02eb16
C:\Users\ransi\Documents\AA  SLIIT\Y2S1\IT2011 AIML\My First AI Project\EfficientNetB3_Project\data\brain_tumor_mri\Training\no_tumor\image(286).jpg,image(286).jpg,no_tumor,Training,2,317c76528b24d8416ce7bff13e60de5c3837fbbb224a3769955e95411962da5f
C:\Users\ransi\Documents\AA  SLIIT\Y2S1\IT2011 AIML\My First AI Project\EfficientNetB3_Project\data\brain_tumor_mri\Training\no_tumor\image(73).jpg,image(73).jpg,no_tumor,Training,2,2ed15a662d8dcdf6077f3bf8bb4d21722e2a3b90ff2cf194db18b75933a4d322
C:\Users\ransi\Documents\AA  SLIIT\Y2S1\IT2011 AIML\My First AI Project\EfficientNetB3_Project\data\brain_tumor_mri\Testing\meningioma_tumor\image(61).jpg,image(61).jpg,meningioma_tumor,Testing,1,560108cf47bf68a25d59b30642274cf8a2eef0596e6ce275e878652c3ab65f0d
C:\Users\ransi\Documents\AA  SLIIT\Y2S1\IT2011 AIML\My First AI Project\EfficientNetB3_Project\data\brain_tumor_mri\Training\glioma_tumor\gg (411).jpg,gg (411).jpg,glioma_tumor,Training,0,dfd59a5d2e3cbd4cb62cefd029470b5d2e6e034d754477d2ca8d22be3dc62ff0
C:\Users\ransi\Documents\AA  SLIIT\Y2S1\IT2011 AIML\My First AI Project\EfficientNetB3_Project\data\brain_tumor_mri\Training\meningioma_tumor\m (101).jpg,m (101).jpg,meningioma_tumor,Training,1,dd453ddc215f09b7a39dff3ccd3e0d55000cf03689642e8fb1b5c844228c7a3c
C:\Users\ransi\Documents\AA  SLIIT\Y2S1\IT2011 AIML\My First AI Project\EfficientNetB3_Project\data\brain_tumor_mri\Testing\meningioma_tumor\image(9).jpg,image(9).jpg,meningioma_tumor,Testing,1,88db6aa1c085c4ed123b0550eb95f25d13bcd1ea4d0f23a44fb469ff8ae49540
C:\Users\ransi\Documents\AA  SLIIT\Y2S1\IT2011 AIML\My First AI Project\EfficientNetB3_Project\data\brain_tumor_mri\Testing\pituitary_tumor\image(45).jpg,image(45).jpg,pituitary_tumor,Testing,3,aff49c4e9fbe859bc0608338e96e8e4eab4743e7100c05f81b48e68a799d38d4
C:\Users\ransi\Documents\AA  SLIIT\Y2S1\IT2011 AIML\My First AI Project\EfficientNetB3_Project\data\brain_tumor_mri\Testing\no_tumor\image(103).jpg,image(103).jpg,no_tumor,Testing,2,d8ea17fdb98908199591b41310c56ae6a2b90408287403a45333653e079944b1
C:\Users\ransi\Documents\AA  SLIIT\Y2S1\IT2011 AIML\My First AI Project\EfficientNetB3_Project\data\brain_tumor_mri\Training\pituitary_tumor\p (570).jpg,p (570).jpg,pituitary_tumor,Training,3,fa1b99a077c2038fb23ef239e11ae9c34bae7cb6ffcaf1fc44a4793a775384ce
C:\Users\ransi\Documents\AA  SLIIT\Y2S1\IT2011 AIML\My First AI Project\EfficientNetB3_Project\data\brain_tumor_mri\Training\glioma_tumor\gg (453).jpg,gg (453).jpg,glioma_tumor,Training,0,642c112c5f70069a76cf524c3004168173f8960d55653b3153d7e2fa82061158
C:\Users\ransi\Documents\AA  SLIIT\Y2S1\IT2011 AIML\My First AI Project\EfficientNetB3_Project\data\brain_tumor_mri\Training\no_tumor\image(211).jpg,image(211).jpg,no_tumor,Training,2,cc336bb30a64c66a0897e048331ca9818b553b8d0c313ed4980971c5b8ea1b46
C:\Users\ransi\Documents\AA  SLIIT\Y2S1\IT2011 AIML\My First AI Project\EfficientNetB3_Project\data\brain_tumor_mri\Training\pituitary_tumor\p (247).jpg,p (247).jpg,pituitary_tumor,Training,3,f4222a5ad9f3b58f8bb00a22f4a306ab14b9b8deef1e94c998724f4fea92cf8c
C:\Users\ransi\Documents\AA  SLIIT\Y2S1\IT2011 AIML\My First AI Project\EfficientNetB3_Project\data\brain_tumor_mri\Training\no_tumor\image (34).jpg,image (34).jpg,no_tumor,Training,2,3e66ecd9f2d07394ea13b8f2ce9212677a14aea1066e13a1445b00cbc59b998e
C:\Users\ransi\Documents\AA  SLIIT\Y2S1\IT2011 AIML\My First AI Project\EfficientNetB3_Project\data\brain_tumor_mri\Training\pituitary_tumor\p (542).jpg,p (542).jpg,pituitary_tumor,Training,3,a07d92151173d87fcc6db595fc2ade901f1ef67a772105ed8888d1e6a2954f16
C:\Users\ransi\Documents\AA  SLIIT\Y2S1\IT2011 AIML\My First AI Project\EfficientNetB3_Project\data\brain_tumor_mri\Training\meningioma_tumor\m (134).jpg,m (134).jpg,meningioma_tumor,Training,1,03be2cee7a4712d7d62ab5d0d2439577eca10c2d554c3a7e1cdf053a3a36507f
C:\Users\ransi\Documents\AA  SLIIT\Y2S1\IT2011 AIML\My First AI Project\EfficientNetB3_Project\data\brain_tumor_mri\Training\no_tumor\image(300).jpg,image(300).jpg,no_tumor,Training,2,1e44c67ea903803998454afc6c962b949f58d86eb4d07d66676fe3da4ccb27e6
C:\Users\ransi\Documents\AA  SLIIT\Y2S1\IT2011 AIML\My First AI Project\EfficientNetB3_Project\data\brain_tumor_mri\Training\glioma_tumor\gg (789).jpg,gg (789).jpg,glioma_tumor,Training,0,c9a558f416ed54ee6cf6cf9da4543a8c33056ddeb73fad4b016b324b388ba20f
C:\Users\ransi\Documents\AA  SLIIT\Y2S1\IT2011 AIML\My First AI Project\EfficientNetB3_Project\data\brain_tumor_mri\Training\glioma_tumor\gg (58).jpg,gg (58).jpg,glioma_tumor,Training,0,bcec31fe32924a390b91175100e3be053960b732cfb4c618bfe6630c9c1dff2f
C:\Users\ransi\Documents\AA  SLIIT\Y2S1\IT2011 AIML\My First AI Project\EfficientNetB3_Project\data\brain_tumor_mri\Training\no_tumor\image(45).jpg,image(45).jpg,no_tumor,Training,2,9d338079dd3288665657816ebeec6ada298761e0ff9f4c22a59f05c46768db14
C:\Users\ransi\Documents\AA  SLIIT\Y2S1\IT2011 AIML\My First AI Project\EfficientNetB3_Project\data\brain_tumor_mri\Training\glioma_tumor\gg (770).jpg,gg (770).jpg,glioma_tumor,Training,0,f8987c591ee9fc35471b923dbd5604ce25038c8b11bca8f625504766314398ee
C:\Users\ransi\Documents\AA  SLIIT\Y2S1\IT2011 AIML\My First AI Project\EfficientNetB3_Project\data\brain_tumor_mri\Testing\pituitary_tumor\image(65).jpg,image(65).jpg,pituitary_tumor,Testing,3,e99074ab025d65cc916b786675d37496c0f045c8267c222bfbc29c04dab42ffd
C:\Users\ransi\Documents\AA  SLIIT\Y2S1\IT2011 AIML\My First AI Project\EfficientNetB3_Project\data\brain_tumor_mri\Training\no_tumor\image(117).jpg,image(117).jpg,no_tumor,Training,2,957befb0c21fb7516256b50dc0bc5547436412fcd3d2288d4b776d4977a9f970
C:\Users\ransi\Documents\AA  SLIIT\Y2S1\IT2011 AIML\My First AI Project\EfficientNetB3_Project\data\brain_tumor_mri\Training\glioma_tumor\gg (800).jpg,gg (800).jpg,glioma_tumor,Training,0,bd9f92e22ea2708c9cae8a35aec3c17d131c61618552ac6b3ca7be994d432121
C:\Users\ransi\Documents\AA  SLIIT\Y2S1\IT2011 AIML\My First AI Project\EfficientNetB3_Project\data\brain_tumor_mri\Training\pituitary_tumor\p (489).jpg,p (489).jpg,pituitary_tumor,Training,3,d475af6f922f35665a02ef8b0a272eca7561db5df1f2384d28b025d1973e1f9e
C:\Users\ransi\Documents\AA  SLIIT\Y2S1\IT2011 AIML\My First AI Project\EfficientNetB3_Project\data\brain_tumor_mri\Training\no_tumor\image(247).jpg,image(247).jpg,no_tumor,Training,2,2e1bb67ed663d3411dd867c433498aecb0aa50b426f2933a6d7b6ce194a116ae
C:\Users\ransi\Documents\AA  SLIIT\Y2S1\IT2011 AIML\My First AI Project\EfficientNetB3_Project\data\brain_tumor_mri\Training\pituitary_tumor\p (266).jpg,p (266).jpg,pituitary_tumor,Training,3,a30902b53ded75d82bc63044ff156a3cc12c52a8b1d12cd860777c2dbe0fe5ab
C:\Users\ransi\Documents\AA  SLIIT\Y2S1\IT2011 AIML\My First AI Project\EfficientNetB3_Project\data\brain_tumor_mri\Training\glioma_tumor\gg (350).jpg,gg (350).jpg,glioma_tumor,Training,0,288dfc2c2d6557c4392bae84884b210566deed233ea0917178585f79b97c668e
C:\Users\ransi\Documents\AA  SLIIT\Y2S1\IT2011 AIML\My First AI Project\EfficientNetB3_Project\data\brain_tumor_mri\Testing\glioma_tumor\image(25).jpg,image(25).jpg,glioma_tumor,Testing,0,05d9770d85b24d6e950c49f0ece27798b336232538186efc84ac0e86f79c99b1
C:\Users\ransi\Documents\AA  SLIIT\Y2S1\IT2011 AIML\My First AI Project\EfficientNetB3_Project\data\brain_tumor_mri\Training\meningioma_tumor\m3 (153).jpg,m3 (153).jpg,meningioma_tumor,Training,1,2340d70c62a99e1d7580882378c5c4853b02338e213ea2d4dd2f19fc04c713ee
C:\Users\ransi\Documents\AA  SLIIT\Y2S1\IT2011 AIML\My First AI Project\EfficientNetB3_Project\data\brain_tumor_mri\Training\glioma_tumor\gg (22).jpg,gg (22).jpg,glioma_tumor,Training,0,3af72ef1344112f2be5a921c575a0ee4336bbf0b1d2a4aa4fe1de03183d3ffc1
C:\Users\ransi\Documents\AA  SLIIT\Y2S1\IT2011 AIML\My First AI Project\EfficientNetB3_Project\data\brain_tumor_mri\Training\pituitary_tumor\p (361).jpg,p (361).jpg,pituitary_tumor,Training,3,611fe8ce7986149f0693be2fa5ca0b07276487417ae90dedac16b83e4f6fd951
C:\Users\ransi\Documents\AA  SLIIT\Y2S1\IT2011 AIML\My First AI Project\EfficientNetB3_Project\data\brain_tumor_mri\Training\glioma_tumor\gg (177).jpg,gg (177).jpg,glioma_tumor,Training,0,11f3d70755fc2674dc3b3e64a35d5c83d0a3abc5d96d648d6022fee5f74e3935
C:\Users\ransi\Documents\AA  SLIIT\Y2S1\IT2011 AIML\My First AI Project\EfficientNetB3_Project\data\brain_tumor_mri\Training\no_tumor\image(150).jpg,image(150).jpg,no_tumor,Training,2,25dbc9664f03a7af82b74aec6c5497cd94dc5f6f639907656725d0ac88cfd111
C:\Users\ransi\Documents\AA  SLIIT\Y2S1\IT2011 AIML\My First AI Project\EfficientNetB3_Project\data\brain_tumor_mri\Testing\glioma_tumor\image(86).jpg,image(86).jpg,glioma_tumor,Testing,0,d8481f5474b13a727f6443dd1335cd9bb7d9875b6b40d07c6690ad2587800bb4
C:\Users\ransi\Documents\AA  SLIIT\Y2S1\IT2011 AIML\My First AI Project\EfficientNetB3_Project\data\brain_tumor_mri\Training\glioma_tumor\gg (125).jpg,gg (125).jpg,glioma_tumor,Training,0,7e814ef6b703f1e97ea2da525add13f6c8426f20c184e4fe3d69686188b24345
C:\Users\ransi\Documents\AA  SLIIT\Y2S1\IT2011 AIML\My First AI Project\EfficientNetB3_Project\data\brain_tumor_mri\Training\meningioma_tumor\m3 (236).jpg,m3 (236).jpg,meningioma_tumor,Training,1,d4761998c2e59cf7d9ecd58ff44b67a0944235ddaa4de3f7d5f256d13f6df9e1
C:\Users\ransi\Documents\AA  SLIIT\Y2S1\IT2011 AIML\My First AI Project\EfficientNetB3_Project\data\brain_tumor_mri\Training\pituitary_tumor\p (716).jpg,p (716).jpg,pituitary_tumor,Training,3,c711207e6e46367c0f5003a1cbddf8a9ac90797eede32dd2d207e39c1e4eb016
C:\Users\ransi\Documents\AA  SLIIT\Y2S1\IT2011 AIML\My First AI Project\EfficientNetB3_Project\data\brain_tumor_mri\Training\glioma_tumor\gg (257).jpg,gg (257).jpg,glioma_tumor,Training,0,fb26806ad4fbff53ac0508226e819612bc04ab6dbc5986864d7088414a4b364d
C:\Users\ransi\Documents\AA  SLIIT\Y2S1\IT2011 AIML\My First AI Project\EfficientNetB3_Project\data\brain_tumor_mri\Training\glioma_tumor\gg (706).jpg,gg (706).jpg,glioma_tumor,Training,0,99815024b6875f9e8605a22f07a0b9f8d41acd3969941dfca83241731b9a1aea
C:\Users\ransi\Documents\AA  SLIIT\Y2S1\IT2011 AIML\My First AI Project\EfficientNetB3_Project\data\brain_tumor_mri\Training\meningioma_tumor\m (9).jpg,m (9).jpg,meningioma_tumor,Training,1,ff3f14bb91784fd7068c728cd8eb6debd8ecb891fd4392a5c22465a5d79a3f11
C:\Users\ransi\Documents\AA  SLIIT\Y2S1\IT2011 AIML\My First AI Project\EfficientNetB3_Project\data\brain_tumor_mri\Testing\pituitary_tumor\image(5).jpg,image(5).jpg,pituitary_tumor,Testing,3,ed53cb5d51e0db7d64d607abe881e84bee22f648bf6b22fbc9b627db896b9524
C:\Users\ransi\Documents\AA  SLIIT\Y2S1\IT2011 AIML\My First AI Project\EfficientNetB3_Project\data\brain_tumor_mri\Training\no_tumor\image(250).jpg,image(250).jpg,no_tumor,Training,2,7c103b082c141631e8475390a8b06ef7ef0cfba10e61cf2d4ce9dd1e2b08dfb0
C:\Users\ransi\Documents\AA  SLIIT\Y2S1\IT2011 AIML\My First AI Project\EfficientNetB3_Project\data\brain_tumor_mri\Training\glioma_tumor\gg (196).jpg,gg (196).jpg,glioma_tumor,Training,0,6101e9b7d394f1ec73fdfb28e742fae616edd4aed53e37b72e9b70e677e72217
C:\Users\ransi\Documents\AA  SLIIT\Y2S1\IT2011 AIML\My First AI Project\EfficientNetB3_Project\data\brain_tumor_mri\Training\meningioma_tumor\m3 (35).jpg,m3 (35).jpg,meningioma_tumor,Training,1,3cc9e95ff309e1864d8ae698afff2c81a539022fedcd272dc0b46e98e1c368fc
C:\Users\ransi\Documents\AA  SLIIT\Y2S1\IT2011 AIML\My First AI Project\EfficientNetB3_Project\data\brain_tumor_mri\Training\pituitary_tumor\p (713).jpg,p (713).jpg,pituitary_tumor,Training,3,fc7991d79466cda940fedf33442a69121e6ab73921902120c41c02c2ca652294
C:\Users\ransi\Documents\AA  SLIIT\Y2S1\IT2011 AIML\My First AI Project\EfficientNetB3_Project\data\brain_tumor_mri\Training\pituitary_tumor\p (777).jpg,p (777).jpg,pituitary_tumor,Training,3,7f2491517a7dd89e580bbd9a8bf752dfc0d91f7ad145b631c3fa6308319b3126
C:\Users\ransi\Documents\AA  SLIIT\Y2S1\IT2011 AIML\My First AI Project\EfficientNetB3_Project\data\brain_tumor_mri\Training\pituitary_tumor\p (509).jpg,p (509).jpg,pituitary_tumor,Training,3,6ef46426f641b1feb53d9648e37c41276be1d4c9359e061d809e28c2f42d5ac7
C:\Users\ransi\Documents\AA  SLIIT\Y2S1\IT2011 AIML\My First AI Project\EfficientNetB3_Project\data\brain_tumor_mri\Training\pituitary_tumor\p (319).jpg,p (319).jpg,pituitary_tumor,Training,3,9e4a16cf08dedf989025984901b55dc8dc8b78067bbb2bb251d580107e3176bb
C:\Users\ransi\Documents\AA  SLIIT\Y2S1\IT2011 AIML\My First AI Project\EfficientNetB3_Project\data\brain_tumor_mri\Training\glioma_tumor\gg (64).jpg,gg (64).jpg,glioma_tumor,Training,0,5c97c78ab52ab06371fbc61309c8cf056a38c1b23a46721dad028205c1beea48
C:\Users\ransi\Documents\AA  SLIIT\Y2S1\IT2011 AIML\My First AI Project\EfficientNetB3_Project\data\brain_tumor_mri\Training\pituitary_tumor\p (131).jpg,p (131).jpg,pituitary_tumor,Training,3,b4bd72ae00a8a13da50534ebdde32366ab60b69b219515112356ac5a24b1bac1
C:\Users\ransi\Documents\AA  SLIIT\Y2S1\IT2011 AIML\My First AI Project\EfficientNetB3_Project\data\brain_tumor_mri\Testing\meningioma_tumor\image(51).jpg,image(51).jpg,meningioma_tumor,Testing,1,bd86e9a929172ffcf244db8b2839d51746f0ca95fdd81c79916babd1d154a2db
C:\Users\ransi\Documents\AA  SLIIT\Y2S1\IT2011 AIML\My First AI Project\EfficientNetB3_Project\data\brain_tumor_mri\Testing\no_tumor\image(4).jpg,image(4).jpg,no_tumor,Testing,2,8a5052ac55d7ffc4175768aeda33c7178bcbf0015e9e44c901d40ac9660f6fd6
C:\Users\ransi\Documents\AA  SLIIT\Y2S1\IT2011 AIML\My First AI Project\EfficientNetB3_Project\data\brain_tumor_mri\Training\meningioma_tumor\m (192).jpg,m (192).jpg,meningioma_tumor,Training,1,9b1e619f8ec2ed7152edbe09c0f71a78710091a83ba948731ef10f0d88005ab1
C:\Users\ransi\Documents\AA  SLIIT\Y2S1\IT2011 AIML\My First AI Project\EfficientNetB3_Project\data\brain_tumor_mri\Training\pituitary_tumor\p (441).jpg,p (441).jpg,pituitary_tumor,Training,3,0aad506c709fcdc275a946e718c85274f49b7b9c3034b48334bc701054592946
C:\Users\ransi\Documents\AA  SLIIT\Y2S1\IT2011 AIML\My First AI Project\EfficientNetB3_Project\data\brain_tumor_mri\Testing\glioma_tumor\image(100).jpg,image(100).jpg,glioma_tumor,Testing,0,c1ead199291d6738ea07e23b93d486aaf5f661f1c7df92f24f4c00f8b20bfb0e
C:\Users\ransi\Documents\AA  SLIIT\Y2S1\IT2011 AIML\My First AI Project\EfficientNetB3_Project\data\brain_tumor_mri\Testing\pituitary_tumor\image(44).jpg,image(44).jpg,pituitary_tumor,Testing,3,aff49c4e9fbe859bc0608338e96e8e4eab4743e7100c05f81b48e68a799d38d4
C:\Users\ransi\Documents\AA  SLIIT\Y2S1\IT2011 AIML\My First AI Project\EfficientNetB3_Project\data\brain_tumor_mri\Training\pituitary_tumor\p (41).jpg,p (41).jpg,pituitary_tumor,Training,3,173352bd120da4ef01cd87ecacc9ac4a55fcbd5b89f1d7807a39871c78455b02
C:\Users\ransi\Documents\AA  SLIIT\Y2S1\IT2011 AIML\My First AI Project\EfficientNetB3_Project\data\brain_tumor_mri\Training\pituitary_tumor\p (26).jpg,p (26).jpg,pituitary_tumor,Training,3,7d109cc2426e2c693af7ec965469b69ec937b9fbd0f8dfe65d5d3a043b44fc69
C:\Users\ransi\Documents\AA  SLIIT\Y2S1\IT2011 AIML\My First AI Project\EfficientNetB3_Project\data\brain_tumor_mri\Training\glioma_tumor\gg (507).jpg,gg (507).jpg,glioma_tumor,Training,0,0385d4e78ad2f139a18f824082da835b2aafc5ed6b35be7e394721a772fa63d9
C:\Users\ransi\Documents\AA  SLIIT\Y2S1\IT2011 AIML\My First AI Project\EfficientNetB3_Project\data\brain_tumor_mri\Training\meningioma_tumor\m (21).jpg,m (21).jpg,meningioma_tumor,Training,1,e4e2add8d0a06c38e9676ad2ad12b2dac92fc861613d771fbcb4c5d245662597
C:\Users\ransi\Documents\AA  SLIIT\Y2S1\IT2011 AIML\My First AI Project\EfficientNetB3_Project\data\brain_tumor_mri\Training\pituitary_tumor\p (459).jpg,p (459).jpg,pituitary_tumor,Training,3,1575e27105569f45619a84d1506682caa2689ce80fcfd7c5611e5df93a5f9955
C:\Users\ransi\Documents\AA  SLIIT\Y2S1\IT2011 AIML\My First AI Project\EfficientNetB3_Project\data\brain_tumor_mri\Training\pituitary_tumor\p (12).jpg,p (12).jpg,pituitary_tumor,Training,3,e347258cf08b55604a77b34f5449e3b9c24579f528aba1e191f1ec0897489c4a
C:\Users\ransi\Documents\AA  SLIIT\Y2S1\IT2011 AIML\My First AI Project\EfficientNetB3_Project\data\brain_tumor_mri\Training\meningioma_tumor\m2 (147).jpg,m2 (147).jpg,meningioma_tumor,Training,1,def15a98c2cb158bc9be2bc12ad87de1a7d0b29863ca9351ec76c96171a93f5b
C:\Users\ransi\Documents\AA  SLIIT\Y2S1\IT2011 AIML\My First AI Project\EfficientNetB3_Project\data\brain_tumor_mri\Training\meningioma_tumor\m2 (150).jpg,m2 (150).jpg,meningioma_tumor,Training,1,03fe6e13a5a4204af20290f52deb08009caf10679b24bca5d2035e60576676a9
C:\Users\ransi\Documents\AA  SLIIT\Y2S1\IT2011 AIML\My First AI Project\EfficientNetB3_Project\data\brain_tumor_mri\Training\pituitary_tumor\p (585).jpg,p (585).jpg,pituitary_tumor,Training,3,e70846e753bbfee41eb1694d480d066b48ec015b5a1e9ebb7c8bc6afa5251765
C:\Users\ransi\Documents\AA  SLIIT\Y2S1\IT2011 AIML\My First AI Project\EfficientNetB3_Project\data\brain_tumor_mri\Training\no_tumor\image (24).jpg,image (24).jpg,no_tumor,Training,2,71cc91673927e9148f575e602494044857ffecbd3a5f21de266639d4186a9e64
C:\Users\ransi\Documents\AA  SLIIT\Y2S1\IT2011 AIML\My First AI Project\EfficientNetB3_Project\data\brain_tumor_mri\Training\pituitary_tumor\p (705).jpg,p (705).jpg,pituitary_tumor,Training,3,abbb6b040c916369958f66f7ca516973b83a57194b77ae4b95ad47b94bca6cbf
C:\Users\ransi\Documents\AA  SLIIT\Y2S1\IT2011 AIML\My First AI Project\EfficientNetB3_Project\data\brain_tumor_mri\Training\pituitary_tumor\p (320).jpg,p (320).jpg,pituitary_tumor,Training,3,ee3f9b41c2d75bf117fd49cbef26f526dc53cbac73066818dde1429bb7e0e367
C:\Users\ransi\Documents\AA  SLIIT\Y2S1\IT2011 AIML\My First AI Project\EfficientNetB3_Project\data\brain_tumor_mri\Training\meningioma_tumor\m (105).jpg,m (105).jpg,meningioma_tumor,Training,1,c29e221d60111e84d49a63beeb0cf18ad2f15dd1356f24d9a0125c19bef766de
C:\Users\ransi\Documents\AA  SLIIT\Y2S1\IT2011 AIML\My First AI Project\EfficientNetB3_Project\data\brain_tumor_mri\Training\glioma_tumor\gg (509).jpg,gg (509).jpg,glioma_tumor,Training,0,898df60ce8d5f9ae9046afbf8e85156c6098034647bc679d5960d9c3adae08ee
C:\Users\ransi\Documents\AA  SLIIT\Y2S1\IT2011 AIML\My First AI Project\EfficientNetB3_Project\data\brain_tumor_mri\Testing\glioma_tumor\image(21).jpg,image(21).jpg,glioma_tumor,Testing,0,9240553fcd8fe826ed548984db69d2d0178a14adb7aba345b6e7ba539e15d71f
C:\Users\ransi\Documents\AA  SLIIT\Y2S1\IT2011 AIML\My First AI Project\EfficientNetB3_Project\data\brain_tumor_mri\Training\meningioma_tumor\m3 (24).jpg,m3 (24).jpg,meningioma_tumor,Training,1,39495bbab558a37209f0d3276fce37abffe594a4fd02b1772dcef2bb6bc5d93c
C:\Users\ransi\Documents\AA  SLIIT\Y2S1\IT2011 AIML\My First AI Project\EfficientNetB3_Project\data\brain_tumor_mri\Training\glioma_tumor\gg (188).jpg,gg (188).jpg,glioma_tumor,Training,0,d411f4c5472bb0a450918c4ba35b2fb46413e5ecc13c255e034f73ecb8121e02
C:\Users\ransi\Documents\AA  SLIIT\Y2S1\IT2011 AIML\My First AI Project\EfficientNetB3_Project\data\brain_tumor_mri\Training\glioma_tumor\gg (13).jpg,gg (13).jpg,glioma_tumor,Training,0,8706ead61a4151f6d3c26facccd04c8a6eeaabddb86d1ae360f9909085afcd67
C:\Users\ransi\Documents\AA  SLIIT\Y2S1\IT2011 AIML\My First AI Project\EfficientNetB3_Project\data\brain_tumor_mri\Training\glioma_tumor\gg (626).jpg,gg (626).jpg,glioma_tumor,Training,0,56e82ba044e002cd956de5210fd4db53e0175ed14aac5a1efd16945e3a95074e
C:\Users\ransi\Documents\AA  SLIIT\Y2S1\IT2011 AIML\My First AI Project\EfficientNetB3_Project\data\brain_tumor_mri\Training\glioma_tumor\gg (694).jpg,gg (694).jpg,glioma_tumor,Training,0,e6b3a7136cf2df4ea3b4991b9e5d3cd97fdf035d2c5f111b4e31c0edf4fb63c8
C:\Users\ransi\Documents\AA  SLIIT\Y2S1\IT2011 AIML\My First AI Project\EfficientNetB3_Project\data\brain_tumor_mri\Training\meningioma_tumor\m (178).jpg,m (178).jpg,meningioma_tumor,Training,1,29f8657af167eba11fc001a2a84b8febfd2418e4784777c001448ee59b8e687c
C:\Users\ransi\Documents\AA  SLIIT\Y2S1\IT2011 AIML\My First AI Project\EfficientNetB3_Project\data\brain_tumor_mri\Training\glioma_tumor\gg (165).jpg,gg (165).jpg,glioma_tumor,Training,0,734977badd29b5706284de59d3a7b7d7ed1babd8994312986e08307a639c6feb
C:\Users\ransi\Documents\AA  SLIIT\Y2S1\IT2011 AIML\My First AI Project\EfficientNetB3_Project\data\brain_tumor_mri\Training\glioma_tumor\gg (821).jpg,gg (821).jpg,glioma_tumor,Training,0,c930a430dc434a7543254b3d082e9fbdf27b646cf8babdb06402524c7f67a896
C:\Users\ransi\Documents\AA  SLIIT\Y2S1\IT2011 AIML\My First AI Project\EfficientNetB3_Project\data\brain_tumor_mri\Training\glioma_tumor\gg (441).jpg,gg (441).jpg,glioma_tumor,Training,0,496389e76c5a03a5718f3226186b2cf01252ed724e7019b80e47fb2728fe8de8
C:\Users\ransi\Documents\AA  SLIIT\Y2S1\IT2011 AIML\My First AI Project\EfficientNetB3_Project\data\brain_tumor_mri\Training\meningioma_tumor\m (169).jpg,m (169).jpg,meningioma_tumor,Training,1,ab3ff5117ba55f255f9dac3795e42eafe2c1101d1f142fd8e052bbf3ba85ed0a
C:\Users\ransi\Documents\AA  SLIIT\Y2S1\IT2011 AIML\My First AI Project\EfficientNetB3_Project\data\brain_tumor_mri\Training\pituitary_tumor\p (84).jpg,p (84).jpg,pituitary_tumor,Training,3,93c048797863776f29ff4e855cd515591ffa6ebc024509586746009bfc90378e
C:\Users\ransi\Documents\AA  SLIIT\Y2S1\IT2011 AIML\My First AI Project\EfficientNetB3_Project\data\brain_tumor_mri\Training\meningioma_tumor\m3 (59).jpg,m3 (59).jpg,meningioma_tumor,Training,1,032b9042ce369d8f4a72e6c7fef1b96253338b526d368b2bc2d88932c127eff1
C:\Users\ransi\Documents\AA  SLIIT\Y2S1\IT2011 AIML\My First AI Project\EfficientNetB3_Project\data\brain_tumor_mri\Training\glioma_tumor\gg (803).jpg,gg (803).jpg,glioma_tumor,Training,0,bd184d74d28b36305f758fb1b740bbfade635b9103dbc6b6236a7bab713cc8c3
C:\Users\ransi\Documents\AA  SLIIT\Y2S1\IT2011 AIML\My First AI Project\EfficientNetB3_Project\data\brain_tumor_mri\Training\glioma_tumor\gg (107).jpg,gg (107).jpg,glioma_tumor,Training,0,a3f7b6885add8f6708792e7d472e91be59d107fce9eb4c1dc71e3281b3126da2
C:\Users\ransi\Documents\AA  SLIIT\Y2S1\IT2011 AIML\My First AI Project\EfficientNetB3_Project\data\brain_tumor_mri\Training\meningioma_tumor\m3 (63).jpg,m3 (63).jpg,meningioma_tumor,Training,1,28208e4331cf46fc55b530573828835e7137b36387517ee1aba6a2724ac486f0
C:\Users\ransi\Documents\AA  SLIIT\Y2S1\IT2011 AIML\My First AI Project\EfficientNetB3_Project\data\brain_tumor_mri\Training\meningioma_tumor\m (8).jpg,m (8).jpg,meningioma_tumor,Training,1,2f39481bf3eb18e7c6a388b5de12622613a4c173bca95e2c904c7b3022ad33a0
C:\Users\ransi\Documents\AA  SLIIT\Y2S1\IT2011 AIML\My First AI Project\EfficientNetB3_Project\data\brain_tumor_mri\Training\meningioma_tumor\m2 (170).jpg,m2 (170).jpg,meningioma_tumor,Training,1,316cd046e6ebd064b7d32ef81d163c961698840fa9cd4b92e290100a8a406264
C:\Users\ransi\Documents\AA  SLIIT\Y2S1\IT2011 AIML\My First AI Project\EfficientNetB3_Project\data\brain_tumor_mri\Training\glioma_tumor\gg (477).jpg,gg (477).jpg,glioma_tumor,Training,0,d3e4f436fced2329e403a3af32471062c1f9a8a28f001b9eeb7e52fcdb311b55
C:\Users\ransi\Documents\AA  SLIIT\Y2S1\IT2011 AIML\My First AI Project\EfficientNetB3_Project\data\brain_tumor_mri\Training\no_tumor\image(64).jpg,image(64).jpg,no_tumor,Training,2,f0f59157eff868aa8dc74d5a6b5d384421c8587b5f15d90ca8414f4650276436
C:\Users\ransi\Documents\AA  SLIIT\Y2S1\IT2011 AIML\My First AI Project\EfficientNetB3_Project\data\brain_tumor_mri\Training\glioma_tumor\gg (152).jpg,gg (152).jpg,glioma_tumor,Training,0,e45c9534e8014c98cc07cc087f5dd53cfbd933d1e11e80b656941178e5be59a6
C:\Users\ransi\Documents\AA  SLIIT\Y2S1\IT2011 AIML\My First AI Project\EfficientNetB3_Project\data\brain_tumor_mri\Training\pituitary_tumor\p (81).jpg,p (81).jpg,pituitary_tumor,Training,3,91e5c8121738343f597bc25434938986569717b628bb65800a26281ad4f73494
C:\Users\ransi\Documents\AA  SLIIT\Y2S1\IT2011 AIML\My First AI Project\EfficientNetB3_Project\data\brain_tumor_mri\Training\glioma_tumor\gg (218).jpg,gg (218).jpg,glioma_tumor,Training,0,e943adeeb8dda716b4d84250648d2697c20a34a23c1fbba313c0fc57c157be67
C:\Users\ransi\Documents\AA  SLIIT\Y2S1\IT2011 AIML\My First AI Project\EfficientNetB3_Project\data\brain_tumor_mri\Training\glioma_tumor\gg (493).jpg,gg (493).jpg,glioma_tumor,Training,0,4a78f024c55a8c81865b1dfb05ba681f9175be69defe63a19ad84719666ce3d9
C:\Users\ransi\Documents\AA  SLIIT\Y2S1\IT2011 AIML\My First AI Project\EfficientNetB3_Project\data\brain_tumor_mri\Training\meningioma_tumor\m2 (5).jpg,m2 (5).jpg,meningioma_tumor,Training,1,d19aff614ed630d25664688f80e7c55deaa947a96ff551e7a9a2669616020444
C:\Users\ransi\Documents\AA  SLIIT\Y2S1\IT2011 AIML\My First AI Project\EfficientNetB3_Project\data\brain_tumor_mri\Training\glioma_tumor\gg (364).jpg,gg (364).jpg,glioma_tumor,Training,0,6a3769a0d08cce970c56d5a03f747f7fd70bbcc73e660a2adfd7a10bcde805a8
C:\Users\ransi\Documents\AA  SLIIT\Y2S1\IT2011 AIML\My First AI Project\EfficientNetB3_Project\data\brain_tumor_mri\Training\glioma_tumor\gg (337).jpg,gg (337).jpg,glioma_tumor,Training,0,2a059f4b084863638235c8af8a8d98555d2e9a3e4edaf451e6d24e48e5f252eb
C:\Users\ransi\Documents\AA  SLIIT\Y2S1\IT2011 AIML\My First AI Project\EfficientNetB3_Project\data\brain_tumor_mri\Training\meningioma_tumor\m3 (12).jpg,m3 (12).jpg,meningioma_tumor,Training,1,f0f4ad1a954f8af9f7fd1f7dd1bdff5d16c352d191a50d320e10373b0f33a389
C:\Users\ransi\Documents\AA  SLIIT\Y2S1\IT2011 AIML\My First AI Project\EfficientNetB3_Project\data\brain_tumor_mri\Training\pituitary_tumor\p (818).jpg,p (818).jpg,pituitary_tumor,Training,3,54cc35e1a7ec2b445398de2ffd13028d8a9a7ddf18f5aa97becbeb3aac773a7f
C:\Users\ransi\Documents\AA  SLIIT\Y2S1\IT2011 AIML\My First AI Project\EfficientNetB3_Project\data\brain_tumor_mri\Training\pituitary_tumor\p (428).jpg,p (428).jpg,pituitary_tumor,Training,3,645df4a69cedf5ed8fd34976fd300304f805220e22bd5eed3ce2689a70ba55b1
C:\Users\ransi\Documents\AA  SLIIT\Y2S1\IT2011 AIML\My First AI Project\EfficientNetB3_Project\data\brain_tumor_mri\Training\meningioma_tumor\m (7).jpg,m (7).jpg,meningioma_tumor,Training,1,73df0a6e39d659e89029e7ed9c0e8d590b2998d5930868ce64ee73e2133fa15e
C:\Users\ransi\Documents\AA  SLIIT\Y2S1\IT2011 AIML\My First AI Project\EfficientNetB3_Project\data\brain_tumor_mri\Training\meningioma_tumor\m2 (70).jpg,m2 (70).jpg,meningioma_tumor,Training,1,e9bf8b4a2ba692fb679624b620db7aeba28c04c30d22e049c00773985fb4b982
C:\Users\ransi\Documents\AA  SLIIT\Y2S1\IT2011 AIML\My First AI Project\EfficientNetB3_Project\data\brain_tumor_mri\Training\pituitary_tumor\p (330).jpg,p (330).jpg,pituitary_tumor,Training,3,559afe311562c0dc04c739d25fdb0921ff752d5b7f9f14f574930c24ec226e23
C:\Users\ransi\Documents\AA  SLIIT\Y2S1\IT2011 AIML\My First AI Project\EfficientNetB3_Project\data\brain_tumor_mri\Training\pituitary_tumor\p (239).jpg,p (239).jpg,pituitary_tumor,Training,3,b75093dcc93238d15dec03fad81ad2dc37035a955a59f83e0717881082b76fc6
C:\Users\ransi\Documents\AA  SLIIT\Y2S1\IT2011 AIML\My First AI Project\EfficientNetB3_Project\data\brain_tumor_mri\Training\pituitary_tumor\p (502).jpg,p (502).jpg,pituitary_tumor,Training,3,c8ed3822ad13236d7b3687c9fd1d99a58cbb138dd897b9912bd445bf5c0cc65a
C:\Users\ransi\Documents\AA  SLIIT\Y2S1\IT2011 AIML\My First AI Project\EfficientNetB3_Project\data\brain_tumor_mri\Training\pituitary_tumor\p (406).jpg,p (406).jpg,pituitary_tumor,Training,3,6dfe0ffeeb7b19416e8f6efdc019817736c4f4a9a003dc0e331b19a8f1770437
C:\Users\ransi\Documents\AA  SLIIT\Y2S1\IT2011 AIML\My First AI Project\EfficientNetB3_Project\data\brain_tumor_mri\Testing\glioma_tumor\image(47).jpg,image(47).jpg,glioma_tumor,Testing,0,850000e1a1400b18c1988d6538c1a092b37f32e498c68d65f5b4e7b30f7c5b05
C:\Users\ransi\Documents\AA  SLIIT\Y2S1\IT2011 AIML\My First AI Project\EfficientNetB3_Project\data\brain_tumor_mri\Training\glioma_tumor\gg (49).jpg,gg (49).jpg,glioma_tumor,Training,0,adbc0ce80f5c987e72c1b74ff48fecb6fae62d8ea526d3223fd82f8a6d669b10
C:\Users\ransi\Documents\AA  SLIIT\Y2S1\IT2011 AIML\My First AI Project\EfficientNetB3_Project\data\brain_tumor_mri\Training\glioma_tumor\gg (692).jpg,gg (692).jpg,glioma_tumor,Training,0,eab2257dbe0e589ed14396fd2706e8dadcf960c552a42d49a2e796efc4a5b81c
C:\Users\ransi\Documents\AA  SLIIT\Y2S1\IT2011 AIML\My First AI Project\EfficientNetB3_Project\data\brain_tumor_mri\Training\glioma_tumor\gg (358).jpg,gg (358).jpg,glioma_tumor,Training,0,3fc030a240e26921ec97a7c84549164a930b57ad466abe7e4f59b63fe4bc1efd
C:\Users\ransi\Documents\AA  SLIIT\Y2S1\IT2011 AIML\My First AI Project\EfficientNetB3_Project\data\brain_tumor_mri\Training\glioma_tumor\gg (83).jpg,gg (83).jpg,glioma_tumor,Training,0,7b7cd100a562ced4c967f542fe233fcc6606a855584a89b3ba3aa1258e5ac9f2
C:\Users\ransi\Documents\AA  SLIIT\Y2S1\IT2011 AIML\My First AI Project\EfficientNetB3_Project\data\brain_tumor_mri\Training\no_tumor\image(297).jpg,image(297).jpg,no_tumor,Training,2,aa321a4b9a3d2e127b8382a023679ea14cef3224e6540b49b126eb37cd44fa2c
C:\Users\ransi\Documents\AA  SLIIT\Y2S1\IT2011 AIML\My First AI Project\EfficientNetB3_Project\data\brain_tumor_mri\Training\pituitary_tumor\p (827).jpg,p (827).jpg,pituitary_tumor,Training,3,0a17297340207cb908b0869f5cc1a36bf83ff6dc888de2ea8feecaa2af9a656c
C:\Users\ransi\Documents\AA  SLIIT\Y2S1\IT2011 AIML\My First AI Project\EfficientNetB3_Project\data\brain_tumor_mri\Training\no_tumor\image(167).jpg,image(167).jpg,no_tumor,Training,2,ac76ca3b933520e9519c3fa096e38e281e467ae4bda0412daa34cb966954ff68
C:\Users\ransi\Documents\AA  SLIIT\Y2S1\IT2011 AIML\My First AI Project\EfficientNetB3_Project\data\brain_tumor_mri\Training\glioma_tumor\gg (702).jpg,gg (702).jpg,glioma_tumor,Training,0,6670a953c25e49385c19dbfd2e9051c96b7e35933b422ed15b23fc3867d596a4
C:\Users\ransi\Documents\AA  SLIIT\Y2S1\IT2011 AIML\My First AI Project\EfficientNetB3_Project\data\brain_tumor_mri\Training\pituitary_tumor\p (63).jpg,p (63).jpg,pituitary_tumor,Training,3,60c398ecf88f9cba7f4fb5eb03a3ddc02112207f994810cd8b61313b2e8370da
C:\Users\ransi\Documents\AA  SLIIT\Y2S1\IT2011 AIML\My First AI Project\EfficientNetB3_Project\data\brain_tumor_mri\Training\pituitary_tumor\p (83).jpg,p (83).jpg,pituitary_tumor,Training,3,4b9d301cb859f22fda8dd8b44a8d1df0a3a8e8364850196b0d7b78cf5659345d
C:\Users\ransi\Documents\AA  SLIIT\Y2S1\IT2011 AIML\My First AI Project\EfficientNetB3_Project\data\brain_tumor_mri\Training\glioma_tumor\gg (78).jpg,gg (78).jpg,glioma_tumor,Training,0,a77305532f961aeac8e1a017ed89f51027ce8c1aa9c5232daa78658882e35544
C:\Users\ransi\Documents\AA  SLIIT\Y2S1\IT2011 AIML\My First AI Project\EfficientNetB3_Project\data\brain_tumor_mri\Training\no_tumor\image(242).jpg,image(242).jpg,no_tumor,Training,2,b7217d07fe4b60f472aaeee4b36e8429d4a1685bbb9fd13c1d471835326e801d
C:\Users\ransi\Documents\AA  SLIIT\Y2S1\IT2011 AIML\My First AI Project\EfficientNetB3_Project\data\brain_tumor_mri\Training\pituitary_tumor\p (57).jpg,p (57).jpg,pituitary_tumor,Training,3,7e776e6a167da6c04583f344284ad1f6ae8228f4bee74a1be86bd5a772eaff39
C:\Users\ransi\Documents\AA  SLIIT\Y2S1\IT2011 AIML\My First AI Project\EfficientNetB3_Project\data\brain_tumor_mri\Training\pituitary_tumor\p (301).jpg,p (301).jpg,pituitary_tumor,Training,3,8e2a3b157a7649233a936aa55b4b3c3174ab2d651fbf87f1af9070a58ddaef1f
C:\Users\ransi\Documents\AA  SLIIT\Y2S1\IT2011 AIML\My First AI Project\EfficientNetB3_Project\data\brain_tumor_mri\Training\no_tumor\image(165).jpg,image(165).jpg,no_tumor,Training,2,299e6bfe83723c62b02c0ba1ac8216e980b6ae6a11a37faf7be527ad987e0980
C:\Users\ransi\Documents\AA  SLIIT\Y2S1\IT2011 AIML\My First AI Project\EfficientNetB3_Project\data\brain_tumor_mri\Training\meningioma_tumor\m2 (40).jpg,m2 (40).jpg,meningioma_tumor,Training,1,2cbd798454b606861b3e8bb58950be34866e68978d6fdc4253380ff703626855
C:\Users\ransi\Documents\AA  SLIIT\Y2S1\IT2011 AIML\My First AI Project\EfficientNetB3_Project\data\brain_tumor_mri\Training\pituitary_tumor\p (688).jpg,p (688).jpg,pituitary_tumor,Training,3,9effc73b7c67b23cd1d1e5f55cebb5d910ce0e8a2bbad83afacf23d4b9487f94
C:\Users\ransi\Documents\AA  SLIIT\Y2S1\IT2011 AIML\My First AI Project\EfficientNetB3_Project\data\brain_tumor_mri\Training\glioma_tumor\gg (17).jpg,gg (17).jpg,glioma_tumor,Training,0,3010bfc521f9d5b9fcaddf1d0405b620011e6c0f5cf27ac1e7dafe898957abba
C:\Users\ransi\Documents\AA  SLIIT\Y2S1\IT2011 AIML\My First AI Project\EfficientNetB3_Project\data\brain_tumor_mri\Training\meningioma_tumor\m (110).jpg,m (110).jpg,meningioma_tumor,Training,1,0b938fbd0afa3b337f4252fe83033d4143eb825a558a744ba4f1a28c841a163f
C:\Users\ransi\Documents\AA  SLIIT\Y2S1\IT2011 AIML\My First AI Project\EfficientNetB3_Project\data\brain_tumor_mri\Training\glioma_tumor\gg (203).jpg,gg (203).jpg,glioma_tumor,Training,0,0844d5298eb661b107848d7c7f5c8b22ee623d44933dcf14edc8de7bb500eecd
C:\Users\ransi\Documents\AA  SLIIT\Y2S1\IT2011 AIML\My First AI Project\EfficientNetB3_Project\data\brain_tumor_mri\Training\meningioma_tumor\m (106).jpg,m (106).jpg,meningioma_tumor,Training,1,e6f031079395a11ae077ded524ce00c75ae48b04d8b31aff7a778698dfcc6de6
C:\Users\ransi\Documents\AA  SLIIT\Y2S1\IT2011 AIML\My First AI Project\EfficientNetB3_Project\data\brain_tumor_mri\Training\pituitary_tumor\p (383).jpg,p (383).jpg,pituitary_tumor,Training,3,3da70f4a1ba2ad5e016e40ae3e9fb379c055670aec6fd91b871c3169a2320954
C:\Users\ransi\Documents\AA  SLIIT\Y2S1\IT2011 AIML\My First AI Project\EfficientNetB3_Project\data\brain_tumor_mri\Testing\glioma_tumor\image(76).jpg,image(76).jpg,glioma_tumor,Testing,0,796bef7680705337015eacd348cb4a83c1b898ca01f14f7c6e24934e1e1e7847
C:\Users\ransi\Documents\AA  SLIIT\Y2S1\IT2011 AIML\My First AI Project\EfficientNetB3_Project\data\brain_tumor_mri\Training\glioma_tumor\gg (415).jpg,gg (415).jpg,glioma_tumor,Training,0,82ce4fe2612570a05ff66f3048b257ef8442e17ec5ddc108b6ed152378ee749c
C:\Users\ransi\Documents\AA  SLIIT\Y2S1\IT2011 AIML\My First AI Project\EfficientNetB3_Project\data\brain_tumor_mri\Training\pituitary_tumor\p (20).jpg,p (20).jpg,pituitary_tumor,Training,3,23affe95d0bb96140f72e3f46e0179fecfa4cd9ce310088d725f101b966a2fd8
C:\Users\ransi\Documents\AA  SLIIT\Y2S1\IT2011 AIML\My First AI Project\EfficientNetB3_Project\data\brain_tumor_mri\Training\pituitary_tumor\p (388).jpg,p (388).jpg,pituitary_tumor,Training,3,8e2b4a6d3ce98d740a636942e40c14783eac078cf1758678c9d5aee948057aa7
C:\Users\ransi\Documents\AA  SLIIT\Y2S1\IT2011 AIML\My First AI Project\EfficientNetB3_Project\data\brain_tumor_mri\Training\glioma_tumor\gg (503).jpg,gg (503).jpg,glioma_tumor,Training,0,e07420a4a92ca922b1b27e228125bbd996b7b157771e4c617c7c3b587b90630a
C:\Users\ransi\Documents\AA  SLIIT\Y2S1\IT2011 AIML\My First AI Project\EfficientNetB3_Project\data\brain_tumor_mri\Training\pituitary_tumor\p (474).jpg,p (474).jpg,pituitary_tumor,Training,3,fa7e0cdfa197ae41a62ec58af9e2070337211361c57d90a74087262f8147a42c
C:\Users\ransi\Documents\AA  SLIIT\Y2S1\IT2011 AIML\My First AI Project\EfficientNetB3_Project\data\brain_tumor_mri\Training\no_tumor\image(304).jpg,image(304).jpg,no_tumor,Training,2,7259b858528de164f36d6751cdd6f34ef5579aa8a233314c0996accf49be6d34
C:\Users\ransi\Documents\AA  SLIIT\Y2S1\IT2011 AIML\My First AI Project\EfficientNetB3_Project\data\brain_tumor_mri\Training\no_tumor\image(123).jpg,image(123).jpg,no_tumor,Training,2,d168f347a54feb783afa919862c42f7a703df0a1607bda2bce52f6996d106dfe
C:\Users\ransi\Documents\AA  SLIIT\Y2S1\IT2011 AIML\My First AI Project\EfficientNetB3_Project\data\brain_tumor_mri\Training\pituitary_tumor\p (487).jpg,p (487).jpg,pituitary_tumor,Training,3,04c801927f76ea1db923da5c311315c9c48d672da9355db5d30ffc05b8801b14
C:\Users\ransi\Documents\AA  SLIIT\Y2S1\IT2011 AIML\My First AI Project\EfficientNetB3_Project\data\brain_tumor_mri\Training\meningioma_tumor\m1(131).jpg,m1(131).jpg,meningioma_tumor,Training,1,32e43c129cf6fef5fecb82419213685e652d4dbc524f7c7f9d11c42b91c28fa9
C:\Users\ransi\Documents\AA  SLIIT\Y2S1\IT2011 AIML\My First AI Project\EfficientNetB3_Project\data\brain_tumor_mri\Training\meningioma_tumor\m3 (201).jpg,m3 (201).jpg,meningioma_tumor,Training,1,8e683fb0c133b9db3fde5651ff655db087c917f14df461b2843279e4234dce16
C:\Users\ransi\Documents\AA  SLIIT\Y2S1\IT2011 AIML\My First AI Project\EfficientNetB3_Project\data\brain_tumor_mri\Testing\glioma_tumor\image(34).jpg,image(34).jpg,glioma_tumor,Testing,0,5ed1667becd2b8f8dee86f367cc33d7f56d13547730e3cdf9f93d09752de5b00
C:\Users\ransi\Documents\AA  SLIIT\Y2S1\IT2011 AIML\My First AI Project\EfficientNetB3_Project\data\brain_tumor_mri\Training\meningioma_tumor\m (32).jpg,m (32).jpg,meningioma_tumor,Training,1,bbba75f879197828cb45d31a22535a5cbb158279fd1c72854f47ce485945cb6a
C:\Users\ransi\Documents\AA  SLIIT\Y2S1\IT2011 AIML\My First AI Project\EfficientNetB3_Project\data\brain_tumor_mri\Training\glioma_tumor\gg (221).jpg,gg (221).jpg,glioma_tumor,Training,0,456783f0b4861f50d3bbbf96655d7dd72d0bf11e6f4cd56d503e25b8cf8f749b
C:\Users\ransi\Documents\AA  SLIIT\Y2S1\IT2011 AIML\My First AI Project\EfficientNetB3_Project\data\brain_tumor_mri\Training\pituitary_tumor\p (260).jpg,p (260).jpg,pituitary_tumor,Training,3,0dd42bcae44d080bbc2678c42ca3884e8c8682b95a0255ca19872029a36491d4
C:\Users\ransi\Documents\AA  SLIIT\Y2S1\IT2011 AIML\My First AI Project\EfficientNetB3_Project\data\brain_tumor_mri\Training\glioma_tumor\gg (148).jpg,gg (148).jpg,glioma_tumor,Training,0,6f075deec0fbd501d2400c833204729ed48df5fda07ef5cde0733c92bbdae8e5
C:\Users\ransi\Documents\AA  SLIIT\Y2S1\IT2011 AIML\My First AI Project\EfficientNetB3_Project\data\brain_tumor_mri\Training\pituitary_tumor\p (256).jpg,p (256).jpg,pituitary_tumor,Training,3,58ebe415bb00af6702b457b014c58afd9c302861e503dbc5ee01cd0ac6b09036
C:\Users\ransi\Documents\AA  SLIIT\Y2S1\IT2011 AIML\My First AI Project\EfficientNetB3_Project\data\brain_tumor_mri\Training\glioma_tumor\gg (237).jpg,gg (237).jpg,glioma_tumor,Training,0,ac563f1f08627362765e26061858c007488d38ae540f8084ba42599643869147
C:\Users\ransi\Documents\AA  SLIIT\Y2S1\IT2011 AIML\My First AI Project\EfficientNetB3_Project\data\brain_tumor_mri\Training\glioma_tumor\gg (326).jpg,gg (326).jpg,glioma_tumor,Training,0,ff700f70192def794042818cea541732bb5543b6c5d683568ddbb34684203d21
C:\Users\ransi\Documents\AA  SLIIT\Y2S1\IT2011 AIML\My First AI Project\EfficientNetB3_Project\data\brain_tumor_mri\Training\no_tumor\image(220).jpg,image(220).jpg,no_tumor,Training,2,8674ee38422db83e1536ea0e664c2466e9a05b6c90c72697aa8741668870f21a
C:\Users\ransi\Documents\AA  SLIIT\Y2S1\IT2011 AIML\My First AI Project\EfficientNetB3_Project\data\brain_tumor_mri\Training\glioma_tumor\gg (160).jpg,gg (160).jpg,glioma_tumor,Training,0,76789109975faee9fcdc31a3d2cc6e495422843bcb843781293de70d869bb4b6
C:\Users\ransi\Documents\AA  SLIIT\Y2S1\IT2011 AIML\My First AI Project\EfficientNetB3_Project\data\brain_tumor_mri\Training\pituitary_tumor\p (288).jpg,p (288).jpg,pituitary_tumor,Training,3,6fd1bbdeceb17b97157035d5eababa06fab8b0655d248531967fe58ac42be1ba
C:\Users\ransi\Documents\AA  SLIIT\Y2S1\IT2011 AIML\My First AI Project\EfficientNetB3_Project\data\brain_tumor_mri\Training\glioma_tumor\gg (715).jpg,gg (715).jpg,glioma_tumor,Training,0,cbbd558fa72f9b36598f6e567da57cd3a0e80a4d4570b40488d26133df29185f
C:\Users\ransi\Documents\AA  SLIIT\Y2S1\IT2011 AIML\My First AI Project\EfficientNetB3_Project\data\brain_tumor_mri\Training\glioma_tumor\gg (179).jpg,gg (179).jpg,glioma_tumor,Training,0,1cc01a40e8d12e2876e6bea44ed90dbe0510ed32cc6e30409a050c7af1922d57
C:\Users\ransi\Documents\AA  SLIIT\Y2S1\IT2011 AIML\My First AI Project\EfficientNetB3_Project\data\brain_tumor_mri\Training\pituitary_tumor\p (425).jpg,p (425).jpg,pituitary_tumor,Training,3,a7e2c3a1c4cafcab4be2236e6bffc01e4f1ba131791ef1b73a018b6cab76c696
C:\Users\ransi\Documents\AA  SLIIT\Y2S1\IT2011 AIML\My First AI Project\EfficientNetB3_Project\data\brain_tumor_mri\Training\pituitary_tumor\p (377).jpg,p (377).jpg,pituitary_tumor,Training,3,348d58cfc04120f075df4bf25f5f8ce5264c8c4db354c1f31ecf2b0d5e157703
C:\Users\ransi\Documents\AA  SLIIT\Y2S1\IT2011 AIML\My First AI Project\EfficientNetB3_Project\data\brain_tumor_mri\Training\pituitary_tumor\p (637).jpg,p (637).jpg,pituitary_tumor,Training,3,c627a4d72891adc77c9e470168d78029dd589b011b1b4075f4581efc0328025d
C:\Users\ransi\Documents\AA  SLIIT\Y2S1\IT2011 AIML\My First AI Project\EfficientNetB3_Project\data\brain_tumor_mri\Testing\glioma_tumor\image(20).jpg,image(20).jpg,glioma_tumor,Testing,0,07f8475ad25f3242acda9d757c6b104d9de12f8401c90779605d10d30a11f499
C:\Users\ransi\Documents\AA  SLIIT\Y2S1\IT2011 AIML\My First AI Project\EfficientNetB3_Project\data\brain_tumor_mri\Training\pituitary_tumor\p (609).jpg,p (609).jpg,pituitary_tumor,Training,3,03778458c3d82abe8d8321a33cb39174e167e0657a3f2c0226f0bd786356ed08
C:\Users\ransi\Documents\AA  SLIIT\Y2S1\IT2011 AIML\My First AI Project\EfficientNetB3_Project\data\brain_tumor_mri\Training\no_tumor\image(163).jpg,image(163).jpg,no_tumor,Training,2,6b73dc365fbc93ff66b40c68f2e5cd259e650193088389a5f1b968b8c537f4f4
C:\Users\ransi\Documents\AA  SLIIT\Y2S1\IT2011 AIML\My First AI Project\EfficientNetB3_Project\data\brain_tumor_mri\Training\glioma_tumor\gg (303).jpg,gg (303).jpg,glioma_tumor,Training,0,947a53e53a0f1792e3a543b5bacaa7f446db9621424b2cdf406f8e607fe97e82
C:\Users\ransi\Documents\AA  SLIIT\Y2S1\IT2011 AIML\My First AI Project\EfficientNetB3_Project\data\brain_tumor_mri\Training\glioma_tumor\gg (249).jpg,gg (249).jpg,glioma_tumor,Training,0,3e44d36b18251ed545a238f4f3580e3c4aba4ca135f63e6552a3cd6d22f21510
C:\Users\ransi\Documents\AA  SLIIT\Y2S1\IT2011 AIML\My First AI Project\EfficientNetB3_Project\data\brain_tumor_mri\Training\meningioma_tumor\m1(187).jpg,m1(187).jpg,meningioma_tumor,Training,1,301c9f4242d3f7208d7099e307f6de9865b31d6b9d6d71a76e52344e9b84e90e
C:\Users\ransi\Documents\AA  SLIIT\Y2S1\IT2011 AIML\My First AI Project\EfficientNetB3_Project\data\brain_tumor_mri\Training\meningioma_tumor\m (73).jpg,m (73).jpg,meningioma_tumor,Training,1,90051de7a28f3ef3d0908142973fda7eede030e0a69e1f7faef8fd7bef07158c
C:\Users\ransi\Documents\AA  SLIIT\Y2S1\IT2011 AIML\My First AI Project\EfficientNetB3_Project\data\brain_tumor_mri\Training\glioma_tumor\gg (244).jpg,gg (244).jpg,glioma_tumor,Training,0,da26c62c02bf9338ac4eb449c21efb1415ca335d2a7cb41a20d0c15a4ec05837
C:\Users\ransi\Documents\AA  SLIIT\Y2S1\IT2011 AIML\My First AI Project\EfficientNetB3_Project\data\brain_tumor_mri\Training\glioma_tumor\gg (190).jpg,gg (190).jpg,glioma_tumor,Training,0,b0c2654ef7d440a6d63cec17e44d7352087cba1fa9aa3d597a6b15b61a2e0c23
C:\Users\ransi\Documents\AA  SLIIT\Y2S1\IT2011 AIML\My First AI Project\EfficientNetB3_Project\data\brain_tumor_mri\Training\no_tumor\image(53).jpg,image(53).jpg,no_tumor,Training,2,5b32b70fee5498a7e242f40fd975486691a248ef53c7657ac4c5831133ade0fb
C:\Users\ransi\Documents\AA  SLIIT\Y2S1\IT2011 AIML\My First AI Project\EfficientNetB3_Project\data\brain_tumor_mri\Training\pituitary_tumor\p (814).jpg,p (814).jpg,pituitary_tumor,Training,3,6f58dfbade33923517d3941f9f72073de2c24e8e668c83e7eb898c43494b7dad
C:\Users\ransi\Documents\AA  SLIIT\Y2S1\IT2011 AIML\My First AI Project\EfficientNetB3_Project\data\brain_tumor_mri\Training\meningioma_tumor\m (30).jpg,m (30).jpg,meningioma_tumor,Training,1,22a5341c7b075e0c833c6e231692aee8b01cf00f7152248fa1016f250c39aa6f
C:\Users\ransi\Documents\AA  SLIIT\Y2S1\IT2011 AIML\My First AI Project\EfficientNetB3_Project\data\brain_tumor_mri\Training\glioma_tumor\gg (711).jpg,gg (711).jpg,glioma_tumor,Training,0,7812f7cfece8106986c81a3a1b4eb07e9b5a4e2d0b1909c1b681d4eb254ce55f
C:\Users\ransi\Documents\AA  SLIIT\Y2S1\IT2011 AIML\My First AI Project\EfficientNetB3_Project\data\brain_tumor_mri\Training\meningioma_tumor\m2 (140).jpg,m2 (140).jpg,meningioma_tumor,Training,1,c3c6b4be48436c8f3a8eafed3da4b98db4e80c146d737df301d6af42fb4450be
C:\Users\ransi\Documents\AA  SLIIT\Y2S1\IT2011 AIML\My First AI Project\EfficientNetB3_Project\data\brain_tumor_mri\Training\pituitary_tumor\p (435).jpg,p (435).jpg,pituitary_tumor,Training,3,ad17fbd8ab7e9543bfde95a55d2afc92cacaef1307bdfaf0cb004fa055ab9e3a
C:\Users\ransi\Documents\AA  SLIIT\Y2S1\IT2011 AIML\My First AI Project\EfficientNetB3_Project\data\brain_tumor_mri\Training\meningioma_tumor\m2 (1).jpg,m2 (1).jpg,meningioma_tumor,Training,1,d38c8660982ec2f35b1f83a9c71684e8e10b20d0ab78863b1e9704252cad1a90
C:\Users\ransi\Documents\AA  SLIIT\Y2S1\IT2011 AIML\My First AI Project\EfficientNetB3_Project\data\brain_tumor_mri\Testing\glioma_tumor\image(56).jpg,image(56).jpg,glioma_tumor,Testing,0,984c97dce09de4582cf1802f4c4870be49e8f2d6704b4ef8c44c8706dacd7da5
C:\Users\ransi\Documents\AA  SLIIT\Y2S1\IT2011 AIML\My First AI Project\EfficientNetB3_Project\data\brain_tumor_mri\Training\glioma_tumor\gg (280).jpg,gg (280).jpg,glioma_tumor,Training,0,928b812bba938a8ca461e85fd231accd917e195b6f482114e3f57103285847c2
C:\Users\ransi\Documents\AA  SLIIT\Y2S1\IT2011 AIML\My First AI Project\EfficientNetB3_Project\data\brain_tumor_mri\Training\glioma_tumor\gg (377).jpg,gg (377).jpg,glioma_tumor,Training,0,71f7d42bb82070c7842452cad8fe0b838acaa5c9d3e6de4fce7ce921af517a49
C:\Users\ransi\Documents\AA  SLIIT\Y2S1\IT2011 AIML\My First AI Project\EfficientNetB3_Project\data\brain_tumor_mri\Training\no_tumor\image (20).jpg,image (20).jpg,no_tumor,Training,2,3fcd47df13022dff9310847e66344a301655fc62a565598336433f9c098e5074
C:\Users\ransi\Documents\AA  SLIIT\Y2S1\IT2011 AIML\My First AI Project\EfficientNetB3_Project\data\brain_tumor_mri\Training\glioma_tumor\gg (600).jpg,gg (600).jpg,glioma_tumor,Training,0,e405687e65a8643eb06e93de72e6e1c50b5ad072e0b981416b0b88cac5f338e0
C:\Users\ransi\Documents\AA  SLIIT\Y2S1\IT2011 AIML\My First AI Project\EfficientNetB3_Project\data\brain_tumor_mri\Training\pituitary_tumor\p (448).jpg,p (448).jpg,pituitary_tumor,Training,3,888ae8d9710ba7e7b12900ee9ab10ca1452ce99f7be22fdaa0f6e65b9838d1dd
C:\Users\ransi\Documents\AA  SLIIT\Y2S1\IT2011 AIML\My First AI Project\EfficientNetB3_Project\data\brain_tumor_mri\Training\meningioma_tumor\m1(143).jpg,m1(143).jpg,meningioma_tumor,Training,1,eb9fb089c64c264e1b69fa99df94d15eaeea7fe1e1abf02067a54bb2c7831900
C:\Users\ransi\Documents\AA  SLIIT\Y2S1\IT2011 AIML\My First AI Project\EfficientNetB3_Project\data\brain_tumor_mri\Training\no_tumor\image (5).jpg,image (5).jpg,no_tumor,Training,2,4b232c157377de5c12642778035cbe40afb0344707bb4333f05a5b4a84b20bbd
C:\Users\ransi\Documents\AA  SLIIT\Y2S1\IT2011 AIML\My First AI Project\EfficientNetB3_Project\data\brain_tumor_mri\Testing\no_tumor\image(13).jpg,image(13).jpg,no_tumor,Testing,2,71b3de7ee123124b0cf239be46cde689f527b1b56127ff7668cabca4c6384513
C:\Users\ransi\Documents\AA  SLIIT\Y2S1\IT2011 AIML\My First AI Project\EfficientNetB3_Project\data\brain_tumor_mri\Training\pituitary_tumor\p (375).jpg,p (375).jpg,pituitary_tumor,Training,3,fe921d2f3176bc6edbc13072e6455922d77e0cbf04dc68f31a859c69b3841d2b
C:\Users\ransi\Documents\AA  SLIIT\Y2S1\IT2011 AIML\My First AI Project\EfficientNetB3_Project\data\brain_tumor_mri\Training\glioma_tumor\gg (209).jpg,gg (209).jpg,glioma_tumor,Training,0,ffc47fcc11d3109e1925e77b850928c194ed9c7925d11984aee35d89a0cb814a
C:\Users\ransi\Documents\AA  SLIIT\Y2S1\IT2011 AIML\My First AI Project\EfficientNetB3_Project\data\brain_tumor_mri\Training\pituitary_tumor\p (473).jpg,p (473).jpg,pituitary_tumor,Training,3,0b4c122bd8f333d3e4c6a4b133f3cb713133ab6990fdb44a24a686d6ef69dffb
C:\Users\ransi\Documents\AA  SLIIT\Y2S1\IT2011 AIML\My First AI Project\EfficientNetB3_Project\data\brain_tumor_mri\Training\meningioma_tumor\m (82).jpg,m (82).jpg,meningioma_tumor,Training,1,a7e18b28461707d3e8d7682958fbb9b669ebd645e4b0702cdcc856677319c271
C:\Users\ransi\Documents\AA  SLIIT\Y2S1\IT2011 AIML\My First AI Project\EfficientNetB3_Project\data\brain_tumor_mri\Training\meningioma_tumor\m (191).jpg,m (191).jpg,meningioma_tumor,Training,1,b9b139edb6459fd39a0735bfa358d9692e2de66cadce79ce9c81676410b0b1ee
C:\Users\ransi\Documents\AA  SLIIT\Y2S1\IT2011 AIML\My First AI Project\EfficientNetB3_Project\data\brain_tumor_mri\Testing\no_tumor\image(85).jpg,image(85).jpg,no_tumor,Testing,2,41d847d03ff8e8a80fde982029492adf6c622dc7d78fad2db48b14287c552296
C:\Users\ransi\Documents\AA  SLIIT\Y2S1\IT2011 AIML\My First AI Project\EfficientNetB3_Project\data\brain_tumor_mri\Training\pituitary_tumor\p (209).jpg,p (209).jpg,pituitary_tumor,Training,3,0fa10a90752d99ee5543b3e76263ca7566a8e2f18d26e112c934d9973f5011de
C:\Users\ransi\Documents\AA  SLIIT\Y2S1\IT2011 AIML\My First AI Project\EfficientNetB3_Project\data\brain_tumor_mri\Training\pituitary_tumor\p (67).jpg,p (67).jpg,pituitary_tumor,Training,3,d490013a548d4650f795d0c5068b435ad8b99f95ee6dec3fda5c971196770776
C:\Users\ransi\Documents\AA  SLIIT\Y2S1\IT2011 AIML\My First AI Project\EfficientNetB3_Project\data\brain_tumor_mri\Training\glioma_tumor\gg (213).jpg,gg (213).jpg,glioma_tumor,Training,0,744be6a596d278529e2ef12a990e99f047467302cd6cbc61e5772e76ed7d07d6
C:\Users\ransi\Documents\AA  SLIIT\Y2S1\IT2011 AIML\My First AI Project\EfficientNetB3_Project\data\brain_tumor_mri\Training\glioma_tumor\gg (590).jpg,gg (590).jpg,glioma_tumor,Training,0,b00b9249e74b7f91e69a04f5478c88369e5422f13bf5e8eaac489f359966bbac
C:\Users\ransi\Documents\AA  SLIIT\Y2S1\IT2011 AIML\My First AI Project\EfficientNetB3_Project\data\brain_tumor_mri\Training\glioma_tumor\gg (184).jpg,gg (184).jpg,glioma_tumor,Training,0,06b687b21759acb1b6be50d15a9014e35b86736e4ac81aec164d086bd3ccd401
C:\Users\ransi\Documents\AA  SLIIT\Y2S1\IT2011 AIML\My First AI Project\EfficientNetB3_Project\data\brain_tumor_mri\Training\glioma_tumor\gg (752).jpg,gg (752).jpg,glioma_tumor,Training,0,5b611d9d2863ce5d8c2eac80a97486943292a0cdac6a2517a19b054ba435e504
C:\Users\ransi\Documents\AA  SLIIT\Y2S1\IT2011 AIML\My First AI Project\EfficientNetB3_Project\data\brain_tumor_mri\Training\pituitary_tumor\p (437).jpg,p (437).jpg,pituitary_tumor,Training,3,fac669efa56016704c36ff0e1063f361c975478822fff0d2b1939dd664356a13
C:\Users\ransi\Documents\AA  SLIIT\Y2S1\IT2011 AIML\My First AI Project\EfficientNetB3_Project\data\brain_tumor_mri\Training\pituitary_tumor\p (543).jpg,p (543).jpg,pituitary_tumor,Training,3,f205a3db058de969817ebf824a7586f87db0d11c27861b86ec523c593a18bd05
C:\Users\ransi\Documents\AA  SLIIT\Y2S1\IT2011 AIML\My First AI Project\EfficientNetB3_Project\data\brain_tumor_mri\Training\pituitary_tumor\p (624).jpg,p (624).jpg,pituitary_tumor,Training,3,e0880717a78aaeb6fb85e7c316ca249f40cd529f7809a70fa16dcecf4ea7388d
C:\Users\ransi\Documents\AA  SLIIT\Y2S1\IT2011 AIML\My First AI Project\EfficientNetB3_Project\data\brain_tumor_mri\Training\meningioma_tumor\m3 (229).jpg,m3 (229).jpg,meningioma_tumor,Training,1,edc53dceee3977c2baf32fe6de980f9b266ad7d92b0f39d30b9641acb975dd94
C:\Users\ransi\Documents\AA  SLIIT\Y2S1\IT2011 AIML\My First AI Project\EfficientNetB3_Project\data\brain_tumor_mri\Training\meningioma_tumor\m1(27).jpg,m1(27).jpg,meningioma_tumor,Training,1,6fd6103f52741a38cc0d1b00fd62ffeca449078cc870b5044f4221bf26f0738f
C:\Users\ransi\Documents\AA  SLIIT\Y2S1\IT2011 AIML\My First AI Project\EfficientNetB3_Project\data\brain_tumor_mri\Training\no_tumor\image (15).jpg,image (15).jpg,no_tumor,Training,2,dc811fda9f7bc3506f21d4094da84c5e3a81d3878b28967b830536fda342a33e
C:\Users\ransi\Documents\AA  SLIIT\Y2S1\IT2011 AIML\My First AI Project\EfficientNetB3_Project\data\brain_tumor_mri\Testing\meningioma_tumor\image(53).jpg,image(53).jpg,meningioma_tumor,Testing,1,56cf9f66248d14af34d23eaa420b0c509a94f19c63b1937f8bf63f92cca301f5
C:\Users\ransi\Documents\AA  SLIIT\Y2S1\IT2011 AIML\My First AI Project\EfficientNetB3_Project\data\brain_tumor_mri\Testing\meningioma_tumor\image(21).jpg,image(21).jpg,meningioma_tumor,Testing,1,deb3cf8255416bd3f24f48f7159965f9e48b5b346e5b22a41b11f8a7f22edec7
C:\Users\ransi\Documents\AA  SLIIT\Y2S1\IT2011 AIML\My First AI Project\EfficientNetB3_Project\data\brain_tumor_mri\Testing\glioma_tumor\image(74).jpg,image(74).jpg,glioma_tumor,Testing,0,0015ffeb866e7285f86ecf216eb0040043a5bdacebc9b918e4c0707301ed9f7d
C:\Users\ransi\Documents\AA  SLIIT\Y2S1\IT2011 AIML\My First AI Project\EfficientNetB3_Project\data\brain_tumor_mri\Training\pituitary_tumor\p (346).jpg,p (346).jpg,pituitary_tumor,Training,3,cd3f4e97721fa8bb0a23d92945e6e258f2777038dd09b09b1338deb76a089f5d
C:\Users\ransi\Documents\AA  SLIIT\Y2S1\IT2011 AIML\My First AI Project\EfficientNetB3_Project\data\brain_tumor_mri\Training\meningioma_tumor\m (35).jpg,m (35).jpg,meningioma_tumor,Training,1,447b63c09c4451ad33fc3ef867202554c18a4e4a3d6bd50de342da387ac2e94e
C:\Users\ransi\Documents\AA  SLIIT\Y2S1\IT2011 AIML\My First AI Project\EfficientNetB3_Project\data\brain_tumor_mri\Training\pituitary_tumor\p (766).jpg,p (766).jpg,pituitary_tumor,Training,3,8598bdd31b3b440d5121f6c84ac721bbc9f005997523f832570876aaf8bd8a3f
C:\Users\ransi\Documents\AA  SLIIT\Y2S1\IT2011 AIML\My First AI Project\EfficientNetB3_Project\data\brain_tumor_mri\Training\meningioma_tumor\m2 (104).jpg,m2 (104).jpg,meningioma_tumor,Training,1,12b61dd024345a4bcee5e33ecb45aa48c41a4ce8b348deb0da8cff97fba5e61e
C:\Users\ransi\Documents\AA  SLIIT\Y2S1\IT2011 AIML\My First AI Project\EfficientNetB3_Project\data\brain_tumor_mri\Training\glioma_tumor\gg (536).jpg,gg (536).jpg,glioma_tumor,Training,0,e34b3be5a90fd23213b3f511ff71b62e1f7e33f2de3f405309f92201024bb487
C:\Users\ransi\Documents\AA  SLIIT\Y2S1\IT2011 AIML\My First AI Project\EfficientNetB3_Project\data\brain_tumor_mri\Training\glioma_tumor\gg (360).jpg,gg (360).jpg,glioma_tumor,Training,0,6466c2a0f15916e089926fbeb1dc1e09bcd990bd5f0651c819d3039c6a0636b3
C:\Users\ransi\Documents\AA  SLIIT\Y2S1\IT2011 AIML\My First AI Project\EfficientNetB3_Project\data\brain_tumor_mri\Training\pituitary_tumor\p (826).jpg,p (826).jpg,pituitary_tumor,Training,3,08690b76457b2b44d58682cece62ec951ef6d30d935ce07df852e97d44434680
C:\Users\ransi\Documents\AA  SLIIT\Y2S1\IT2011 AIML\My First AI Project\EfficientNetB3_Project\data\brain_tumor_mri\Training\glioma_tumor\gg (400).jpg,gg (400).jpg,glioma_tumor,Training,0,27c1d275c113ab549b096ae567f53009f3378d8531382d68c2b331145428041f
C:\Users\ransi\Documents\AA  SLIIT\Y2S1\IT2011 AIML\My First AI Project\EfficientNetB3_Project\data\brain_tumor_mri\Training\no_tumor\image (18).jpg,image (18).jpg,no_tumor,Training,2,fb32f456cca40bf1867369a4abcae84ff15d634bc56637a568d09449114f95ae
C:\Users\ransi\Documents\AA  SLIIT\Y2S1\IT2011 AIML\My First AI Project\EfficientNetB3_Project\data\brain_tumor_mri\Training\pituitary_tumor\p (415).jpg,p (415).jpg,pituitary_tumor,Training,3,dc7024c5becfb5e95f87452725502f1d5cafba36713512d023b3ead227e5c9f2
C:\Users\ransi\Documents\AA  SLIIT\Y2S1\IT2011 AIML\My First AI Project\EfficientNetB3_Project\data\brain_tumor_mri\Training\pituitary_tumor\p (515).jpg,p (515).jpg,pituitary_tumor,Training,3,5c8bde4f66583b4bf64f55e6c9b86d66a709371f66c824d3302ea05c7a51ed14
C:\Users\ransi\Documents\AA  SLIIT\Y2S1\IT2011 AIML\My First AI Project\EfficientNetB3_Project\data\brain_tumor_mri\Training\glioma_tumor\gg (229).jpg,gg (229).jpg,glioma_tumor,Training,0,65d1396cf916795c3acad8c7d6be19a385b6fb52cd3ce38ee7729d7d44f1c25f
C:\Users\ransi\Documents\AA  SLIIT\Y2S1\IT2011 AIML\My First AI Project\EfficientNetB3_Project\data\brain_tumor_mri\Training\glioma_tumor\gg (593).jpg,gg (593).jpg,glioma_tumor,Training,0,2d33e035b533d94e310dce9c7925ede0fc88b85796079304e3da37a2e9ce0326
C:\Users\ransi\Documents\AA  SLIIT\Y2S1\IT2011 AIML\My First AI Project\EfficientNetB3_Project\data\brain_tumor_mri\Training\meningioma_tumor\m (112).jpg,m (112).jpg,meningioma_tumor,Training,1,d61f1435ba07e53a2f1db1be64b0786482863da3730c2f8bb75545d9acf0304e
C:\Users\ransi\Documents\AA  SLIIT\Y2S1\IT2011 AIML\My First AI Project\EfficientNetB3_Project\data\brain_tumor_mri\Training\glioma_tumor\gg (379).jpg,gg (379).jpg,glioma_tumor,Training,0,75392570c129d5196f497caab57cce9af2a122b6d861479a1c6890f567cdd4e7
C:\Users\ransi\Documents\AA  SLIIT\Y2S1\IT2011 AIML\My First AI Project\EfficientNetB3_Project\data\brain_tumor_mri\Training\pituitary_tumor\p (786).jpg,p (786).jpg,pituitary_tumor,Training,3,c05038db76c2c74d59e5616fab4046b4229d29c9e0cc9dc78e49e1b92a1a9af3
C:\Users\ransi\Documents\AA  SLIIT\Y2S1\IT2011 AIML\My First AI Project\EfficientNetB3_Project\data\brain_tumor_mri\Training\no_tumor\image(42).jpg,image(42).jpg,no_tumor,Training,2,136e27954eca1b7b887f3700f412b2c531153938a0d721d1557a94c3362497c2
C:\Users\ransi\Documents\AA  SLIIT\Y2S1\IT2011 AIML\My First AI Project\EfficientNetB3_Project\data\brain_tumor_mri\Testing\pituitary_tumor\image(96).jpg,image(96).jpg,pituitary_tumor,Testing,3,de35915b30be9cb513305bb03b1fcf263dadf7259aa666e02f09215118f7f65a
C:\Users\ransi\Documents\AA  SLIIT\Y2S1\IT2011 AIML\My First AI Project\EfficientNetB3_Project\data\brain_tumor_mri\Training\glioma_tumor\gg (205).jpg,gg (205).jpg,glioma_tumor,Training,0,e6ccfb4470b0867836d98b825979e71f3cebcb541a9e229aea62a810d720738f
C:\Users\ransi\Documents\AA  SLIIT\Y2S1\IT2011 AIML\My First AI Project\EfficientNetB3_Project\data\brain_tumor_mri\Training\pituitary_tumor\p (60).jpg,p (60).jpg,pituitary_tumor,Training,3,44ec4360b4807b440c40dde7cd4d50e23c3923c71bc5af68be03deb2a1c0e981
C:\Users\ransi\Documents\AA  SLIIT\Y2S1\IT2011 AIML\My First AI Project\EfficientNetB3_Project\data\brain_tumor_mri\Training\glioma_tumor\gg (139).jpg,gg (139).jpg,glioma_tumor,Training,0,a19c60b9044c34bd4ce9d3155a07d17062174d33f2270e38eb648d0913d2be45
C:\Users\ransi\Documents\AA  SLIIT\Y2S1\IT2011 AIML\My First AI Project\EfficientNetB3_Project\data\brain_tumor_mri\Testing\no_tumor\image(29).jpg,image(29).jpg,no_tumor,Testing,2,9c3b00e6b1f5fcb23d3ebf1a8b04f9517691cc7b7e2cfdbde375625c920b97a6
C:\Users\ransi\Documents\AA  SLIIT\Y2S1\IT2011 AIML\My First AI Project\EfficientNetB3_Project\data\brain_tumor_mri\Training\pituitary_tumor\p (791).jpg,p (791).jpg,pituitary_tumor,Training,3,ecb9603292cad935619bdac8830e4288116dbc1e1ea541193471ad6c55d505fb
C:\Users\ransi\Documents\AA  SLIIT\Y2S1\IT2011 AIML\My First AI Project\EfficientNetB3_Project\data\brain_tumor_mri\Testing\meningioma_tumor\image(2).jpg,image(2).jpg,meningioma_tumor,Testing,1,b8a42737f41cb71d02cc8f6ea840c15f91ec938639d089be773149eb7cd878a6
C:\Users\ransi\Documents\AA  SLIIT\Y2S1\IT2011 AIML\My First AI Project\EfficientNetB3_Project\data\brain_tumor_mri\Training\glioma_tumor\gg (602).jpg,gg (602).jpg,glioma_tumor,Training,0,7c7553a848fc1e05bcff0a0ba24f33a4375619bbabf79c083fafe0c2c6bc2f10
C:\Users\ransi\Documents\AA  SLIIT\Y2S1\IT2011 AIML\My First AI Project\EfficientNetB3_Project\data\brain_tumor_mri\Training\no_tumor\image(215).jpg,image(215).jpg,no_tumor,Training,2,20b0c7de1c131e75deff54e8f0c51eef6c48116cdcbf7bb1f47fc7e4c7f07ab1
C:\Users\ransi\Documents\AA  SLIIT\Y2S1\IT2011 AIML\My First AI Project\EfficientNetB3_Project\data\brain_tumor_mri\Training\pituitary_tumor\p (286).jpg,p (286).jpg,pituitary_tumor,Training,3,85e567bc46c5ba3eb651af2e76d84f1f8353f3bb02009a4d44aab284a32d9e9c
C:\Users\ransi\Documents\AA  SLIIT\Y2S1\IT2011 AIML\My First AI Project\EfficientNetB3_Project\data\brain_tumor_mri\Training\meningioma_tumor\m (166).jpg,m (166).jpg,meningioma_tumor,Training,1,d7016195afe1741d6bcf4e423d84d7af430f664c95f53fc9aaa9e2c310d5c44b
C:\Users\ransi\Documents\AA  SLIIT\Y2S1\IT2011 AIML\My First AI Project\EfficientNetB3_Project\data\brain_tumor_mri\Training\pituitary_tumor\p (631).jpg,p (631).jpg,pituitary_tumor,Training,3,1917cf11a66f068be75028215d0795510db90c59c333653e904340889c38e490
C:\Users\ransi\Documents\AA  SLIIT\Y2S1\IT2011 AIML\My First AI Project\EfficientNetB3_Project\data\brain_tumor_mri\Training\pituitary_tumor\p (88).jpg,p (88).jpg,pituitary_tumor,Training,3,2b25982fc80b8e26959ec3508e7bae7cd1e61d26d4e0c1da0c4390f2f53461b9
C:\Users\ransi\Documents\AA  SLIIT\Y2S1\IT2011 AIML\My First AI Project\EfficientNetB3_Project\data\brain_tumor_mri\Training\glioma_tumor\gg (1).jpg,gg (1).jpg,glioma_tumor,Training,0,db517ab8aaffe11a81b110c4900dfe1e197853faa4fb1b3c824bd696d9c39d69
C:\Users\ransi\Documents\AA  SLIIT\Y2S1\IT2011 AIML\My First AI Project\EfficientNetB3_Project\data\brain_tumor_mri\Training\pituitary_tumor\p (403).jpg,p (403).jpg,pituitary_tumor,Training,3,86137c9107b4d273aa49a3ae9c7e1b19852242f83eea452a781c9be9e14b5aed
C:\Users\ransi\Documents\AA  SLIIT\Y2S1\IT2011 AIML\My First AI Project\EfficientNetB3_Project\data\brain_tumor_mri\Training\glioma_tumor\gg (61).jpg,gg (61).jpg,glioma_tumor,Training,0,f9fd83d20504dabdfbebd9b5b1036db97e7278c3e37c2faa8b6b49b3fdf25263
C:\Users\ransi\Documents\AA  SLIIT\Y2S1\IT2011 AIML\My First AI Project\EfficientNetB3_Project\data\brain_tumor_mri\Training\meningioma_tumor\m2 (75).jpg,m2 (75).jpg,meningioma_tumor,Training,1,f663b45de8dd793feb19cf515856095040acb9b8c8b41e6d476cd30d9addbf00
C:\Users\ransi\Documents\AA  SLIIT\Y2S1\IT2011 AIML\My First AI Project\EfficientNetB3_Project\data\brain_tumor_mri\Training\meningioma_tumor\m2 (83).jpg,m2 (83).jpg,meningioma_tumor,Training,1,0bcc94aec8fb8c5aa4954efa0eafbb193fd627825563377c19870b74812f2fff
C:\Users\ransi\Documents\AA  SLIIT\Y2S1\IT2011 AIML\My First AI Project\EfficientNetB3_Project\data\brain_tumor_mri\Training\meningioma_tumor\m3 (151).jpg,m3 (151).jpg,meningioma_tumor,Training,1,01e3ae35ad8a57942001111cd45a2d9e03adc1b7b0def3e2e974544dc3443ba2
C:\Users\ransi\Documents\AA  SLIIT\Y2S1\IT2011 AIML\My First AI Project\EfficientNetB3_Project\data\brain_tumor_mri\Training\glioma_tumor\gg (192).jpg,gg (192).jpg,glioma_tumor,Training,0,79de398b5488b47dd22b80c1d30b744b22561be0f583379bac501766559d7a88
C:\Users\ransi\Documents\AA  SLIIT\Y2S1\IT2011 AIML\My First AI Project\EfficientNetB3_Project\data\brain_tumor_mri\Training\no_tumor\image(231).jpg,image(231).jpg,no_tumor,Training,2,7d5fb3078f6ed56884ebf8c14928f4e8e05ffd2065cf1b5f4b23cd6dfa3f49ef
C:\Users\ransi\Documents\AA  SLIIT\Y2S1\IT2011 AIML\My First AI Project\EfficientNetB3_Project\data\brain_tumor_mri\Training\pituitary_tumor\p (656).jpg,p (656).jpg,pituitary_tumor,Training,3,82fc4228e4a0c2137a3167ec0b34c1559cad191b8485090b01158e8db9342319
C:\Users\ransi\Documents\AA  SLIIT\Y2S1\IT2011 AIML\My First AI Project\EfficientNetB3_Project\data\brain_tumor_mri\Training\meningioma_tumor\m (116).jpg,m (116).jpg,meningioma_tumor,Training,1,7b65b5bf288471ceae7c38bf1394928bb8fafdc99d23c28fd2585e86611dbc36
C:\Users\ransi\Documents\AA  SLIIT\Y2S1\IT2011 AIML\My First AI Project\EfficientNetB3_Project\data\brain_tumor_mri\Training\no_tumor\image(55).jpg,image(55).jpg,no_tumor,Training,2,a8d8bd68e37588a5be079ea92de410d9097988aea40552f6fd08ca44a7dd6c74
C:\Users\ransi\Documents\AA  SLIIT\Y2S1\IT2011 AIML\My First AI Project\EfficientNetB3_Project\data\brain_tumor_mri\Training\pituitary_tumor\p (782).jpg,p (782).jpg,pituitary_tumor,Training,3,d94441353e8d7ed1ee1c991fdfe82b29650db99a9b824c657b9595a4a63c9f71
C:\Users\ransi\Documents\AA  SLIIT\Y2S1\IT2011 AIML\My First AI Project\EfficientNetB3_Project\data\brain_tumor_mri\Training\meningioma_tumor\m2 (168).jpg,m2 (168).jpg,meningioma_tumor,Training,1,ddc2c278a2e132cbf159233a072920b89df7d85060571bc6168e9a50cdc20e93
C:\Users\ransi\Documents\AA  SLIIT\Y2S1\IT2011 AIML\My First AI Project\EfficientNetB3_Project\data\brain_tumor_mri\Training\no_tumor\image(206).jpg,image(206).jpg,no_tumor,Training,2,840e12a9d0fc509d61fab11db74d1716234312bd96939b632e19b8f102ace3cf
C:\Users\ransi\Documents\AA  SLIIT\Y2S1\IT2011 AIML\My First AI Project\EfficientNetB3_Project\data\brain_tumor_mri\Training\meningioma_tumor\m (47).jpg,m (47).jpg,meningioma_tumor,Training,1,c6c67e65e0be3103f363392a036e6edb7601f6b8a9b238e49eec27d6c50dca64
C:\Users\ransi\Documents\AA  SLIIT\Y2S1\IT2011 AIML\My First AI Project\EfficientNetB3_Project\data\brain_tumor_mri\Training\pituitary_tumor\p (395).jpg,p (395).jpg,pituitary_tumor,Training,3,fb99032b96e86d497cd99177e9a2841d6e06421bf01feab4f71d4ba18ac5cfbb
C:\Users\ransi\Documents\AA  SLIIT\Y2S1\IT2011 AIML\My First AI Project\EfficientNetB3_Project\data\brain_tumor_mri\Training\pituitary_tumor\p (145).jpg,p (145).jpg,pituitary_tumor,Training,3,7e754b053fde0b657d3f4c4a3d4808304b6c2d39a31c75522185e42dd67e2183
C:\Users\ransi\Documents\AA  SLIIT\Y2S1\IT2011 AIML\My First AI Project\EfficientNetB3_Project\data\brain_tumor_mri\Training\pituitary_tumor\p (387).jpg,p (387).jpg,pituitary_tumor,Training,3,5fe00a3439a718c30be171e28581d26a3932cf18d72bae1c5439eeb9f28e4214
C:\Users\ransi\Documents\AA  SLIIT\Y2S1\IT2011 AIML\My First AI Project\EfficientNetB3_Project\data\brain_tumor_mri\Training\pituitary_tumor\p (580).jpg,p (580).jpg,pituitary_tumor,Training,3,7d0738e4f6493b449e20a147b80f674c589dc478dd6b5ccd4fb6ea1c329f0cfe
C:\Users\ransi\Documents\AA  SLIIT\Y2S1\IT2011 AIML\My First AI Project\EfficientNetB3_Project\data\brain_tumor_mri\Training\pituitary_tumor\p (517).jpg,p (517).jpg,pituitary_tumor,Training,3,79e5e65d8fe4327a500b0c0cdfb88f63d2de66f860fc80c5de26273abc7d96d7
C:\Users\ransi\Documents\AA  SLIIT\Y2S1\IT2011 AIML\My First AI Project\EfficientNetB3_Project\data\brain_tumor_mri\Training\glioma_tumor\gg (628).jpg,gg (628).jpg,glioma_tumor,Training,0,146c695c2c24d20753fd232b93018b5b43fffadcedb35deaf5c7392e260fa846
C:\Users\ransi\Documents\AA  SLIIT\Y2S1\IT2011 AIML\My First AI Project\EfficientNetB3_Project\data\brain_tumor_mri\Training\glioma_tumor\gg (684).jpg,gg (684).jpg,glioma_tumor,Training,0,f91393d9f8502b83f11c84eec6eb2fe94bd06108ac51f6952e0367edbb1ff7af
C:\Users\ransi\Documents\AA  SLIIT\Y2S1\IT2011 AIML\My First AI Project\EfficientNetB3_Project\data\brain_tumor_mri\Training\meningioma_tumor\m1(101).jpg,m1(101).jpg,meningioma_tumor,Training,1,24f09f91af40e42f2798bbc29df353ce17e6a0c0b533fb923b2fa8f75df6b496
C:\Users\ransi\Documents\AA  SLIIT\Y2S1\IT2011 AIML\My First AI Project\EfficientNetB3_Project\data\brain_tumor_mri\Training\glioma_tumor\gg (554).jpg,gg (554).jpg,glioma_tumor,Training,0,48331ba7fe64a0b7325b9da0a391ffcedc5da399b8a7aff69f892bd4862fcb7e
C:\Users\ransi\Documents\AA  SLIIT\Y2S1\IT2011 AIML\My First AI Project\EfficientNetB3_Project\data\brain_tumor_mri\Training\glioma_tumor\gg (531).jpg,gg (531).jpg,glioma_tumor,Training,0,fb82cb9a9b3f59ea5488bccacb996953153882f334a788633dd9ce603adc862d
C:\Users\ransi\Documents\AA  SLIIT\Y2S1\IT2011 AIML\My First AI Project\EfficientNetB3_Project\data\brain_tumor_mri\Training\pituitary_tumor\p (663).jpg,p (663).jpg,pituitary_tumor,Training,3,4192a45ee0dca139358cdc81af4b9baa9a2a34a642ababbba6081d21af32b884
C:\Users\ransi\Documents\AA  SLIIT\Y2S1\IT2011 AIML\My First AI Project\EfficientNetB3_Project\data\brain_tumor_mri\Training\pituitary_tumor\p (723).jpg,p (723).jpg,pituitary_tumor,Training,3,e6d2957611dd36324ac338eed0f1c17acd611ba81b81ebbb380bf3b9c97186e1
C:\Users\ransi\Documents\AA  SLIIT\Y2S1\IT2011 AIML\My First AI Project\EfficientNetB3_Project\data\brain_tumor_mri\Training\glioma_tumor\gg (215).jpg,gg (215).jpg,glioma_tumor,Training,0,b79ee9fe955944da7d259c00c403faf57e3b4ca730db9f2cbe279faac84f31a1
C:\Users\ransi\Documents\AA  SLIIT\Y2S1\IT2011 AIML\My First AI Project\EfficientNetB3_Project\data\brain_tumor_mri\Training\pituitary_tumor\p (106).jpg,p (106).jpg,pituitary_tumor,Training,3,d955fad4d89d6f85ab71a9a40fe2bada5b0406d4a7125b9ab28d52a7c6316133
C:\Users\ransi\Documents\AA  SLIIT\Y2S1\IT2011 AIML\My First AI Project\EfficientNetB3_Project\data\brain_tumor_mri\Training\pituitary_tumor\p (462).jpg,p (462).jpg,pituitary_tumor,Training,3,2630c5486d28e06466ccf17491279ea6ec6ba9e26158b98606256e4090e53e69
C:\Users\ransi\Documents\AA  SLIIT\Y2S1\IT2011 AIML\My First AI Project\EfficientNetB3_Project\data\brain_tumor_mri\Testing\no_tumor\image(38).jpg,image(38).jpg,no_tumor,Testing,2,5dc458fca643f408eb0da30575e47f363f70ce78a3a14f1b8452139696512b00
C:\Users\ransi\Documents\AA  SLIIT\Y2S1\IT2011 AIML\My First AI Project\EfficientNetB3_Project\data\brain_tumor_mri\Training\meningioma_tumor\m (130).jpg,m (130).jpg,meningioma_tumor,Training,1,303f752cda7b8b63f4f97dcd0cbbc06db535f963ab1608925215cf2c773b6d89
C:\Users\ransi\Documents\AA  SLIIT\Y2S1\IT2011 AIML\My First AI Project\EfficientNetB3_Project\data\brain_tumor_mri\Training\meningioma_tumor\m (71).jpg,m (71).jpg,meningioma_tumor,Training,1,ad03d689068abc7b44d7e402763043b5989791e0ca8bbb8c2f72f521e0f4e15a
C:\Users\ransi\Documents\AA  SLIIT\Y2S1\IT2011 AIML\My First AI Project\EfficientNetB3_Project\data\brain_tumor_mri\Training\meningioma_tumor\m1(107).jpg,m1(107).jpg,meningioma_tumor,Training,1,6ad9d32cdae2045bb1b09e49987220483033847ecd38c2a369a63bf4fab0194c
C:\Users\ransi\Documents\AA  SLIIT\Y2S1\IT2011 AIML\My First AI Project\EfficientNetB3_Project\data\brain_tumor_mri\Training\pituitary_tumor\p (379).jpg,p (379).jpg,pituitary_tumor,Training,3,07098fbf1270f93c1cab9c4b90f19ba1605f5bc8489d264b615f93f41f18e06d
C:\Users\ransi\Documents\AA  SLIIT\Y2S1\IT2011 AIML\My First AI Project\EfficientNetB3_Project\data\brain_tumor_mri\Training\meningioma_tumor\m3 (240).jpg,m3 (240).jpg,meningioma_tumor,Training,1,38c514be442f2fc52742f8e0a73b307bf193bba171bcb033860cc133394ff409
C:\Users\ransi\Documents\AA  SLIIT\Y2S1\IT2011 AIML\My First AI Project\EfficientNetB3_Project\data\brain_tumor_mri\Training\glioma_tumor\gg (173).jpg,gg (173).jpg,glioma_tumor,Training,0,35f89e42d3bbe1fb069056f55c0f0ee64dc80f6776bc44ebde1e171d09d6fc2a
C:\Users\ransi\Documents\AA  SLIIT\Y2S1\IT2011 AIML\My First AI Project\EfficientNetB3_Project\data\brain_tumor_mri\Training\meningioma_tumor\m3 (86).jpg,m3 (86).jpg,meningioma_tumor,Training,1,2e13f9247214a6b8f959ff1815f2e3215eb9c3e23e2c80224187799f46c45a0f
C:\Users\ransi\Documents\AA  SLIIT\Y2S1\IT2011 AIML\My First AI Project\EfficientNetB3_Project\data\brain_tumor_mri\Training\meningioma_tumor\m1(137).jpg,m1(137).jpg,meningioma_tumor,Training,1,7ae82ad05ee2fd7dc4d6ee5f4793ac4fc8c416bba68b698a2df7d59d76b1cd2b
C:\Users\ransi\Documents\AA  SLIIT\Y2S1\IT2011 AIML\My First AI Project\EfficientNetB3_Project\data\brain_tumor_mri\Testing\meningioma_tumor\image(3).jpg,image(3).jpg,meningioma_tumor,Testing,1,dd744532f6d754160bbcb4b1c72a140d4f63874222ef8785d22d0ac046271bc9
C:\Users\ransi\Documents\AA  SLIIT\Y2S1\IT2011 AIML\My First AI Project\EfficientNetB3_Project\data\brain_tumor_mri\Training\glioma_tumor\gg (294).jpg,gg (294).jpg,glioma_tumor,Training,0,6d9a007ea17ea24d4457d7fd61e055e6297df8a1e5453593fd1a3f40ada462e9
C:\Users\ransi\Documents\AA  SLIIT\Y2S1\IT2011 AIML\My First AI Project\EfficientNetB3_Project\data\brain_tumor_mri\Training\meningioma_tumor\m3 (43).jpg,m3 (43).jpg,meningioma_tumor,Training,1,0f6dd05728f38f57d71fae48a5e1d1320c76a2ec3c813d75cd39e92c3d334767
C:\Users\ransi\Documents\AA  SLIIT\Y2S1\IT2011 AIML\My First AI Project\EfficientNetB3_Project\data\brain_tumor_mri\Training\glioma_tumor\gg (347).jpg,gg (347).jpg,glioma_tumor,Training,0,19361d1e2fb6dedddf39c0d8df862b32130e91cc3cba639f70e1405e3960ff27
C:\Users\ransi\Documents\AA  SLIIT\Y2S1\IT2011 AIML\My First AI Project\EfficientNetB3_Project\data\brain_tumor_mri\Training\glioma_tumor\gg (258).jpg,gg (258).jpg,glioma_tumor,Training,0,d56e1de32d3e03e0a8d8a854955052e99f370604e62556552a6906b5825c819e
C:\Users\ransi\Documents\AA  SLIIT\Y2S1\IT2011 AIML\My First AI Project\EfficientNetB3_Project\data\brain_tumor_mri\Training\meningioma_tumor\m2 (6).jpg,m2 (6).jpg,meningioma_tumor,Training,1,fe12b579116273ab347446564847f3620d4edb6fff78f6ee8ba4c379012c30e7
C:\Users\ransi\Documents\AA  SLIIT\Y2S1\IT2011 AIML\My First AI Project\EfficientNetB3_Project\data\brain_tumor_mri\Training\glioma_tumor\gg (519).jpg,gg (519).jpg,glioma_tumor,Training,0,2c27320dd2cc182a76edb4f420c5f4c2838609f1eff39bf8941f08a39e5b4523
C:\Users\ransi\Documents\AA  SLIIT\Y2S1\IT2011 AIML\My First AI Project\EfficientNetB3_Project\data\brain_tumor_mri\Training\pituitary_tumor\p (317).jpg,p (317).jpg,pituitary_tumor,Training,3,9dd82ba057eed76ed646f547d3a24df84f66a3ecc4f50b23bd743c797f27b6fb
C:\Users\ransi\Documents\AA  SLIIT\Y2S1\IT2011 AIML\My First AI Project\EfficientNetB3_Project\data\brain_tumor_mri\Training\pituitary_tumor\p (76).jpg,p (76).jpg,pituitary_tumor,Training,3,4f050f4420c932757fc8c47b5a623bbe67815c5056b47a463dabd158bb40b52d
C:\Users\ransi\Documents\AA  SLIIT\Y2S1\IT2011 AIML\My First AI Project\EfficientNetB3_Project\data\brain_tumor_mri\Training\meningioma_tumor\m3 (118).jpg,m3 (118).jpg,meningioma_tumor,Training,1,2465e7577be66939eed91621915e3674ba9f05fe9368a6540b0b0e2b8d291531
C:\Users\ransi\Documents\AA  SLIIT\Y2S1\IT2011 AIML\My First AI Project\EfficientNetB3_Project\data\brain_tumor_mri\Testing\no_tumor\image(5).jpg,image(5).jpg,no_tumor,Testing,2,3897062aac96a4bd1b6b9c1c834eee1358a8277ff7f0f7397dd6e6ba9cbdb46c
C:\Users\ransi\Documents\AA  SLIIT\Y2S1\IT2011 AIML\My First AI Project\EfficientNetB3_Project\data\brain_tumor_mri\Training\pituitary_tumor\p (820).jpg,p (820).jpg,pituitary_tumor,Training,3,016b7ee664644ef3718bb33f63ec7e3d8fe9e8e625512ffe11c6ab73cb441494
C:\Users\ransi\Documents\AA  SLIIT\Y2S1\IT2011 AIML\My First AI Project\EfficientNetB3_Project\data\brain_tumor_mri\Training\meningioma_tumor\m3 (57).jpg,m3 (57).jpg,meningioma_tumor,Training,1,39c40da9e36c528b7a52fb990b5f9a91544cc1c7d05f5f303acff49473e1521a
C:\Users\ransi\Documents\AA  SLIIT\Y2S1\IT2011 AIML\My First AI Project\EfficientNetB3_Project\data\brain_tumor_mri\Training\meningioma_tumor\m3 (48).jpg,m3 (48).jpg,meningioma_tumor,Training,1,f6e7d095f7bab27e10854c4d8d4ed1f1b8a00267e959ded7deb8d89796672ac9
C:\Users\ransi\Documents\AA  SLIIT\Y2S1\IT2011 AIML\My First AI Project\EfficientNetB3_Project\data\brain_tumor_mri\Testing\glioma_tumor\image(61).jpg,image(61).jpg,glioma_tumor,Testing,0,71ffcbdcccff153ac612c409e9e625336c6e1be36523ad2b1484d20ba9ff5dc9
C:\Users\ransi\Documents\AA  SLIIT\Y2S1\IT2011 AIML\My First AI Project\EfficientNetB3_Project\data\brain_tumor_mri\Training\pituitary_tumor\p (636).jpg,p (636).jpg,pituitary_tumor,Training,3,4a5a54e0a5ca4178d549835f7065b3da2224e8bf43113ca842a83e7268a87dcd
C:\Users\ransi\Documents\AA  SLIIT\Y2S1\IT2011 AIML\My First AI Project\EfficientNetB3_Project\data\brain_tumor_mri\Training\glioma_tumor\gg (109).jpg,gg (109).jpg,glioma_tumor,Training,0,a0f19b12c2c99377ce121936919488f42bda6116721dbb7a71515d58003ffb41
C:\Users\ransi\Documents\AA  SLIIT\Y2S1\IT2011 AIML\My First AI Project\EfficientNetB3_Project\data\brain_tumor_mri\Training\glioma_tumor\gg (603).jpg,gg (603).jpg,glioma_tumor,Training,0,52bb5aaa850136a8944170db8dd021abeab25ca57c8c8f0fdad56f9bb384c29e
C:\Users\ransi\Documents\AA  SLIIT\Y2S1\IT2011 AIML\My First AI Project\EfficientNetB3_Project\data\brain_tumor_mri\Training\pituitary_tumor\p (449).jpg,p (449).jpg,pituitary_tumor,Training,3,1233966ce8e805be57ca632d63199d4e2ed3955082bc35393fb8a854fc92aec7
C:\Users\ransi\Documents\AA  SLIIT\Y2S1\IT2011 AIML\My First AI Project\EfficientNetB3_Project\data\brain_tumor_mri\Training\pituitary_tumor\p (332).jpg,p (332).jpg,pituitary_tumor,Training,3,0658cca24ed6e02cc6d8779d0e65732e284b6f8e6cd861c3455c18ff4fd4b78c
C:\Users\ransi\Documents\AA  SLIIT\Y2S1\IT2011 AIML\My First AI Project\EfficientNetB3_Project\data\brain_tumor_mri\Training\meningioma_tumor\m (159).jpg,m (159).jpg,meningioma_tumor,Training,1,13d08e8ef10ff5a79c5b61032e2ddb77be86fe5c9e5c4466452c4b48a985f21d
C:\Users\ransi\Documents\AA  SLIIT\Y2S1\IT2011 AIML\My First AI Project\EfficientNetB3_Project\data\brain_tumor_mri\Training\glioma_tumor\gg (387).jpg,gg (387).jpg,glioma_tumor,Training,0,e69238ed9528a191f9d834bd3c46a3d5551a70f29bf094a9b848a013fad7c51b
C:\Users\ransi\Documents\AA  SLIIT\Y2S1\IT2011 AIML\My First AI Project\EfficientNetB3_Project\data\brain_tumor_mri\Training\meningioma_tumor\m1(169).jpg,m1(169).jpg,meningioma_tumor,Training,1,fcfe7634ac373c6839916f9cce74ce6369249bd96bd55aa3ae3d0050d2119410
C:\Users\ransi\Documents\AA  SLIIT\Y2S1\IT2011 AIML\My First AI Project\EfficientNetB3_Project\data\brain_tumor_mri\Training\no_tumor\image(89).jpg,image(89).jpg,no_tumor,Training,2,06da2b63483ae3906acb5ae1e2c4b2056c28217f45d0e6183d68d08c31e717eb
C:\Users\ransi\Documents\AA  SLIIT\Y2S1\IT2011 AIML\My First AI Project\EfficientNetB3_Project\data\brain_tumor_mri\Training\glioma_tumor\gg (537).jpg,gg (537).jpg,glioma_tumor,Training,0,5b4e4a0f482cb68955c340205d475f25c3a30718bd3b48925cf8ca8858e3d31e
C:\Users\ransi\Documents\AA  SLIIT\Y2S1\IT2011 AIML\My First AI Project\EfficientNetB3_Project\data\brain_tumor_mri\Training\no_tumor\image(49).jpg,image(49).jpg,no_tumor,Training,2,c6d35e130bc719af5e19824979ce640e835635fc495a7383435df8b9aa16b023
C:\Users\ransi\Documents\AA  SLIIT\Y2S1\IT2011 AIML\My First AI Project\EfficientNetB3_Project\data\brain_tumor_mri\Training\meningioma_tumor\m1(34).jpg,m1(34).jpg,meningioma_tumor,Training,1,9469f3922b9aba7e9f41eb4c9426ffe76d2af35692325eed8ff10eb1f82c60ef
C:\Users\ransi\Documents\AA  SLIIT\Y2S1\IT2011 AIML\My First AI Project\EfficientNetB3_Project\data\brain_tumor_mri\Training\pituitary_tumor\p (571).jpg,p (571).jpg,pituitary_tumor,Training,3,10817da365a1c24d7a34fa9a7a830fb788611eccb53032950ea3682fe411f648
C:\Users\ransi\Documents\AA  SLIIT\Y2S1\IT2011 AIML\My First AI Project\EfficientNetB3_Project\data\brain_tumor_mri\Testing\no_tumor\image(64).jpg,image(64).jpg,no_tumor,Testing,2,76a70a3f68103e335f080a323d763fbda5febc37e4714c2f9b54499795f13fa3
C:\Users\ransi\Documents\AA  SLIIT\Y2S1\IT2011 AIML\My First AI Project\EfficientNetB3_Project\data\brain_tumor_mri\Training\meningioma_tumor\m3 (221).jpg,m3 (221).jpg,meningioma_tumor,Training,1,488a8888e86721f95b384ba911d76fd92a2afec9e59510110e55b6c8dccf3169
C:\Users\ransi\Documents\AA  SLIIT\Y2S1\IT2011 AIML\My First AI Project\EfficientNetB3_Project\data\brain_tumor_mri\Training\pituitary_tumor\p (450).jpg,p (450).jpg,pituitary_tumor,Training,3,e3104ad49f305b68dec6ae8c8e8689fb2c673d2a9cdf303e6beacfeb4394f62d
C:\Users\ransi\Documents\AA  SLIIT\Y2S1\IT2011 AIML\My First AI Project\EfficientNetB3_Project\data\brain_tumor_mri\Training\meningioma_tumor\m (193).jpg,m (193).jpg,meningioma_tumor,Training,1,b98f6fc45f20c25ab8bebfe22c4ef59ed89a3d3cb67153e43b80b547ec10aa58
C:\Users\ransi\Documents\AA  SLIIT\Y2S1\IT2011 AIML\My First AI Project\EfficientNetB3_Project\data\brain_tumor_mri\Training\glioma_tumor\gg (146).jpg,gg (146).jpg,glioma_tumor,Training,0,ce805cb17aa38988eefb10133ca156dc2d816e91822cc4e7d7f9ae26e7183524
C:\Users\ransi\Documents\AA  SLIIT\Y2S1\IT2011 AIML\My First AI Project\EfficientNetB3_Project\data\brain_tumor_mri\Training\meningioma_tumor\m1(153).jpg,m1(153).jpg,meningioma_tumor,Training,1,e43e01934b68943651419d25cae4ccea04db2678db91b0e6a257c54732f920f8
C:\Users\ransi\Documents\AA  SLIIT\Y2S1\IT2011 AIML\My First AI Project\EfficientNetB3_Project\data\brain_tumor_mri\Training\glioma_tumor\gg (71).jpg,gg (71).jpg,glioma_tumor,Training,0,fa7cab7bd1e116ec6df360e1b5f13d84035ade4b8091126c6c58479a14c48126
C:\Users\ransi\Documents\AA  SLIIT\Y2S1\IT2011 AIML\My First AI Project\EfficientNetB3_Project\data\brain_tumor_mri\Training\pituitary_tumor\p (738).jpg,p (738).jpg,pituitary_tumor,Training,3,39f4f7b252d7809d8d3d2e4521607de2195bf0f66c0592587b1cebd632aac640
C:\Users\ransi\Documents\AA  SLIIT\Y2S1\IT2011 AIML\My First AI Project\EfficientNetB3_Project\data\brain_tumor_mri\Training\no_tumor\image (8).jpg,image (8).jpg,no_tumor,Training,2,6b1af9a0b1a46d75fd390ae192911ef530cdb9e2a49fd92566453b87a34310e7
C:\Users\ransi\Documents\AA  SLIIT\Y2S1\IT2011 AIML\My First AI Project\EfficientNetB3_Project\data\brain_tumor_mri\Training\meningioma_tumor\m3 (121).jpg,m3 (121).jpg,meningioma_tumor,Training,1,9411e557bff47a37d5dde602f1969cb5819ea9aa754c11dc7f946d6335a2ba04
C:\Users\ransi\Documents\AA  SLIIT\Y2S1\IT2011 AIML\My First AI Project\EfficientNetB3_Project\data\brain_tumor_mri\Training\meningioma_tumor\m2 (151).jpg,m2 (151).jpg,meningioma_tumor,Training,1,0317674510cace344324c4c809728972c43f76a9502c52e21788672e20c96377
C:\Users\ransi\Documents\AA  SLIIT\Y2S1\IT2011 AIML\My First AI Project\EfficientNetB3_Project\data\brain_tumor_mri\Training\glioma_tumor\gg (518).jpg,gg (518).jpg,glioma_tumor,Training,0,69d69ae3fb2b9534951527142e9ff3a76d42f7e61b9124cbd80d95adc56738c1
C:\Users\ransi\Documents\AA  SLIIT\Y2S1\IT2011 AIML\My First AI Project\EfficientNetB3_Project\data\brain_tumor_mri\Training\meningioma_tumor\m (107).jpg,m (107).jpg,meningioma_tumor,Training,1,0e03d9fc9d562bad93406ed5d638d68c03f38304a6f8180b3ff6bf10b8656e26
C:\Users\ransi\Documents\AA  SLIIT\Y2S1\IT2011 AIML\My First AI Project\EfficientNetB3_Project\data\brain_tumor_mri\Training\glioma_tumor\gg (501).jpg,gg (501).jpg,glioma_tumor,Training,0,c5c14f601c7ec3d964ed5e8eb3acea21061a1d740af7a1a84b67079dc679d1b3
C:\Users\ransi\Documents\AA  SLIIT\Y2S1\IT2011 AIML\My First AI Project\EfficientNetB3_Project\data\brain_tumor_mri\Training\meningioma_tumor\m1(82).jpg,m1(82).jpg,meningioma_tumor,Training,1,0ba03ab9cf461f32249891827265221c8f15b16d2fe29998f5734ba9e02f9051
C:\Users\ransi\Documents\AA  SLIIT\Y2S1\IT2011 AIML\My First AI Project\EfficientNetB3_Project\data\brain_tumor_mri\Training\no_tumor\image (44).jpg,image (44).jpg,no_tumor,Training,2,917104b021c0753870d708b6f50260397d6b8c0c1eaed6ab598635d014d2a1b6
C:\Users\ransi\Documents\AA  SLIIT\Y2S1\IT2011 AIML\My First AI Project\EfficientNetB3_Project\data\brain_tumor_mri\Training\meningioma_tumor\m2 (157).jpg,m2 (157).jpg,meningioma_tumor,Training,1,140156b5c851a9db46667f608ab1d182b2f4eb9182db56665366392d42f7334d
C:\Users\ransi\Documents\AA  SLIIT\Y2S1\IT2011 AIML\My First AI Project\EfficientNetB3_Project\data\brain_tumor_mri\Training\glioma_tumor\gg (623).jpg,gg (623).jpg,glioma_tumor,Training,0,8a35f58b66499a0568658e4473f61389ffde9fff55acabb273e3e6c09391b817
C:\Users\ransi\Documents\AA  SLIIT\Y2S1\IT2011 AIML\My First AI Project\EfficientNetB3_Project\data\brain_tumor_mri\Training\no_tumor\image(122).jpg,image(122).jpg,no_tumor,Training,2,65053e5b65f0e3d78a8144e6de01578efd3e4462f4d527077e959ab41787dfa7
C:\Users\ransi\Documents\AA  SLIIT\Y2S1\IT2011 AIML\My First AI Project\EfficientNetB3_Project\data\brain_tumor_mri\Training\pituitary_tumor\p (94).jpg,p (94).jpg,pituitary_tumor,Training,3,d0dfcbc779f79a3c48d165802c61972a1f3d3caaf9366c401218853a4c3663ad
C:\Users\ransi\Documents\AA  SLIIT\Y2S1\IT2011 AIML\My First AI Project\EfficientNetB3_Project\data\brain_tumor_mri\Training\no_tumor\image(31).jpg,image(31).jpg,no_tumor,Training,2,c4c847d6e586faffcadf669ff0a9a608542741edc3a387040c059df1bb7052bb
C:\Users\ransi\Documents\AA  SLIIT\Y2S1\IT2011 AIML\My First AI Project\EfficientNetB3_Project\data\brain_tumor_mri\Training\meningioma_tumor\m3 (37).jpg,m3 (37).jpg,meningioma_tumor,Training,1,04519791dc2d4a84e7ea188f1fbe164a21f47b94b63fd9e6f8e398017bb0fd55
C:\Users\ransi\Documents\AA  SLIIT\Y2S1\IT2011 AIML\My First AI Project\EfficientNetB3_Project\data\brain_tumor_mri\Training\no_tumor\image(315).jpg,image(315).jpg,no_tumor,Training,2,da9ef6cef60bdcf63e1cb2c07ebe5bfb5a1c08c74dadf280915d55d7c3e36d9a
C:\Users\ransi\Documents\AA  SLIIT\Y2S1\IT2011 AIML\My First AI Project\EfficientNetB3_Project\data\brain_tumor_mri\Training\pituitary_tumor\p (812).jpg,p (812).jpg,pituitary_tumor,Training,3,2a3dbe101074f7c5d483c93b8a20c2dc710f1f1e24bf77bcf1ee128b61fe3e04
C:\Users\ransi\Documents\AA  SLIIT\Y2S1\IT2011 AIML\My First AI Project\EfficientNetB3_Project\data\brain_tumor_mri\Training\meningioma_tumor\m3 (3).jpg,m3 (3).jpg,meningioma_tumor,Training,1,1d28a01cd96ef9af7075a1e6fe17f84cd3bd5bb549500a77c9dfb2a2f222e432
C:\Users\ransi\Documents\AA  SLIIT\Y2S1\IT2011 AIML\My First AI Project\EfficientNetB3_Project\data\brain_tumor_mri\Training\pituitary_tumor\p (18).jpg,p (18).jpg,pituitary_tumor,Training,3,6fceaa0c3235e9fe2105f1e1beeb9bc3334396aae30eb9aba6ad3936531a4527
C:\Users\ransi\Documents\AA  SLIIT\Y2S1\IT2011 AIML\My First AI Project\EfficientNetB3_Project\data\brain_tumor_mri\Training\meningioma_tumor\m3 (32).jpg,m3 (32).jpg,meningioma_tumor,Training,1,528cac23406624f50c8f4613b4227cdb47ce088956bd3363368b211b7b212a28
C:\Users\ransi\Documents\AA  SLIIT\Y2S1\IT2011 AIML\My First AI Project\EfficientNetB3_Project\data\brain_tumor_mri\Testing\meningioma_tumor\image(57).jpg,image(57).jpg,meningioma_tumor,Testing,1,03ce76b527d01938dde828aa4b9e3e882cee655017ea9ed27effa47790f184d2
C:\Users\ransi\Documents\AA  SLIIT\Y2S1\IT2011 AIML\My First AI Project\EfficientNetB3_Project\data\brain_tumor_mri\Training\glioma_tumor\gg (19).jpg,gg (19).jpg,glioma_tumor,Training,0,a5943bf980138188e35c1c293672fcff6c5d4dab37ae2e7edf1f94f51b77780d
C:\Users\ransi\Documents\AA  SLIIT\Y2S1\IT2011 AIML\My First AI Project\EfficientNetB3_Project\data\brain_tumor_mri\Training\meningioma_tumor\m3 (158).jpg,m3 (158).jpg,meningioma_tumor,Training,1,f5220862294aeae8177d7fec3443eaad29649eae32044ca5216db2fdfb9f842e
C:\Users\ransi\Documents\AA  SLIIT\Y2S1\IT2011 AIML\My First AI Project\EfficientNetB3_Project\data\brain_tumor_mri\Training\meningioma_tumor\m (92).jpg,m (92).jpg,meningioma_tumor,Training,1,1105b29d6d5b9c2a3c59314b8fc63c661df43e488beb0d996a1bea7079643b42
C:\Users\ransi\Documents\AA  SLIIT\Y2S1\IT2011 AIML\My First AI Project\EfficientNetB3_Project\data\brain_tumor_mri\Training\pituitary_tumor\p (350).jpg,p (350).jpg,pituitary_tumor,Training,3,c695ce63d3797d58481d2b9b36973e4441577e5a887296583baca7abc70c063b
C:\Users\ransi\Documents\AA  SLIIT\Y2S1\IT2011 AIML\My First AI Project\EfficientNetB3_Project\data\brain_tumor_mri\Training\pituitary_tumor\p (99).jpg,p (99).jpg,pituitary_tumor,Training,3,f37ee9f2897615a6a32a1547de64a9e5b0a4b385c8d7745156046ee9a009429b
C:\Users\ransi\Documents\AA  SLIIT\Y2S1\IT2011 AIML\My First AI Project\EfficientNetB3_Project\data\brain_tumor_mri\Training\glioma_tumor\gg (245).jpg,gg (245).jpg,glioma_tumor,Training,0,23adef02d7623fd2e310ee083b07856514e8e5fc2cc254a41fc482d5b59e5b23
C:\Users\ransi\Documents\AA  SLIIT\Y2S1\IT2011 AIML\My First AI Project\EfficientNetB3_Project\data\brain_tumor_mri\Training\meningioma_tumor\m3 (115).jpg,m3 (115).jpg,meningioma_tumor,Training,1,75fc351c55b57bc64e027f3a9e516fc6b37b818b02d290d39e40944ebc219915
C:\Users\ransi\Documents\AA  SLIIT\Y2S1\IT2011 AIML\My First AI Project\EfficientNetB3_Project\data\brain_tumor_mri\Training\meningioma_tumor\m1(43).jpg,m1(43).jpg,meningioma_tumor,Training,1,19615a62739441a672a977831f8882d6a661287e3fc0e1a267941b9986b921c7
C:\Users\ransi\Documents\AA  SLIIT\Y2S1\IT2011 AIML\My First AI Project\EfficientNetB3_Project\data\brain_tumor_mri\Training\meningioma_tumor\m1(39).jpg,m1(39).jpg,meningioma_tumor,Training,1,53a9c295c5089d539a4de4b26d0b52da431dbe6c6b040e63a905bdfb1f5f2a58
C:\Users\ransi\Documents\AA  SLIIT\Y2S1\IT2011 AIML\My First AI Project\EfficientNetB3_Project\data\brain_tumor_mri\Training\meningioma_tumor\m1(102).jpg,m1(102).jpg,meningioma_tumor,Training,1,11873a8683abe28361c6bade8af7887b5b84ff0d3e73971b9ea38f8acfea9008
C:\Users\ransi\Documents\AA  SLIIT\Y2S1\IT2011 AIML\My First AI Project\EfficientNetB3_Project\data\brain_tumor_mri\Training\no_tumor\image(292).jpg,image(292).jpg,no_tumor,Training,2,5b32b70fee5498a7e242f40fd975486691a248ef53c7657ac4c5831133ade0fb
C:\Users\ransi\Documents\AA  SLIIT\Y2S1\IT2011 AIML\My First AI Project\EfficientNetB3_Project\data\brain_tumor_mri\Training\meningioma_tumor\m3 (21).jpg,m3 (21).jpg,meningioma_tumor,Training,1,4e4f837e61f1ebe5b52e92d478433caa7c05752ccfe7e460ec2724c5a2753ae1
C:\Users\ransi\Documents\AA  SLIIT\Y2S1\IT2011 AIML\My First AI Project\EfficientNetB3_Project\data\brain_tumor_mri\Training\glioma_tumor\gg (667).jpg,gg (667).jpg,glioma_tumor,Training,0,215b96aadae53c42c6d6c049369a960d854742d49d035e5dcae79d2546b3cb1c
C:\Users\ransi\Documents\AA  SLIIT\Y2S1\IT2011 AIML\My First AI Project\EfficientNetB3_Project\data\brain_tumor_mri\Testing\pituitary_tumor\image(52).jpg,image(52).jpg,pituitary_tumor,Testing,3,6c8c2a11f01b532a75a01f052e3f536e10bcdca633e77ef3001d8ed852e83ee7
C:\Users\ransi\Documents\AA  SLIIT\Y2S1\IT2011 AIML\My First AI Project\EfficientNetB3_Project\data\brain_tumor_mri\Training\pituitary_tumor\p (511).jpg,p (511).jpg,pituitary_tumor,Training,3,9eac490c178c7d3bf571c70f7539297ba72c77134a435d5416dd26d81dbec50f
C:\Users\ransi\Documents\AA  SLIIT\Y2S1\IT2011 AIML\My First AI Project\EfficientNetB3_Project\data\brain_tumor_mri\Training\pituitary_tumor\p (469).jpg,p (469).jpg,pituitary_tumor,Training,3,9652199cdfa7c69285d570471399b2b8c892b6550d048f404ea138d1db882d6c
C:\Users\ransi\Documents\AA  SLIIT\Y2S1\IT2011 AIML\My First AI Project\EfficientNetB3_Project\data\brain_tumor_mri\Training\no_tumor\image(11).jpg,image(11).jpg,no_tumor,Training,2,08c04f3659f54e170fe84f98a8ed10a235809251d6ba7c5372f08c90421ce51e
C:\Users\ransi\Documents\AA  SLIIT\Y2S1\IT2011 AIML\My First AI Project\EfficientNetB3_Project\data\brain_tumor_mri\Training\meningioma_tumor\m1(181).jpg,m1(181).jpg,meningioma_tumor,Training,1,c8f4e6c756ce13736de8efe827079034e0265bd4dc9379f194c819c90dee49e1
C:\Users\ransi\Documents\AA  SLIIT\Y2S1\IT2011 AIML\My First AI Project\EfficientNetB3_Project\data\brain_tumor_mri\Training\meningioma_tumor\m1(111).jpg,m1(111).jpg,meningioma_tumor,Training,1,1db9c81ca21c0ec3f145865ef84c439d9e3fd951b8478cef6a3a2d31a6e7c5d1
C:\Users\ransi\Documents\AA  SLIIT\Y2S1\IT2011 AIML\My First AI Project\EfficientNetB3_Project\data\brain_tumor_mri\Testing\no_tumor\image(94).jpg,image(94).jpg,no_tumor,Testing,2,b577189346bc4cc74942150e5875bead25153aa474db97d1882ebf72244de3ec
C:\Users\ransi\Documents\AA  SLIIT\Y2S1\IT2011 AIML\My First AI Project\EfficientNetB3_Project\data\brain_tumor_mri\Training\pituitary_tumor\p (162).jpg,p (162).jpg,pituitary_tumor,Training,3,e8c1b5633b2e1a987e9a30697258a78509cd7cba6ab388d2cbc1651cb6ebf1f8
C:\Users\ransi\Documents\AA  SLIIT\Y2S1\IT2011 AIML\My First AI Project\EfficientNetB3_Project\data\brain_tumor_mri\Training\pituitary_tumor\p (799).jpg,p (799).jpg,pituitary_tumor,Training,3,ea2c1f3b8b96328ee7c5b0660d63d114e6e10d020657127f25420912869bb071
C:\Users\ransi\Documents\AA  SLIIT\Y2S1\IT2011 AIML\My First AI Project\EfficientNetB3_Project\data\brain_tumor_mri\Training\pituitary_tumor\p (78).jpg,p (78).jpg,pituitary_tumor,Training,3,23f4c925707b94c973d3fb46def1574fc19f8ff12c20c43b8a11edc2d6f7ecd6
C:\Users\ransi\Documents\AA  SLIIT\Y2S1\IT2011 AIML\My First AI Project\EfficientNetB3_Project\data\brain_tumor_mri\Training\pituitary_tumor\p (74).jpg,p (74).jpg,pituitary_tumor,Training,3,7afbdea3da7eede0945b28d3a919d6c9d6e65336f17f9a0c856772920f26846d
C:\Users\ransi\Documents\AA  SLIIT\Y2S1\IT2011 AIML\My First AI Project\EfficientNetB3_Project\data\brain_tumor_mri\Training\glioma_tumor\gg (91).jpg,gg (91).jpg,glioma_tumor,Training,0,38a38cd67f00f8b8b1d6c7fb9fad8b737d53a2c9c1d965500921f0a231414011
C:\Users\ransi\Documents\AA  SLIIT\Y2S1\IT2011 AIML\My First AI Project\EfficientNetB3_Project\data\brain_tumor_mri\Training\glioma_tumor\gg (29).jpg,gg (29).jpg,glioma_tumor,Training,0,a2c2b91fc36d487489503a7970181cf6218efcd26b1d41aa0a4220e2085f00ec
C:\Users\ransi\Documents\AA  SLIIT\Y2S1\IT2011 AIML\My First AI Project\EfficientNetB3_Project\data\brain_tumor_mri\Training\glioma_tumor\gg (143).jpg,gg (143).jpg,glioma_tumor,Training,0,7a927782dffecd777684a7a6edfabed80bb1520630c6c21193c5a78f1ff4d98e
C:\Users\ransi\Documents\AA  SLIIT\Y2S1\IT2011 AIML\My First AI Project\EfficientNetB3_Project\data\brain_tumor_mri\Testing\no_tumor\image(39).jpg,image(39).jpg,no_tumor,Testing,2,220816d55783431f776d10ccd11ebda7aa823602de035f0f07d0d7cd780cfa0f
C:\Users\ransi\Documents\AA  SLIIT\Y2S1\IT2011 AIML\My First AI Project\EfficientNetB3_Project\data\brain_tumor_mri\Training\meningioma_tumor\m (163).jpg,m (163).jpg,meningioma_tumor,Training,1,57fd9be2c69c0710c7b0cfdb02d703a9fea1a98818c75c9e69df665abe3e6d89
C:\Users\ransi\Documents\AA  SLIIT\Y2S1\IT2011 AIML\My First AI Project\EfficientNetB3_Project\data\brain_tumor_mri\Training\glioma_tumor\gg (201).jpg,gg (201).jpg,glioma_tumor,Training,0,f77d208d6adb54b65fefe20638601aefb0b923fcc184c652612f8298f853a55f
C:\Users\ransi\Documents\AA  SLIIT\Y2S1\IT2011 AIML\My First AI Project\EfficientNetB3_Project\data\brain_tumor_mri\Training\meningioma_tumor\m3 (20).jpg,m3 (20).jpg,meningioma_tumor,Training,1,c211456d9725d7f5395715ca3a78cf982289a912c340b892e9712449ad58ae0b
C:\Users\ransi\Documents\AA  SLIIT\Y2S1\IT2011 AIML\My First AI Project\EfficientNetB3_Project\data\brain_tumor_mri\Training\pituitary_tumor\p (809).jpg,p (809).jpg,pituitary_tumor,Training,3,3aff5fcb53f54f2afd438d58ba516b33f23640600073976cb33fd94d7a872383
C:\Users\ransi\Documents\AA  SLIIT\Y2S1\IT2011 AIML\My First AI Project\EfficientNetB3_Project\data\brain_tumor_mri\Training\pituitary_tumor\p (32).jpg,p (32).jpg,pituitary_tumor,Training,3,822e33dbd71f34989a2c0a056cf52ca4fef933146de8c0c5c0b8a124f28b40d8
C:\Users\ransi\Documents\AA  SLIIT\Y2S1\IT2011 AIML\My First AI Project\EfficientNetB3_Project\data\brain_tumor_mri\Training\meningioma_tumor\m3 (133).jpg,m3 (133).jpg,meningioma_tumor,Training,1,b3db88f30705da36fd29b174973394ade3aa64536098623b02bd853698689d3c
C:\Users\ransi\Documents\AA  SLIIT\Y2S1\IT2011 AIML\My First AI Project\EfficientNetB3_Project\data\brain_tumor_mri\Training\no_tumor\image (13).jpg,image (13).jpg,no_tumor,Training,2,c1bf41ddb56396fd0e74b2eb7212c96a6a915ee86737c060c9db8e1439ff0390
C:\Users\ransi\Documents\AA  SLIIT\Y2S1\IT2011 AIML\My First AI Project\EfficientNetB3_Project\data\brain_tumor_mri\Training\glioma_tumor\gg (340).jpg,gg (340).jpg,glioma_tumor,Training,0,849d55bbe3f1dc7dd1b0c65a051152b493dee5784225c0ddf164dda00ede02dc
C:\Users\ransi\Documents\AA  SLIIT\Y2S1\IT2011 AIML\My First AI Project\EfficientNetB3_Project\data\brain_tumor_mri\Training\glioma_tumor\gg (675).jpg,gg (675).jpg,glioma_tumor,Training,0,83fbc3d1c519c5b62ff5691a483bef7d28c967491d81adb3a76f0e21bef7c0a3
C:\Users\ransi\Documents\AA  SLIIT\Y2S1\IT2011 AIML\My First AI Project\EfficientNetB3_Project\data\brain_tumor_mri\Training\pituitary_tumor\p (157).jpg,p (157).jpg,pituitary_tumor,Training,3,d32fc61fa7079a1c9b1dc1e46f959cc83ef4eb407f86b36e92ce08d282947882
C:\Users\ransi\Documents\AA  SLIIT\Y2S1\IT2011 AIML\My First AI Project\EfficientNetB3_Project\data\brain_tumor_mri\Training\glioma_tumor\gg (66).jpg,gg (66).jpg,glioma_tumor,Training,0,ce07a5374d1108790b3b64b12f0b414bbd0ffe845f9682366862892311520513
C:\Users\ransi\Documents\AA  SLIIT\Y2S1\IT2011 AIML\My First AI Project\EfficientNetB3_Project\data\brain_tumor_mri\Training\pituitary_tumor\p (708).jpg,p (708).jpg,pituitary_tumor,Training,3,b2832fb6c2ccdc84d802a60fc2feeb8e19096149b4e9ddb59431baccc16716d2
C:\Users\ransi\Documents\AA  SLIIT\Y2S1\IT2011 AIML\My First AI Project\EfficientNetB3_Project\data\brain_tumor_mri\Training\pituitary_tumor\p (355).jpg,p (355).jpg,pituitary_tumor,Training,3,f577cd479a63dd0e82a84947ed2dd86f0d79fd5bb44863e0120eeefaf15f79d0
C:\Users\ransi\Documents\AA  SLIIT\Y2S1\IT2011 AIML\My First AI Project\EfficientNetB3_Project\data\brain_tumor_mri\Training\no_tumor\image(113).jpg,image(113).jpg,no_tumor,Training,2,e44e359eed2a16c1262d6b43d709bc29abd1d8d435afa03a8f975629a07676e6
C:\Users\ransi\Documents\AA  SLIIT\Y2S1\IT2011 AIML\My First AI Project\EfficientNetB3_Project\data\brain_tumor_mri\Training\no_tumor\image(28).jpg,image(28).jpg,no_tumor,Training,2,136e27954eca1b7b887f3700f412b2c531153938a0d721d1557a94c3362497c2
C:\Users\ransi\Documents\AA  SLIIT\Y2S1\IT2011 AIML\My First AI Project\EfficientNetB3_Project\data\brain_tumor_mri\Testing\meningioma_tumor\image(10).jpg,image(10).jpg,meningioma_tumor,Testing,1,39cabdc25d698ca1fbb4db79efa72184c0f92d854c553ee098d74ccbcfa38fef
C:\Users\ransi\Documents\AA  SLIIT\Y2S1\IT2011 AIML\My First AI Project\EfficientNetB3_Project\data\brain_tumor_mri\Training\pituitary_tumor\p (619).jpg,p (619).jpg,pituitary_tumor,Training,3,066b191d32c41e3832b347ae5fdb6f6930eb69e58caf500d67fd164a4becb04a
C:\Users\ransi\Documents\AA  SLIIT\Y2S1\IT2011 AIML\My First AI Project\EfficientNetB3_Project\data\brain_tumor_mri\Training\no_tumor\image(30).jpg,image(30).jpg,no_tumor,Training,2,d07ac7d4c62a45c3ca88e4b57cf485acd22b5d5f5e519110f769eb0cd9169d47
C:\Users\ransi\Documents\AA  SLIIT\Y2S1\IT2011 AIML\My First AI Project\EfficientNetB3_Project\data\brain_tumor_mri\Training\meningioma_tumor\m3 (212).jpg,m3 (212).jpg,meningioma_tumor,Training,1,40349e9541f6b95649e175df366fc44535746ddc91fce441f9c76bd97cde9cce
C:\Users\ransi\Documents\AA  SLIIT\Y2S1\IT2011 AIML\My First AI Project\EfficientNetB3_Project\data\brain_tumor_mri\Training\no_tumor\image(146).jpg,image(146).jpg,no_tumor,Training,2,25dbc9664f03a7af82b74aec6c5497cd94dc5f6f639907656725d0ac88cfd111
C:\Users\ransi\Documents\AA  SLIIT\Y2S1\IT2011 AIML\My First AI Project\EfficientNetB3_Project\data\brain_tumor_mri\Training\pituitary_tumor\p (744).jpg,p (744).jpg,pituitary_tumor,Training,3,0352d35b21998d26f81825ab1d8d110de51e9688c4215c5597fd077fac4a1f22
C:\Users\ransi\Documents\AA  SLIIT\Y2S1\IT2011 AIML\My First AI Project\EfficientNetB3_Project\data\brain_tumor_mri\Training\pituitary_tumor\p (153).jpg,p (153).jpg,pituitary_tumor,Training,3,fd9c92ad3e9de839602617fafde0ca04a3d5fb194c2c76d82be4fdc0a2833833
C:\Users\ransi\Documents\AA  SLIIT\Y2S1\IT2011 AIML\My First AI Project\EfficientNetB3_Project\data\brain_tumor_mri\Training\meningioma_tumor\m3 (19).jpg,m3 (19).jpg,meningioma_tumor,Training,1,6924de476c0096dc47d54e0ffbe3489420f1a51a954691d9e8817b97dee3b71c
C:\Users\ransi\Documents\AA  SLIIT\Y2S1\IT2011 AIML\My First AI Project\EfficientNetB3_Project\data\brain_tumor_mri\Training\no_tumor\image(303).jpg,image(303).jpg,no_tumor,Training,2,3ccf2a64142d1276c14cef2289989feca82071c222df2145d9b037290e9f42c0
C:\Users\ransi\Documents\AA  SLIIT\Y2S1\IT2011 AIML\My First AI Project\EfficientNetB3_Project\data\brain_tumor_mri\Training\meningioma_tumor\m1(68).jpg,m1(68).jpg,meningioma_tumor,Training,1,a9da5b7949794d07fc2758241cf7953d492bc2107ac9e69b00e6b9b44faaf60d
C:\Users\ransi\Documents\AA  SLIIT\Y2S1\IT2011 AIML\My First AI Project\EfficientNetB3_Project\data\brain_tumor_mri\Training\meningioma_tumor\m (23).jpg,m (23).jpg,meningioma_tumor,Training,1,aee7025a0efb6ee7c1dbabdfae17a79288e745b66ba19e840368bdd0464bf68c
C:\Users\ransi\Documents\AA  SLIIT\Y2S1\IT2011 AIML\My First AI Project\EfficientNetB3_Project\data\brain_tumor_mri\Training\glioma_tumor\gg (36).jpg,gg (36).jpg,glioma_tumor,Training,0,3999173b1b2ac962ac61df26cc00341b37a895aa88a306a8f0d64e0ece255425
C:\Users\ransi\Documents\AA  SLIIT\Y2S1\IT2011 AIML\My First AI Project\EfficientNetB3_Project\data\brain_tumor_mri\Training\meningioma_tumor\m (184).jpg,m (184).jpg,meningioma_tumor,Training,1,9793890c7897afc841b9d8866128850ab507aaeaa0e2eaf4d40d2e38b617cc7e
C:\Users\ransi\Documents\AA  SLIIT\Y2S1\IT2011 AIML\My First AI Project\EfficientNetB3_Project\data\brain_tumor_mri\Testing\pituitary_tumor\image(92).jpg,image(92).jpg,pituitary_tumor,Testing,3,de35915b30be9cb513305bb03b1fcf263dadf7259aa666e02f09215118f7f65a
C:\Users\ransi\Documents\AA  SLIIT\Y2S1\IT2011 AIML\My First AI Project\EfficientNetB3_Project\data\brain_tumor_mri\Training\meningioma_tumor\m3 (134).jpg,m3 (134).jpg,meningioma_tumor,Training,1,456d7f86290c1e806e5c0fcdf4e5b6d605aa7c20a18ca8a83e1fb1f56d4b06e6
C:\Users\ransi\Documents\AA  SLIIT\Y2S1\IT2011 AIML\My First AI Project\EfficientNetB3_Project\data\brain_tumor_mri\Training\pituitary_tumor\p (797).jpg,p (797).jpg,pituitary_tumor,Training,3,5d05645447f14da61e5c2af44792f974588971a7bb032d2ec60a047433f80619
C:\Users\ransi\Documents\AA  SLIIT\Y2S1\IT2011 AIML\My First AI Project\EfficientNetB3_Project\data\brain_tumor_mri\Training\meningioma_tumor\m3 (205).jpg,m3 (205).jpg,meningioma_tumor,Training,1,de72e62e60b906fad89cf8a790e35ba97ee180a6d1057b7c2a7709c961ac6bbc
C:\Users\ransi\Documents\AA  SLIIT\Y2S1\IT2011 AIML\My First AI Project\EfficientNetB3_Project\data\brain_tumor_mri\Training\meningioma_tumor\m2 (3).jpg,m2 (3).jpg,meningioma_tumor,Training,1,076fafe5a730191beaf7897b099de3e6376e315582c542a9b598ce8741e9c757
C:\Users\ransi\Documents\AA  SLIIT\Y2S1\IT2011 AIML\My First AI Project\EfficientNetB3_Project\data\brain_tumor_mri\Training\meningioma_tumor\m2 (25).jpg,m2 (25).jpg,meningioma_tumor,Training,1,ec99d21bab6f06c568657d7f0bbe6db1f8a4c039098cad15980d2e9bab1d6536
C:\Users\ransi\Documents\AA  SLIIT\Y2S1\IT2011 AIML\My First AI Project\EfficientNetB3_Project\data\brain_tumor_mri\Training\meningioma_tumor\m3 (149).jpg,m3 (149).jpg,meningioma_tumor,Training,1,819a354f8c8538809e92efc2923dbb84f4a1ab821dae7d6855737fc3173de114
C:\Users\ransi\Documents\AA  SLIIT\Y2S1\IT2011 AIML\My First AI Project\EfficientNetB3_Project\data\brain_tumor_mri\Training\no_tumor\image(246).jpg,image(246).jpg,no_tumor,Training,2,72f5f6723c7b92f641fb5d44513b6111c348e43005f8c1f4829f28eebd1117b2
C:\Users\ransi\Documents\AA  SLIIT\Y2S1\IT2011 AIML\My First AI Project\EfficientNetB3_Project\data\brain_tumor_mri\Training\pituitary_tumor\p (703).jpg,p (703).jpg,pituitary_tumor,Training,3,12a9ad0b17210155f4e554d072e20338e2066628685a42462c1b607b517c2dfa
C:\Users\ransi\Documents\AA  SLIIT\Y2S1\IT2011 AIML\My First AI Project\EfficientNetB3_Project\data\brain_tumor_mri\Training\meningioma_tumor\m1(170).jpg,m1(170).jpg,meningioma_tumor,Training,1,e2c7bc9c2d735e5b584b329f5cda1aec1f2415b2972c4aa8efc8d0a61e61b280
C:\Users\ransi\Documents\AA  SLIIT\Y2S1\IT2011 AIML\My First AI Project\EfficientNetB3_Project\data\brain_tumor_mri\Training\glioma_tumor\gg (255).jpg,gg (255).jpg,glioma_tumor,Training,0,2ae075da51ae19c28837af8f9cf5e5026fb6a83f56eb26ddb6e74de39b0ac0aa
C:\Users\ransi\Documents\AA  SLIIT\Y2S1\IT2011 AIML\My First AI Project\EfficientNetB3_Project\data\brain_tumor_mri\Testing\pituitary_tumor\image(31).jpg,image(31).jpg,pituitary_tumor,Testing,3,aac494c28680918479234d6e90fec114d28be108a8099f88f23019afcc8fd881
C:\Users\ransi\Documents\AA  SLIIT\Y2S1\IT2011 AIML\My First AI Project\EfficientNetB3_Project\data\brain_tumor_mri\Training\meningioma_tumor\m1(135).jpg,m1(135).jpg,meningioma_tumor,Training,1,f260fc621e5ae555a5eaaab2dcb29d491386a3849191b0ff9556bdf18a5ada76
C:\Users\ransi\Documents\AA  SLIIT\Y2S1\IT2011 AIML\My First AI Project\EfficientNetB3_Project\data\brain_tumor_mri\Training\meningioma_tumor\m (168).jpg,m (168).jpg,meningioma_tumor,Training,1,0208fb1ef4e28eb7e80fa12fb16f0b5842c183bc23b9f28b4743cb47453f9199
C:\Users\ransi\Documents\AA  SLIIT\Y2S1\IT2011 AIML\My First AI Project\EfficientNetB3_Project\data\brain_tumor_mri\Testing\no_tumor\image(22).jpg,image(22).jpg,no_tumor,Testing,2,7b73d6019deb1482bc5fb7027f12719bea983c8eb0b0c0f3e95feb61c90fafb3
C:\Users\ransi\Documents\AA  SLIIT\Y2S1\IT2011 AIML\My First AI Project\EfficientNetB3_Project\data\brain_tumor_mri\Training\glioma_tumor\gg (397).jpg,gg (397).jpg,glioma_tumor,Training,0,8a331b8c00c79970f8b2dac84093676398e97bd4643cd076e64ee9d3727f5d81
C:\Users\ransi\Documents\AA  SLIIT\Y2S1\IT2011 AIML\My First AI Project\EfficientNetB3_Project\data\brain_tumor_mri\Training\glioma_tumor\gg (185).jpg,gg (185).jpg,glioma_tumor,Training,0,6268b90a1590888bb142fe438a3eb2fae54755327166102da59dc1571b54327e
C:\Users\ransi\Documents\AA  SLIIT\Y2S1\IT2011 AIML\My First AI Project\EfficientNetB3_Project\data\brain_tumor_mri\Training\glioma_tumor\gg (543).jpg,gg (543).jpg,glioma_tumor,Training,0,4a85b14a7dab3bd793ac7b975fedf9cdaa51f77561673aa1699778cba44b70dc
C:\Users\ransi\Documents\AA  SLIIT\Y2S1\IT2011 AIML\My First AI Project\EfficientNetB3_Project\data\brain_tumor_mri\Training\pituitary_tumor\p (769).jpg,p (769).jpg,pituitary_tumor,Training,3,8dd4f765ba9425dc7c5c028a8f3793c6668249a2623aab95d119ee1f024ca3b9
C:\Users\ransi\Documents\AA  SLIIT\Y2S1\IT2011 AIML\My First AI Project\EfficientNetB3_Project\data\brain_tumor_mri\Testing\meningioma_tumor\image(80).jpg,image(80).jpg,meningioma_tumor,Testing,1,a63f2866a725f2b4a72deebd9399962fa5fd20a0a5a7b3c571bd97ba1365c857
C:\Users\ransi\Documents\AA  SLIIT\Y2S1\IT2011 AIML\My First AI Project\EfficientNetB3_Project\data\brain_tumor_mri\Training\glioma_tumor\gg (544).jpg,gg (544).jpg,glioma_tumor,Training,0,3c37a25c84e5620b272a80556345d5007bbab82c9144c136ba94f0f7e6875e5a
C:\Users\ransi\Documents\AA  SLIIT\Y2S1\IT2011 AIML\My First AI Project\EfficientNetB3_Project\data\brain_tumor_mri\Training\no_tumor\image (59).jpg,image (59).jpg,no_tumor,Training,2,ad2f2c46d23d4c56b1848b62b38b5b4288e28e3ec7872235a6597b0def7171fb
C:\Users\ransi\Documents\AA  SLIIT\Y2S1\IT2011 AIML\My First AI Project\EfficientNetB3_Project\data\brain_tumor_mri\Training\pituitary_tumor\p (726).jpg,p (726).jpg,pituitary_tumor,Training,3,a3de65b332088979a3e9acc22fdc47e650b6b1b2d5aab39adf81f9d5bec4f06a
C:\Users\ransi\Documents\AA  SLIIT\Y2S1\IT2011 AIML\My First AI Project\EfficientNetB3_Project\data\brain_tumor_mri\Training\pituitary_tumor\p (405).jpg,p (405).jpg,pituitary_tumor,Training,3,39352312b0fedb7e7c118495827984a04535f439ef3d0324dd0bddf1097159be
C:\Users\ransi\Documents\AA  SLIIT\Y2S1\IT2011 AIML\My First AI Project\EfficientNetB3_Project\data\brain_tumor_mri\Training\glioma_tumor\gg (771).jpg,gg (771).jpg,glioma_tumor,Training,0,5314e8cf6f6c3dd3bef046315750a09b6b3b59db11f2b052e6e87935a7860102
C:\Users\ransi\Documents\AA  SLIIT\Y2S1\IT2011 AIML\My First AI Project\EfficientNetB3_Project\data\brain_tumor_mri\Training\pituitary_tumor\p (657).jpg,p (657).jpg,pituitary_tumor,Training,3,e05e5a292b3603f4219afb59fbc92646b947493ec6ae2e0cb61fb076ebf9b0c1
C:\Users\ransi\Documents\AA  SLIIT\Y2S1\IT2011 AIML\My First AI Project\EfficientNetB3_Project\data\brain_tumor_mri\Training\meningioma_tumor\m3 (78).jpg,m3 (78).jpg,meningioma_tumor,Training,1,901a6245ed8379ccea37a3a0ebd5c93d95b0555d790ed2ddf0c1c8d77e37d7f1
C:\Users\ransi\Documents\AA  SLIIT\Y2S1\IT2011 AIML\My First AI Project\EfficientNetB3_Project\data\brain_tumor_mri\Training\pituitary_tumor\p (314).jpg,p (314).jpg,pituitary_tumor,Training,3,6747d3908e600f71db2c8b219df0d3c5eb0f6ba1fd228b06202053be0769a90a
C:\Users\ransi\Documents\AA  SLIIT\Y2S1\IT2011 AIML\My First AI Project\EfficientNetB3_Project\data\brain_tumor_mri\Training\meningioma_tumor\m1(158).jpg,m1(158).jpg,meningioma_tumor,Training,1,8e7f03d49cb8deaee3062b08512d7aa7c9dad950828678dd03fd076f0b3f3e88
C:\Users\ransi\Documents\AA  SLIIT\Y2S1\IT2011 AIML\My First AI Project\EfficientNetB3_Project\data\brain_tumor_mri\Training\no_tumor\image(309).jpg,image(309).jpg,no_tumor,Training,2,470cf49146ca3bb3c89ae1d085833bf3da87ca5e09d33669c35dc8b87e7a9332
C:\Users\ransi\Documents\AA  SLIIT\Y2S1\IT2011 AIML\My First AI Project\EfficientNetB3_Project\data\brain_tumor_mri\Training\glioma_tumor\gg (141).jpg,gg (141).jpg,glioma_tumor,Training,0,22f4065285e0893c372155a6cbb103650ee7efbe26ba4450f515f27b96495596
C:\Users\ransi\Documents\AA  SLIIT\Y2S1\IT2011 AIML\My First AI Project\EfficientNetB3_Project\data\brain_tumor_mri\Testing\meningioma_tumor\image(113).jpg,image(113).jpg,meningioma_tumor,Testing,1,efbb74c524ab95fae4c5ff626880c4a7f23d066111ff682ae04c32b5c422af13
C:\Users\ransi\Documents\AA  SLIIT\Y2S1\IT2011 AIML\My First AI Project\EfficientNetB3_Project\data\brain_tumor_mri\Training\pituitary_tumor\p (694).jpg,p (694).jpg,pituitary_tumor,Training,3,82c88c6719d19311dac25cc5550726eef75353376d96faaa40c648e4a3ed768e
C:\Users\ransi\Documents\AA  SLIIT\Y2S1\IT2011 AIML\My First AI Project\EfficientNetB3_Project\data\brain_tumor_mri\Training\pituitary_tumor\p (778).jpg,p (778).jpg,pituitary_tumor,Training,3,fa7bcc1175b6196b2b341fc02685f6f1776ed84e110c658a98af3308460941f3
C:\Users\ransi\Documents\AA  SLIIT\Y2S1\IT2011 AIML\My First AI Project\EfficientNetB3_Project\data\brain_tumor_mri\Training\meningioma_tumor\m1(94).jpg,m1(94).jpg,meningioma_tumor,Training,1,7d39842353a737627f4d47ba9e14c3b18438eb271209597cb48ba493640243b5
C:\Users\ransi\Documents\AA  SLIIT\Y2S1\IT2011 AIML\My First AI Project\EfficientNetB3_Project\data\brain_tumor_mri\Training\no_tumor\image(38).jpg,image(38).jpg,no_tumor,Training,2,18cfaf6cee35ef130675d36429a4d0d9d944cef9942c203b01975b7130ff6df5
C:\Users\ransi\Documents\AA  SLIIT\Y2S1\IT2011 AIML\My First AI Project\EfficientNetB3_Project\data\brain_tumor_mri\Training\meningioma_tumor\m2 (98).jpg,m2 (98).jpg,meningioma_tumor,Training,1,f0f2859129eee460a64e66b3a41b3b4dcd582ea6584404e929a63715e28e997b
C:\Users\ransi\Documents\AA  SLIIT\Y2S1\IT2011 AIML\My First AI Project\EfficientNetB3_Project\data\brain_tumor_mri\Training\pituitary_tumor\p (393).jpg,p (393).jpg,pituitary_tumor,Training,3,63e427a8f573ccfa07896da936543df416364180c0441259d5aec09d7123620b
C:\Users\ransi\Documents\AA  SLIIT\Y2S1\IT2011 AIML\My First AI Project\EfficientNetB3_Project\data\brain_tumor_mri\Training\meningioma_tumor\m (115).jpg,m (115).jpg,meningioma_tumor,Training,1,8693a1c585c6869c75d731a5acef6980cb34a2d11426401a73690f5ef9ac3aef
C:\Users\ransi\Documents\AA  SLIIT\Y2S1\IT2011 AIML\My First AI Project\EfficientNetB3_Project\data\brain_tumor_mri\Training\meningioma_tumor\m (180).jpg,m (180).jpg,meningioma_tumor,Training,1,8022351aa7b8bc1c8bd100673393eb650b98d74c5a0a3c9f24fb7da31487680c
C:\Users\ransi\Documents\AA  SLIIT\Y2S1\IT2011 AIML\My First AI Project\EfficientNetB3_Project\data\brain_tumor_mri\Training\glioma_tumor\gg (566).jpg,gg (566).jpg,glioma_tumor,Training,0,af4de3b36209bbb489793ad0cde54da187ae594fdba6b6b1473d982f045a37d1
C:\Users\ransi\Documents\AA  SLIIT\Y2S1\IT2011 AIML\My First AI Project\EfficientNetB3_Project\data\brain_tumor_mri\Training\no_tumor\image(277).jpg,image(277).jpg,no_tumor,Training,2,1139856fed19589e9f95b7c059324c88a0e77baed54e8e726d496b2cc84b0c8e
C:\Users\ransi\Documents\AA  SLIIT\Y2S1\IT2011 AIML\My First AI Project\EfficientNetB3_Project\data\brain_tumor_mri\Training\pituitary_tumor\p (123).jpg,p (123).jpg,pituitary_tumor,Training,3,6a3cbd7cfeec3597f894288b1c7abdce35da39896cb6884a10264ac8c5ff5695
C:\Users\ransi\Documents\AA  SLIIT\Y2S1\IT2011 AIML\My First AI Project\EfficientNetB3_Project\data\brain_tumor_mri\Training\meningioma_tumor\m1(106).jpg,m1(106).jpg,meningioma_tumor,Training,1,2c8be230a33c267864fdce27d56db309cd612981d9bb68b2b3ce9b8f18e57c31
C:\Users\ransi\Documents\AA  SLIIT\Y2S1\IT2011 AIML\My First AI Project\EfficientNetB3_Project\data\brain_tumor_mri\Training\glioma_tumor\gg (792).jpg,gg (792).jpg,glioma_tumor,Training,0,a924347416ea8f01c3268c5d880840a2495e4a2dd479c554b2e6cd116c3d4ced
C:\Users\ransi\Documents\AA  SLIIT\Y2S1\IT2011 AIML\My First AI Project\EfficientNetB3_Project\data\brain_tumor_mri\Training\glioma_tumor\gg (225).jpg,gg (225).jpg,glioma_tumor,Training,0,b162c6348f3092f0fc72c164d6b9a0ecb0d38f268e5b1a089612c06b7b574bd7
C:\Users\ransi\Documents\AA  SLIIT\Y2S1\IT2011 AIML\My First AI Project\EfficientNetB3_Project\data\brain_tumor_mri\Training\glioma_tumor\gg (571).jpg,gg (571).jpg,glioma_tumor,Training,0,67411307ad7aa8b9b5a90b1d2a21c6daf45d4bc31b6499f94d70f35494ad3d38
C:\Users\ransi\Documents\AA  SLIIT\Y2S1\IT2011 AIML\My First AI Project\EfficientNetB3_Project\data\brain_tumor_mri\Training\no_tumor\image(98).jpg,image(98).jpg,no_tumor,Training,2,02667d11592caf7f0a97294e11bbb0283a413e95e4ed91df38475a321c7fc601
C:\Users\ransi\Documents\AA  SLIIT\Y2S1\IT2011 AIML\My First AI Project\EfficientNetB3_Project\data\brain_tumor_mri\Testing\pituitary_tumor\image(28).jpg,image(28).jpg,pituitary_tumor,Testing,3,038cb56df6089d058966e13005993a7a900c70ee13f617c7f4d8dad0ea8e14c4
C:\Users\ransi\Documents\AA  SLIIT\Y2S1\IT2011 AIML\My First AI Project\EfficientNetB3_Project\data\brain_tumor_mri\Training\glioma_tumor\gg (200).jpg,gg (200).jpg,glioma_tumor,Training,0,7fcb7f1653dd25501ac24858c46b58bf33312191226acf66b3789429238646f6
C:\Users\ransi\Documents\AA  SLIIT\Y2S1\IT2011 AIML\My First AI Project\EfficientNetB3_Project\data\brain_tumor_mri\Training\pituitary_tumor\p (628).jpg,p (628).jpg,pituitary_tumor,Training,3,394a2a3ce6712585c59208a38a4ce0dde271ed671c4ea0eaebf12e3796dc3b19
C:\Users\ransi\Documents\AA  SLIIT\Y2S1\IT2011 AIML\My First AI Project\EfficientNetB3_Project\data\brain_tumor_mri\Training\meningioma_tumor\m (26).jpg,m (26).jpg,meningioma_tumor,Training,1,b0923d71e92b686218aad9b0f8b1082eae5829420c54f3e97ba0f38a43f165cf
C:\Users\ransi\Documents\AA  SLIIT\Y2S1\IT2011 AIML\My First AI Project\EfficientNetB3_Project\data\brain_tumor_mri\Training\pituitary_tumor\p (101).jpg,p (101).jpg,pituitary_tumor,Training,3,8261551302536c576ad38f301bd7ff22d2e3128e9cf445fcd5a378ff6ba1ffae
C:\Users\ransi\Documents\AA  SLIIT\Y2S1\IT2011 AIML\My First AI Project\EfficientNetB3_Project\data\brain_tumor_mri\Training\glioma_tumor\gg (110).jpg,gg (110).jpg,glioma_tumor,Training,0,211b834222ca74269b4ed3a04cad243facba41ce1748fde6a7af8067a0bf4357
C:\Users\ransi\Documents\AA  SLIIT\Y2S1\IT2011 AIML\My First AI Project\EfficientNetB3_Project\data\brain_tumor_mri\Training\glioma_tumor\gg (42).jpg,gg (42).jpg,glioma_tumor,Training,0,6e7b3809a6a2de3a226940170365d49376f1b9c89443e1479c6068cebaaddb1a
C:\Users\ransi\Documents\AA  SLIIT\Y2S1\IT2011 AIML\My First AI Project\EfficientNetB3_Project\data\brain_tumor_mri\Training\meningioma_tumor\m2 (31).jpg,m2 (31).jpg,meningioma_tumor,Training,1,d26f37de4f6139ac174fa680e0d2e60d3afa4b1cdd5fa5d6aeb569a191db5efa
C:\Users\ransi\Documents\AA  SLIIT\Y2S1\IT2011 AIML\My First AI Project\EfficientNetB3_Project\data\brain_tumor_mri\Training\meningioma_tumor\m3 (180).jpg,m3 (180).jpg,meningioma_tumor,Training,1,b9e56b783f89455e14537dfec7736cf756dac6188c46df34eeddc17a5b34de88
C:\Users\ransi\Documents\AA  SLIIT\Y2S1\IT2011 AIML\My First AI Project\EfficientNetB3_Project\data\brain_tumor_mri\Training\no_tumor\image(183).jpg,image(183).jpg,no_tumor,Training,2,49db0659a53802695ac4af817cff544f8034e7c9883a6751e0e321c86337f86a
C:\Users\ransi\Documents\AA  SLIIT\Y2S1\IT2011 AIML\My First AI Project\EfficientNetB3_Project\data\brain_tumor_mri\Testing\meningioma_tumor\image(82).jpg,image(82).jpg,meningioma_tumor,Testing,1,189c6dfd75947dadad4abd3daff45ce9d5b1909c9eea812d796eca85896f39e2
C:\Users\ransi\Documents\AA  SLIIT\Y2S1\IT2011 AIML\My First AI Project\EfficientNetB3_Project\data\brain_tumor_mri\Testing\meningioma_tumor\image(81).jpg,image(81).jpg,meningioma_tumor,Testing,1,51052c8439701c2832aaa26111104f4f7e03c0c99641205ee29cea957bf44a35
C:\Users\ransi\Documents\AA  SLIIT\Y2S1\IT2011 AIML\My First AI Project\EfficientNetB3_Project\data\brain_tumor_mri\Testing\glioma_tumor\image(90).jpg,image(90).jpg,glioma_tumor,Testing,0,c711a606ec66e74a2bbe5721727a3deeb2fd9e4b20aa50c99afd65d7dea42541
C:\Users\ransi\Documents\AA  SLIIT\Y2S1\IT2011 AIML\My First AI Project\EfficientNetB3_Project\data\brain_tumor_mri\Training\no_tumor\image(35).jpg,image(35).jpg,no_tumor,Training,2,d07ac7d4c62a45c3ca88e4b57cf485acd22b5d5f5e519110f769eb0cd9169d47
C:\Users\ransi\Documents\AA  SLIIT\Y2S1\IT2011 AIML\My First AI Project\EfficientNetB3_Project\data\brain_tumor_mri\Training\pituitary_tumor\p (800).jpg,p (800).jpg,pituitary_tumor,Training,3,da43936baef1156047d2e64836a66c622dfb69f2157dcf912a1b4832272a1bb9
C:\Users\ransi\Documents\AA  SLIIT\Y2S1\IT2011 AIML\My First AI Project\EfficientNetB3_Project\data\brain_tumor_mri\Training\pituitary_tumor\p (166).jpg,p (166).jpg,pituitary_tumor,Training,3,9b6060250c99bd228c2fa14f190cfd90959504fb93223218a111c65d6ba59ac4
C:\Users\ransi\Documents\AA  SLIIT\Y2S1\IT2011 AIML\My First AI Project\EfficientNetB3_Project\data\brain_tumor_mri\Training\meningioma_tumor\m1(136).jpg,m1(136).jpg,meningioma_tumor,Training,1,b27ac167c8160d312a57ec533957914bb1a29c2ebd1b6670449cd8ddbe987e2e
C:\Users\ransi\Documents\AA  SLIIT\Y2S1\IT2011 AIML\My First AI Project\EfficientNetB3_Project\data\brain_tumor_mri\Training\meningioma_tumor\m1(182).jpg,m1(182).jpg,meningioma_tumor,Training,1,699fa8d35abf23b9730f03bf92107d3414ce08bd874546a16825a3d5c4724f0c
C:\Users\ransi\Documents\AA  SLIIT\Y2S1\IT2011 AIML\My First AI Project\EfficientNetB3_Project\data\brain_tumor_mri\Training\glioma_tumor\gg (656).jpg,gg (656).jpg,glioma_tumor,Training,0,43dd3b00438344d807c2daed334219013a8565fc9450e744ba281d3c5a766e9f
C:\Users\ransi\Documents\AA  SLIIT\Y2S1\IT2011 AIML\My First AI Project\EfficientNetB3_Project\data\brain_tumor_mri\Training\pituitary_tumor\p (269).jpg,p (269).jpg,pituitary_tumor,Training,3,5e14dc2513d85e4f09ab6237dbe6d3670134e435c303fa79d88ebb5f45967862
C:\Users\ransi\Documents\AA  SLIIT\Y2S1\IT2011 AIML\My First AI Project\EfficientNetB3_Project\data\brain_tumor_mri\Training\glioma_tumor\gg (476).jpg,gg (476).jpg,glioma_tumor,Training,0,3033d7eefcf473a85c5e9392790cdfe047cc3538726156b7144dd486947bd808
C:\Users\ransi\Documents\AA  SLIIT\Y2S1\IT2011 AIML\My First AI Project\EfficientNetB3_Project\data\brain_tumor_mri\Training\glioma_tumor\gg (681).jpg,gg (681).jpg,glioma_tumor,Training,0,bbafd834ec74fa3ee1962ca292dfc276e4bfa35e1dcab21f00dccd96d2f44420
C:\Users\ransi\Documents\AA  SLIIT\Y2S1\IT2011 AIML\My First AI Project\EfficientNetB3_Project\data\brain_tumor_mri\Training\no_tumor\image (39).jpg,image (39).jpg,no_tumor,Training,2,b396caa83da170f384de32368fd40ab0fbb00232e12fd2b463eddff69741af44
C:\Users\ransi\Documents\AA  SLIIT\Y2S1\IT2011 AIML\My First AI Project\EfficientNetB3_Project\data\brain_tumor_mri\Training\meningioma_tumor\m2 (135).jpg,m2 (135).jpg,meningioma_tumor,Training,1,5159420406428d43ccccc0a951c2673dec88e7b6ebb629dc427214066d5decac
C:\Users\ransi\Documents\AA  SLIIT\Y2S1\IT2011 AIML\My First AI Project\EfficientNetB3_Project\data\brain_tumor_mri\Testing\meningioma_tumor\image(89).jpg,image(89).jpg,meningioma_tumor,Testing,1,59d5ca6397cbfb618d05b0e240b138fb61c3f3832b6a70b3f7b9a96806ef4582
C:\Users\ransi\Documents\AA  SLIIT\Y2S1\IT2011 AIML\My First AI Project\EfficientNetB3_Project\data\brain_tumor_mri\Training\pituitary_tumor\p (268).jpg,p (268).jpg,pituitary_tumor,Training,3,93d6fc0863ca5409c241367b0285c5c5d5f7f5e2dd96ffe4d69ad2cd74414b4e
C:\Users\ransi\Documents\AA  SLIIT\Y2S1\IT2011 AIML\My First AI Project\EfficientNetB3_Project\data\brain_tumor_mri\Training\pituitary_tumor\p (275).jpg,p (275).jpg,pituitary_tumor,Training,3,62898b063c0c8546cce9d6d541256f56510a567b60b667022fee1b4a0190a64a
C:\Users\ransi\Documents\AA  SLIIT\Y2S1\IT2011 AIML\My First AI Project\EfficientNetB3_Project\data\brain_tumor_mri\Training\pituitary_tumor\p (612).jpg,p (612).jpg,pituitary_tumor,Training,3,d60ecf5a2ea3fe4315dbf40a023dc838c66ae07266b3ab49be8beeb3733cd326
C:\Users\ransi\Documents\AA  SLIIT\Y2S1\IT2011 AIML\My First AI Project\EfficientNetB3_Project\data\brain_tumor_mri\Training\glioma_tumor\gg (500).jpg,gg (500).jpg,glioma_tumor,Training,0,911d3626b8a05a725fa6978fe84a020a04115e848bcf3cb3e6a267a85467298b
C:\Users\ransi\Documents\AA  SLIIT\Y2S1\IT2011 AIML\My First AI Project\EfficientNetB3_Project\data\brain_tumor_mri\Testing\no_tumor\image(31).jpg,image(31).jpg,no_tumor,Testing,2,94721a1b47a80cb0533acdbac52f92ad7614d4685284b74b2a96914b038947a9
C:\Users\ransi\Documents\AA  SLIIT\Y2S1\IT2011 AIML\My First AI Project\EfficientNetB3_Project\data\brain_tumor_mri\Training\meningioma_tumor\m3 (97).jpg,m3 (97).jpg,meningioma_tumor,Training,1,b05c97c5d1134ffbce1dccd01d66d1be3a79a722b101b8e5e1708c8fcd9faf67
C:\Users\ransi\Documents\AA  SLIIT\Y2S1\IT2011 AIML\My First AI Project\EfficientNetB3_Project\data\brain_tumor_mri\Training\pituitary_tumor\p (108).jpg,p (108).jpg,pituitary_tumor,Training,3,9a63b51d98fb7d5aa1def8ef432cbed62796a6db95de5a04b1e6ea6e425645b4
C:\Users\ransi\Documents\AA  SLIIT\Y2S1\IT2011 AIML\My First AI Project\EfficientNetB3_Project\data\brain_tumor_mri\Training\glioma_tumor\gg (72).jpg,gg (72).jpg,glioma_tumor,Training,0,ab17ddf20c51647c5cc444f0d4234ac90bdbb0f87794f9f0f7b2d8a59feca593
C:\Users\ransi\Documents\AA  SLIIT\Y2S1\IT2011 AIML\My First AI Project\EfficientNetB3_Project\data\brain_tumor_mri\Training\meningioma_tumor\m3 (225).jpg,m3 (225).jpg,meningioma_tumor,Training,1,acea26f922d9c345ad29956759a0d02d4b3a0a8922f7a2c2197d4ebb3967f4eb
C:\Users\ransi\Documents\AA  SLIIT\Y2S1\IT2011 AIML\My First AI Project\EfficientNetB3_Project\data\brain_tumor_mri\Testing\glioma_tumor\image(60).jpg,image(60).jpg,glioma_tumor,Testing,0,75da6e920cf8e1f62065f9aed23c61b109e042bfbb459c665ff7ecd68a108723
C:\Users\ransi\Documents\AA  SLIIT\Y2S1\IT2011 AIML\My First AI Project\EfficientNetB3_Project\data\brain_tumor_mri\Training\meningioma_tumor\m1(71).jpg,m1(71).jpg,meningioma_tumor,Training,1,0849cf44dc2e4157db7e3e4e9d94aad8826d10858e13865a0b35b0230919a7ed
C:\Users\ransi\Documents\AA  SLIIT\Y2S1\IT2011 AIML\My First AI Project\EfficientNetB3_Project\data\brain_tumor_mri\Training\pituitary_tumor\p (259).jpg,p (259).jpg,pituitary_tumor,Training,3,de2effab2ee069e4a228e6f72a9304979cab18164901f9ef301bfa79ec0f2c20
C:\Users\ransi\Documents\AA  SLIIT\Y2S1\IT2011 AIML\My First AI Project\EfficientNetB3_Project\data\brain_tumor_mri\Training\pituitary_tumor\p (692).jpg,p (692).jpg,pituitary_tumor,Training,3,f48db6f4e980df12a68ef8a8629251dbdd807ba746e8f8a8093b8dd1d59bcd61
C:\Users\ransi\Documents\AA  SLIIT\Y2S1\IT2011 AIML\My First AI Project\EfficientNetB3_Project\data\brain_tumor_mri\Training\meningioma_tumor\m2 (127).jpg,m2 (127).jpg,meningioma_tumor,Training,1,1e2ec766570fbe2ed7dfe6ed39d85e5df218f0b640513593551d2dc58a51528e
C:\Users\ransi\Documents\AA  SLIIT\Y2S1\IT2011 AIML\My First AI Project\EfficientNetB3_Project\data\brain_tumor_mri\Training\meningioma_tumor\m2 (66).jpg,m2 (66).jpg,meningioma_tumor,Training,1,7153f853e0b122e0aca51abdcfbf19044b8f113a554d6d41d85fc6177ef5567a
C:\Users\ransi\Documents\AA  SLIIT\Y2S1\IT2011 AIML\My First AI Project\EfficientNetB3_Project\data\brain_tumor_mri\Testing\glioma_tumor\image(49).jpg,image(49).jpg,glioma_tumor,Testing,0,d1edf0a4de17ef2c9acaa591a7fa8ced3f7ecc801d970c523b4dd3c5aeb16353
C:\Users\ransi\Documents\AA  SLIIT\Y2S1\IT2011 AIML\My First AI Project\EfficientNetB3_Project\data\brain_tumor_mri\Training\meningioma_tumor\m2 (111).jpg,m2 (111).jpg,meningioma_tumor,Training,1,aaa700054b435ee1aff1a66905048eef7d2c50d03a809097ddde09af4a0daab1
C:\Users\ransi\Documents\AA  SLIIT\Y2S1\IT2011 AIML\My First AI Project\EfficientNetB3_Project\data\brain_tumor_mri\Training\pituitary_tumor\p (156).jpg,p (156).jpg,pituitary_tumor,Training,3,11576cbb30883fcaae6d7bf292b4753abc5c8504d913a5d70e2874e09349d9f6
C:\Users\ransi\Documents\AA  SLIIT\Y2S1\IT2011 AIML\My First AI Project\EfficientNetB3_Project\data\brain_tumor_mri\Training\glioma_tumor\gg (265).jpg,gg (265).jpg,glioma_tumor,Training,0,72076ade68f031c9093b45a8e78809cd7ea49d200b8a716cc6d51b3d4af492f3
C:\Users\ransi\Documents\AA  SLIIT\Y2S1\IT2011 AIML\My First AI Project\EfficientNetB3_Project\data\brain_tumor_mri\Training\glioma_tumor\gg (755).jpg,gg (755).jpg,glioma_tumor,Training,0,5e9e8f0319c2b120c57eb21b1780f299bdd443905095eae39a28147e1e7bd221
C:\Users\ransi\Documents\AA  SLIIT\Y2S1\IT2011 AIML\My First AI Project\EfficientNetB3_Project\data\brain_tumor_mri\Training\no_tumor\image(217).jpg,image(217).jpg,no_tumor,Training,2,41efe60c9486d5c559d6ede0449c1da09b12bfbf8241ba4f28c60f82634cfe04
C:\Users\ransi\Documents\AA  SLIIT\Y2S1\IT2011 AIML\My First AI Project\EfficientNetB3_Project\data\brain_tumor_mri\Training\meningioma_tumor\m (151).jpg,m (151).jpg,meningioma_tumor,Training,1,a427fa312cb3d0c36beeb8132403e52c0b1f1730158791a7dbbe284e6889b477
C:\Users\ransi\Documents\AA  SLIIT\Y2S1\IT2011 AIML\My First AI Project\EfficientNetB3_Project\data\brain_tumor_mri\Training\meningioma_tumor\m3 (208).jpg,m3 (208).jpg,meningioma_tumor,Training,1,368618e5e7f2b7642121ee147b8b195b06cae842f4ba8477916588d6a10eddcb
C:\Users\ransi\Documents\AA  SLIIT\Y2S1\IT2011 AIML\My First AI Project\EfficientNetB3_Project\data\brain_tumor_mri\Training\meningioma_tumor\m1(183).jpg,m1(183).jpg,meningioma_tumor,Training,1,2f8546e485b635df17caf0595ffc29c1db3d87aaddc2681b8d6b6caa85ffd515
C:\Users\ransi\Documents\AA  SLIIT\Y2S1\IT2011 AIML\My First AI Project\EfficientNetB3_Project\data\brain_tumor_mri\Training\glioma_tumor\gg (642).jpg,gg (642).jpg,glioma_tumor,Training,0,cc0bd782a36b85af9628b196e6d8b20d6fc8b7697a477bd5fffdbe76558a3f44
C:\Users\ransi\Documents\AA  SLIIT\Y2S1\IT2011 AIML\My First AI Project\EfficientNetB3_Project\data\brain_tumor_mri\Training\glioma_tumor\gg (733).jpg,gg (733).jpg,glioma_tumor,Training,0,e2137bf48ec92a6050bae84a01667196a26d6cc99532c77374e3de67203e6124
C:\Users\ransi\Documents\AA  SLIIT\Y2S1\IT2011 AIML\My First AI Project\EfficientNetB3_Project\data\brain_tumor_mri\Training\meningioma_tumor\m3 (117).jpg,m3 (117).jpg,meningioma_tumor,Training,1,5fb24ebc0ed9a78d6bf8896882d09e3031c43478b533607d5b0212ca11244043
C:\Users\ransi\Documents\AA  SLIIT\Y2S1\IT2011 AIML\My First AI Project\EfficientNetB3_Project\data\brain_tumor_mri\Training\meningioma_tumor\m2 (95).jpg,m2 (95).jpg,meningioma_tumor,Training,1,8d0cc12a7236bc4168a4d0c59a711f64f25278388ec18c7e031af482e9b14e9b
C:\Users\ransi\Documents\AA  SLIIT\Y2S1\IT2011 AIML\My First AI Project\EfficientNetB3_Project\data\brain_tumor_mri\Training\glioma_tumor\gg (679).jpg,gg (679).jpg,glioma_tumor,Training,0,3809f85e9588e32fc8266e62909c0d67a70640e6c9f07df9753e58060961b452
C:\Users\ransi\Documents\AA  SLIIT\Y2S1\IT2011 AIML\My First AI Project\EfficientNetB3_Project\data\brain_tumor_mri\Training\glioma_tumor\gg (816).jpg,gg (816).jpg,glioma_tumor,Training,0,33260d6a85cd7ebfc8276b9a90d15f758de94658db140f417042799ce4889105
C:\Users\ransi\Documents\AA  SLIIT\Y2S1\IT2011 AIML\My First AI Project\EfficientNetB3_Project\data\brain_tumor_mri\Training\pituitary_tumor\p (808).jpg,p (808).jpg,pituitary_tumor,Training,3,8d7477dd9677e2b1f4b39b130787ffc3748050472348c56e2aee605be83da45b
C:\Users\ransi\Documents\AA  SLIIT\Y2S1\IT2011 AIML\My First AI Project\EfficientNetB3_Project\data\brain_tumor_mri\Training\pituitary_tumor\p (141).jpg,p (141).jpg,pituitary_tumor,Training,3,454389a96853f36193737a5f5caacdc29b605ea188ac19949b0f96847dda34cc
C:\Users\ransi\Documents\AA  SLIIT\Y2S1\IT2011 AIML\My First AI Project\EfficientNetB3_Project\data\brain_tumor_mri\Training\meningioma_tumor\m2 (131).jpg,m2 (131).jpg,meningioma_tumor,Training,1,27775921429c3faf20846e103f5b6bfb605ea3bd2f434edcd9f08d5de3605bdb
C:\Users\ransi\Documents\AA  SLIIT\Y2S1\IT2011 AIML\My First AI Project\EfficientNetB3_Project\data\brain_tumor_mri\Training\pituitary_tumor\p (434).jpg,p (434).jpg,pituitary_tumor,Training,3,3482831604d5b2de54c7d30dc3c6e5cb6281b7128f7a049161d64020f6691f26
C:\Users\ransi\Documents\AA  SLIIT\Y2S1\IT2011 AIML\My First AI Project\EfficientNetB3_Project\data\brain_tumor_mri\Training\meningioma_tumor\m3 (127).jpg,m3 (127).jpg,meningioma_tumor,Training,1,535a2baf2db7beb8640c031591f764e33e66f48ed86dedb8f75792ef297a49c0
C:\Users\ransi\Documents\AA  SLIIT\Y2S1\IT2011 AIML\My First AI Project\EfficientNetB3_Project\data\brain_tumor_mri\Testing\meningioma_tumor\image(85).jpg,image(85).jpg,meningioma_tumor,Testing,1,20c540c392630d5bba27c8a6c47a1933df2a9803135b061ef80652904e810432
C:\Users\ransi\Documents\AA  SLIIT\Y2S1\IT2011 AIML\My First AI Project\EfficientNetB3_Project\data\brain_tumor_mri\Training\glioma_tumor\gg (228).jpg,gg (228).jpg,glioma_tumor,Training,0,49796619297067be945244dd69df767647fd1567c5c4ad2313a2b6800db3bbac
C:\Users\ransi\Documents\AA  SLIIT\Y2S1\IT2011 AIML\My First AI Project\EfficientNetB3_Project\data\brain_tumor_mri\Training\meningioma_tumor\m (195).jpg,m (195).jpg,meningioma_tumor,Training,1,58ab18c04f773649f0f02ab7885cb80e9ec87b927c8381646394d68fe2a80edf
C:\Users\ransi\Documents\AA  SLIIT\Y2S1\IT2011 AIML\My First AI Project\EfficientNetB3_Project\data\brain_tumor_mri\Testing\meningioma_tumor\image(4).jpg,image(4).jpg,meningioma_tumor,Testing,1,ca02d2e726540598237ff366f8a9d4078f5f045bc85b2a996c8c044228fb8cf7
C:\Users\ransi\Documents\AA  SLIIT\Y2S1\IT2011 AIML\My First AI Project\EfficientNetB3_Project\data\brain_tumor_mri\Training\pituitary_tumor\p (488).jpg,p (488).jpg,pituitary_tumor,Training,3,c05e778cda95f1aeeb1c6768862f59bfa76a4e53fa66bcd87735c6d99af1a38b
C:\Users\ransi\Documents\AA  SLIIT\Y2S1\IT2011 AIML\My First AI Project\EfficientNetB3_Project\data\brain_tumor_mri\Training\meningioma_tumor\m2 (51).jpg,m2 (51).jpg,meningioma_tumor,Training,1,d72d10761864d0db4c9d18b312f0cb08ee026d99d15ba6aebf750b3214a37051
C:\Users\ransi\Documents\AA  SLIIT\Y2S1\IT2011 AIML\My First AI Project\EfficientNetB3_Project\data\brain_tumor_mri\Training\pituitary_tumor\p (30).jpg,p (30).jpg,pituitary_tumor,Training,3,e740d14e4fcdfed23ad9b58b86914d01bf2066bdec9bcef075d6aca8190be581
C:\Users\ransi\Documents\AA  SLIIT\Y2S1\IT2011 AIML\My First AI Project\EfficientNetB3_Project\data\brain_tumor_mri\Training\meningioma_tumor\m1(113).jpg,m1(113).jpg,meningioma_tumor,Training,1,d3dc17e9beb57b30ad2dee3323cb2a7a7e893bcc0666b7938600f71decf5fb39
C:\Users\ransi\Documents\AA  SLIIT\Y2S1\IT2011 AIML\My First AI Project\EfficientNetB3_Project\data\brain_tumor_mri\Training\glioma_tumor\gg (230).jpg,gg (230).jpg,glioma_tumor,Training,0,1da05bff99e26b2524195ca29c0f9172a564ada784cd270a70c35946d07887f9
C:\Users\ransi\Documents\AA  SLIIT\Y2S1\IT2011 AIML\My First AI Project\EfficientNetB3_Project\data\brain_tumor_mri\Training\glioma_tumor\gg (96).jpg,gg (96).jpg,glioma_tumor,Training,0,31df007a36ceb754b9b98e9d743ac6ce3f978e45d01f0d92b02eaaaf7ac2678f
C:\Users\ransi\Documents\AA  SLIIT\Y2S1\IT2011 AIML\My First AI Project\EfficientNetB3_Project\data\brain_tumor_mri\Testing\meningioma_tumor\image(123).jpg,image(123).jpg,meningioma_tumor,Testing,1,d67f68d2257405011a6a15401261406f7cbf7449bf0112491c14ceef50fcd73f
C:\Users\ransi\Documents\AA  SLIIT\Y2S1\IT2011 AIML\My First AI Project\EfficientNetB3_Project\data\brain_tumor_mri\Testing\glioma_tumor\image(69).jpg,image(69).jpg,glioma_tumor,Testing,0,f99b13c4e56cbca5167f449103b92ca2d7d91c6e7bcd3edb03814ff03dec5a02
C:\Users\ransi\Documents\AA  SLIIT\Y2S1\IT2011 AIML\My First AI Project\EfficientNetB3_Project\data\brain_tumor_mri\Testing\pituitary_tumor\image(18).jpg,image(18).jpg,pituitary_tumor,Testing,3,0d950cadc77a37196b9bf8f401525b45fe37009642020d42ca12af38db4f34d2
C:\Users\ransi\Documents\AA  SLIIT\Y2S1\IT2011 AIML\My First AI Project\EfficientNetB3_Project\data\brain_tumor_mri\Training\glioma_tumor\gg (818).jpg,gg (818).jpg,glioma_tumor,Training,0,38b82229ab0626e564fcb4da934685598225728e762e7e4a2d4473049f77d489
C:\Users\ransi\Documents\AA  SLIIT\Y2S1\IT2011 AIML\My First AI Project\EfficientNetB3_Project\data\brain_tumor_mri\Training\glioma_tumor\gg (515).jpg,gg (515).jpg,glioma_tumor,Training,0,5cf46707e461156b170db9fecf83574706fa7ad8fa41f463b20cefa3422fa661
C:\Users\ransi\Documents\AA  SLIIT\Y2S1\IT2011 AIML\My First AI Project\EfficientNetB3_Project\data\brain_tumor_mri\Training\glioma_tumor\gg (402).jpg,gg (402).jpg,glioma_tumor,Training,0,85ad022d1266d9c45f420bead150729701437279f06f88f1c87bea66385fad41
C:\Users\ransi\Documents\AA  SLIIT\Y2S1\IT2011 AIML\My First AI Project\EfficientNetB3_Project\data\brain_tumor_mri\Training\glioma_tumor\gg (151).jpg,gg (151).jpg,glioma_tumor,Training,0,5f0e4af3786039e648641a72eb3880a2390b4e6e23a96e0f167f4e0125067359
C:\Users\ransi\Documents\AA  SLIIT\Y2S1\IT2011 AIML\My First AI Project\EfficientNetB3_Project\data\brain_tumor_mri\Training\meningioma_tumor\m2 (106).jpg,m2 (106).jpg,meningioma_tumor,Training,1,8e0875123f43eca1fe354256ce7b2715fd4f82c182c293446e04bbe30d0e96c6
C:\Users\ransi\Documents\AA  SLIIT\Y2S1\IT2011 AIML\My First AI Project\EfficientNetB3_Project\data\brain_tumor_mri\Training\meningioma_tumor\m1(161).jpg,m1(161).jpg,meningioma_tumor,Training,1,ad57597d0f3bc65e1fded17bfb078bce687e28339b5d779105645145816908c0
C:\Users\ransi\Documents\AA  SLIIT\Y2S1\IT2011 AIML\My First AI Project\EfficientNetB3_Project\data\brain_tumor_mri\Training\meningioma_tumor\m (5).jpg,m (5).jpg,meningioma_tumor,Training,1,ed23ea62ba6e40d48c802f7a21f02a3c8eac3ee64899881ac8ce366218265947
C:\Users\ransi\Documents\AA  SLIIT\Y2S1\IT2011 AIML\My First AI Project\EfficientNetB3_Project\data\brain_tumor_mri\Training\meningioma_tumor\m3 (214).jpg,m3 (214).jpg,meningioma_tumor,Training,1,618449a75bed18b7ebdd593ebfece6faa4cb38080fc679da358bd87ee807187d
C:\Users\ransi\Documents\AA  SLIIT\Y2S1\IT2011 AIML\My First AI Project\EfficientNetB3_Project\data\brain_tumor_mri\Training\meningioma_tumor\m3 (100).jpg,m3 (100).jpg,meningioma_tumor,Training,1,2ade965b2c38d5b18e09a2f94897de928b807fe3baecb55168bfea97fdeb9007
C:\Users\ransi\Documents\AA  SLIIT\Y2S1\IT2011 AIML\My First AI Project\EfficientNetB3_Project\data\brain_tumor_mri\Training\glioma_tumor\gg (103).jpg,gg (103).jpg,glioma_tumor,Training,0,27f3135ecbd8f164f829d8a75ac3220d77f078c60ffb81ce29ea04a1312879cc
C:\Users\ransi\Documents\AA  SLIIT\Y2S1\IT2011 AIML\My First AI Project\EfficientNetB3_Project\data\brain_tumor_mri\Training\no_tumor\image(63).jpg,image(63).jpg,no_tumor,Training,2,77d1374baf9988fd4f9272886783a65820b3afbbbaa773777ed01a4b04ff9d80
C:\Users\ransi\Documents\AA  SLIIT\Y2S1\IT2011 AIML\My First AI Project\EfficientNetB3_Project\data\brain_tumor_mri\Training\meningioma_tumor\m2 (47).jpg,m2 (47).jpg,meningioma_tumor,Training,1,7f9822e49ceddfd70c845cedeedcf12dce1f8241ada530640d6fab7ed07394c1
C:\Users\ransi\Documents\AA  SLIIT\Y2S1\IT2011 AIML\My First AI Project\EfficientNetB3_Project\data\brain_tumor_mri\Training\meningioma_tumor\m1(121).jpg,m1(121).jpg,meningioma_tumor,Training,1,dcdedbce322da66be987e07d9595a8ed0f27df8ab9c06e450299c87caf20ead7
C:\Users\ransi\Documents\AA  SLIIT\Y2S1\IT2011 AIML\My First AI Project\EfficientNetB3_Project\data\brain_tumor_mri\Training\meningioma_tumor\m (122).jpg,m (122).jpg,meningioma_tumor,Training,1,ec3baa575353d1d524c682b989f007a7f5b1d07846b70199eea8ab65a5bd220c
C:\Users\ransi\Documents\AA  SLIIT\Y2S1\IT2011 AIML\My First AI Project\EfficientNetB3_Project\data\brain_tumor_mri\Training\pituitary_tumor\p (197).jpg,p (197).jpg,pituitary_tumor,Training,3,dea65808e631f46024aaa034984629ab8a455f2b951ca7022f12fa9e62b7c8ff
C:\Users\ransi\Documents\AA  SLIIT\Y2S1\IT2011 AIML\My First AI Project\EfficientNetB3_Project\data\brain_tumor_mri\Training\pituitary_tumor\p (749).jpg,p (749).jpg,pituitary_tumor,Training,3,a0c7c1f801ffd0d505f70e5d1dfa4c135f1af49b35bce0f0b895ddcd16548729
C:\Users\ransi\Documents\AA  SLIIT\Y2S1\IT2011 AIML\My First AI Project\EfficientNetB3_Project\data\brain_tumor_mri\Training\meningioma_tumor\m3 (125).jpg,m3 (125).jpg,meningioma_tumor,Training,1,34dfbc0eadedfd11b8455a22723f53edd45de438208b03c25e54030a9d2bb8e5
C:\Users\ransi\Documents\AA  SLIIT\Y2S1\IT2011 AIML\My First AI Project\EfficientNetB3_Project\data\brain_tumor_mri\Training\glioma_tumor\gg (749).jpg,gg (749).jpg,glioma_tumor,Training,0,49391e2c2f1cfa6c79e0543973dad245e8771428de36628486665a27d93c6871
C:\Users\ransi\Documents\AA  SLIIT\Y2S1\IT2011 AIML\My First AI Project\EfficientNetB3_Project\data\brain_tumor_mri\Training\glioma_tumor\gg (157).jpg,gg (157).jpg,glioma_tumor,Training,0,637590d6bfd9d18d475cb9cf816327026096e05fc5377de3be01f91195cf8be3
C:\Users\ransi\Documents\AA  SLIIT\Y2S1\IT2011 AIML\My First AI Project\EfficientNetB3_Project\data\brain_tumor_mri\Training\meningioma_tumor\m1(138).jpg,m1(138).jpg,meningioma_tumor,Training,1,3f485834e521c740f298d16190f0afa1209a0e2d01080015ca6a8b5f3febe1fe
C:\Users\ransi\Documents\AA  SLIIT\Y2S1\IT2011 AIML\My First AI Project\EfficientNetB3_Project\data\brain_tumor_mri\Training\pituitary_tumor\p (497).jpg,p (497).jpg,pituitary_tumor,Training,3,23703e283ae0fb06613fe7e3c8977a535ff2f3d046e8f9623b4c2d6f703d54ce
C:\Users\ransi\Documents\AA  SLIIT\Y2S1\IT2011 AIML\My First AI Project\EfficientNetB3_Project\data\brain_tumor_mri\Training\pituitary_tumor\p (316).jpg,p (316).jpg,pituitary_tumor,Training,3,f0f807c33e892a71ec56d183f5a5956c2ffde3cfc9334aafe4fb748a5790a1bb
C:\Users\ransi\Documents\AA  SLIIT\Y2S1\IT2011 AIML\My First AI Project\EfficientNetB3_Project\data\brain_tumor_mri\Training\meningioma_tumor\m1(117).jpg,m1(117).jpg,meningioma_tumor,Training,1,e4fcd381c28ede0f3199c3968f487571669726be146fe0ff4daa2a6716858a8a
C:\Users\ransi\Documents\AA  SLIIT\Y2S1\IT2011 AIML\My First AI Project\EfficientNetB3_Project\data\brain_tumor_mri\Training\meningioma_tumor\m2 (90).jpg,m2 (90).jpg,meningioma_tumor,Training,1,b911d54c647d44bebba41becba54cc82bfac26f72b3906297e71bb5107e82f79
C:\Users\ransi\Documents\AA  SLIIT\Y2S1\IT2011 AIML\My First AI Project\EfficientNetB3_Project\data\brain_tumor_mri\Training\meningioma_tumor\m3 (148).jpg,m3 (148).jpg,meningioma_tumor,Training,1,bea26ab35538f9942726dffe6847927f064226460d45566390846964cdefc97a
C:\Users\ransi\Documents\AA  SLIIT\Y2S1\IT2011 AIML\My First AI Project\EfficientNetB3_Project\data\brain_tumor_mri\Training\pituitary_tumor\p (408).jpg,p (408).jpg,pituitary_tumor,Training,3,8afa71fed3d0307237b24872056b750f3c06ee0d9527c35241b908eb7404080f
C:\Users\ransi\Documents\AA  SLIIT\Y2S1\IT2011 AIML\My First AI Project\EfficientNetB3_Project\data\brain_tumor_mri\Training\meningioma_tumor\m1(86).jpg,m1(86).jpg,meningioma_tumor,Training,1,41076a12054d0fadc265da977a34bf1e31b0dad4f2dd926237edebf0352b878d
C:\Users\ransi\Documents\AA  SLIIT\Y2S1\IT2011 AIML\My First AI Project\EfficientNetB3_Project\data\brain_tumor_mri\Training\glioma_tumor\gg (547).jpg,gg (547).jpg,glioma_tumor,Training,0,c14dbec5e0b05498207b5a7f22082a1db467a521e61a58a877cf057d88e4e6de
C:\Users\ransi\Documents\AA  SLIIT\Y2S1\IT2011 AIML\My First AI Project\EfficientNetB3_Project\data\brain_tumor_mri\Training\glioma_tumor\gg (120).jpg,gg (120).jpg,glioma_tumor,Training,0,f9b924dc32ddfb3bcc81faaac024ab96319017bc698d307e5ea93bad666b15ee
C:\Users\ransi\Documents\AA  SLIIT\Y2S1\IT2011 AIML\My First AI Project\EfficientNetB3_Project\data\brain_tumor_mri\Training\meningioma_tumor\m (125).jpg,m (125).jpg,meningioma_tumor,Training,1,4f8c800a279bcfbe3e63996ddaf5dd0390025db8b624988900c2b8de4e532323
C:\Users\ransi\Documents\AA  SLIIT\Y2S1\IT2011 AIML\My First AI Project\EfficientNetB3_Project\data\brain_tumor_mri\Training\glioma_tumor\gg (140).jpg,gg (140).jpg,glioma_tumor,Training,0,4cfe02ccbdb9be081c98ba776db8f2f9662ce909c270cb39fa12ed2e70393fb8
C:\Users\ransi\Documents\AA  SLIIT\Y2S1\IT2011 AIML\My First AI Project\EfficientNetB3_Project\data\brain_tumor_mri\Testing\no_tumor\image(14).jpg,image(14).jpg,no_tumor,Testing,2,0d68dc0d87d099ad046fac3ec1359db1561e1c5d45a43e7c91e02a9f2f393df8
C:\Users\ransi\Documents\AA  SLIIT\Y2S1\IT2011 AIML\My First AI Project\EfficientNetB3_Project\data\brain_tumor_mri\Training\glioma_tumor\gg (693).jpg,gg (693).jpg,glioma_tumor,Training,0,d784375a34e6682f04ca096ef6c93e26911bac6f5923e8d5afd1c0b394e0d357
C:\Users\ransi\Documents\AA  SLIIT\Y2S1\IT2011 AIML\My First AI Project\EfficientNetB3_Project\data\brain_tumor_mri\Training\meningioma_tumor\m1(29).jpg,m1(29).jpg,meningioma_tumor,Training,1,f4a9139e93bf925cfde66d30a5da4b6e709e95c97fe3938080f2bf0942b2aec2
C:\Users\ransi\Documents\AA  SLIIT\Y2S1\IT2011 AIML\My First AI Project\EfficientNetB3_Project\data\brain_tumor_mri\Training\pituitary_tumor\p (335).jpg,p (335).jpg,pituitary_tumor,Training,3,e6a083352c7a1e645180237da0ccefd2012e957f528f5f981ced956953311af0
C:\Users\ransi\Documents\AA  SLIIT\Y2S1\IT2011 AIML\My First AI Project\EfficientNetB3_Project\data\brain_tumor_mri\Training\pituitary_tumor\p (391).jpg,p (391).jpg,pituitary_tumor,Training,3,65ceccb445979d6cd2dd4df7c1b9ab24376e1ac904959aca82a5513d9168031f
C:\Users\ransi\Documents\AA  SLIIT\Y2S1\IT2011 AIML\My First AI Project\EfficientNetB3_Project\data\brain_tumor_mri\Training\glioma_tumor\gg (707).jpg,gg (707).jpg,glioma_tumor,Training,0,1e0693979e960ec45361b85848616498ce031f5c8cafde720815408b6161d3b5
C:\Users\ransi\Documents\AA  SLIIT\Y2S1\IT2011 AIML\My First AI Project\EfficientNetB3_Project\data\brain_tumor_mri\Training\pituitary_tumor\p (187).jpg,p (187).jpg,pituitary_tumor,Training,3,341bb7d8f8bc9201e5190a999d9e8862fac1f4955b96d5e1e9df32d316e3b557
C:\Users\ransi\Documents\AA  SLIIT\Y2S1\IT2011 AIML\My First AI Project\EfficientNetB3_Project\data\brain_tumor_mri\Testing\pituitary_tumor\image(15).jpg,image(15).jpg,pituitary_tumor,Testing,3,240018b563272236c0016d5fc2c324c1842b1d64d4a1f47464275feaa0210858
C:\Users\ransi\Documents\AA  SLIIT\Y2S1\IT2011 AIML\My First AI Project\EfficientNetB3_Project\data\brain_tumor_mri\Training\glioma_tumor\gg (372).jpg,gg (372).jpg,glioma_tumor,Training,0,bbc691f03626ac90dd82a9836987b3f26a55216ca7cb8f52fe0d28fa41f9dd79
C:\Users\ransi\Documents\AA  SLIIT\Y2S1\IT2011 AIML\My First AI Project\EfficientNetB3_Project\data\brain_tumor_mri\Training\meningioma_tumor\m (60).jpg,m (60).jpg,meningioma_tumor,Training,1,a9c70f38c43054c6d103449690310eacfc41dfe7ed7d1409528066a6655e797f
C:\Users\ransi\Documents\AA  SLIIT\Y2S1\IT2011 AIML\My First AI Project\EfficientNetB3_Project\data\brain_tumor_mri\Training\no_tumor\image(138).jpg,image(138).jpg,no_tumor,Training,2,43c7fb765b0d878dca03cd26cb414b56a2e3280ce2510f3a84dac11003bbd0a0
C:\Users\ransi\Documents\AA  SLIIT\Y2S1\IT2011 AIML\My First AI Project\EfficientNetB3_Project\data\brain_tumor_mri\Training\glioma_tumor\gg (267).jpg,gg (267).jpg,glioma_tumor,Training,0,aa43f10376f7892afc1a26ee9f2c036c59f011ae8ea861b6b625e3b2da5f3710
C:\Users\ransi\Documents\AA  SLIIT\Y2S1\IT2011 AIML\My First AI Project\EfficientNetB3_Project\data\brain_tumor_mri\Training\pituitary_tumor\p (165).jpg,p (165).jpg,pituitary_tumor,Training,3,42231ab7fe57d5d19f542c507fc4146aca2a6eefa4426992e6a1448784631037
C:\Users\ransi\Documents\AA  SLIIT\Y2S1\IT2011 AIML\My First AI Project\EfficientNetB3_Project\data\brain_tumor_mri\Training\glioma_tumor\gg (804).jpg,gg (804).jpg,glioma_tumor,Training,0,bf416c724c2f6de1aef758d25d5b5062490b3c05563de10f3fa268516607f6f4
C:\Users\ransi\Documents\AA  SLIIT\Y2S1\IT2011 AIML\My First AI Project\EfficientNetB3_Project\data\brain_tumor_mri\Testing\no_tumor\image(55).jpg,image(55).jpg,no_tumor,Testing,2,d07ac7d4c62a45c3ca88e4b57cf485acd22b5d5f5e519110f769eb0cd9169d47
C:\Users\ransi\Documents\AA  SLIIT\Y2S1\IT2011 AIML\My First AI Project\EfficientNetB3_Project\data\brain_tumor_mri\Training\no_tumor\image (37).jpg,image (37).jpg,no_tumor,Training,2,e22f980ae6f8f79a1fd96c0e2711d06767493d2d7c19d885fd89f6207702c3f3
C:\Users\ransi\Documents\AA  SLIIT\Y2S1\IT2011 AIML\My First AI Project\EfficientNetB3_Project\data\brain_tumor_mri\Training\glioma_tumor\gg (742).jpg,gg (742).jpg,glioma_tumor,Training,0,642443b5c46818268b31aa98adfbe04fe9a0bad1fc1dfe54361694c0ead23aec
C:\Users\ransi\Documents\AA  SLIIT\Y2S1\IT2011 AIML\My First AI Project\EfficientNetB3_Project\data\brain_tumor_mri\Training\pituitary_tumor\p (244).jpg,p (244).jpg,pituitary_tumor,Training,3,886a008f152db4002ce438fdc12cf795a8f16ec749a33251a463a82c6a9aa529
C:\Users\ransi\Documents\AA  SLIIT\Y2S1\IT2011 AIML\My First AI Project\EfficientNetB3_Project\data\brain_tumor_mri\Training\pituitary_tumor\p (305).jpg,p (305).jpg,pituitary_tumor,Training,3,e578d23762d2b3736ff6b8d0c0ec8e6e40532e47228d7878250daa97d955ff76
C:\Users\ransi\Documents\AA  SLIIT\Y2S1\IT2011 AIML\My First AI Project\EfficientNetB3_Project\data\brain_tumor_mri\Training\pituitary_tumor\p (606).jpg,p (606).jpg,pituitary_tumor,Training,3,2aead0b5290aabb6692ebc13e1f3903f775d5a4e3fae743807329c8eb057690c
C:\Users\ransi\Documents\AA  SLIIT\Y2S1\IT2011 AIML\My First AI Project\EfficientNetB3_Project\data\brain_tumor_mri\Training\glioma_tumor\gg (24).jpg,gg (24).jpg,glioma_tumor,Training,0,84d9b78d2dffdaa6cf58528b1b84bb1b47033af754305ff28bb6bb2180f9eec9
C:\Users\ransi\Documents\AA  SLIIT\Y2S1\IT2011 AIML\My First AI Project\EfficientNetB3_Project\data\brain_tumor_mri\Testing\pituitary_tumor\image(69).jpg,image(69).jpg,pituitary_tumor,Testing,3,2ff387b9c84bad104f2f095f9832781f634931e584e02a1afab513037079eea5
C:\Users\ransi\Documents\AA  SLIIT\Y2S1\IT2011 AIML\My First AI Project\EfficientNetB3_Project\data\brain_tumor_mri\Training\pituitary_tumor\p (525).jpg,p (525).jpg,pituitary_tumor,Training,3,9273fc5e305b3c9dc9eee8a222097c3d95d1f4795bb7b8af6071b24a9652e722
C:\Users\ransi\Documents\AA  SLIIT\Y2S1\IT2011 AIML\My First AI Project\EfficientNetB3_Project\data\brain_tumor_mri\Training\meningioma_tumor\m1(97).jpg,m1(97).jpg,meningioma_tumor,Training,1,457fb9e8f89362f5ac7a4e6a869d55ca53e1cf3a40ca9a37e830d6475ebac5b7
C:\Users\ransi\Documents\AA  SLIIT\Y2S1\IT2011 AIML\My First AI Project\EfficientNetB3_Project\data\brain_tumor_mri\Testing\pituitary_tumor\image(66).jpg,image(66).jpg,pituitary_tumor,Testing,3,e99074ab025d65cc916b786675d37496c0f045c8267c222bfbc29c04dab42ffd
C:\Users\ransi\Documents\AA  SLIIT\Y2S1\IT2011 AIML\My First AI Project\EfficientNetB3_Project\data\brain_tumor_mri\Training\glioma_tumor\gg (31).jpg,gg (31).jpg,glioma_tumor,Training,0,01651205410ed057257dbcab50c203a820272b70b0cfed504efceb8ba7874002
C:\Users\ransi\Documents\AA  SLIIT\Y2S1\IT2011 AIML\My First AI Project\EfficientNetB3_Project\data\brain_tumor_mri\Training\meningioma_tumor\m3 (114).jpg,m3 (114).jpg,meningioma_tumor,Training,1,97bd1763a8a50e4e69aeacc9a211bfb15e5d73cae7e3b297166f2adf5b363030
C:\Users\ransi\Documents\AA  SLIIT\Y2S1\IT2011 AIML\My First AI Project\EfficientNetB3_Project\data\brain_tumor_mri\Training\meningioma_tumor\m2 (107).jpg,m2 (107).jpg,meningioma_tumor,Training,1,82a9fe8cc14bea6a6c4984f557d6800c1727d5d074e0b22cd76315d08627623e
C:\Users\ransi\Documents\AA  SLIIT\Y2S1\IT2011 AIML\My First AI Project\EfficientNetB3_Project\data\brain_tumor_mri\Training\meningioma_tumor\m (145).jpg,m (145).jpg,meningioma_tumor,Training,1,747a723e684cbc7e8ff1b928ae531c02abbec5f81e202e50a1a0c8ee6d16bb54
C:\Users\ransi\Documents\AA  SLIIT\Y2S1\IT2011 AIML\My First AI Project\EfficientNetB3_Project\data\brain_tumor_mri\Training\glioma_tumor\gg (782).jpg,gg (782).jpg,glioma_tumor,Training,0,491e9e553b5864ac5e3a7fcd69b9ad509ca98fc4231497e952fd393c6c04ac6c
C:\Users\ransi\Documents\AA  SLIIT\Y2S1\IT2011 AIML\My First AI Project\EfficientNetB3_Project\data\brain_tumor_mri\Training\glioma_tumor\gg (30).jpg,gg (30).jpg,glioma_tumor,Training,0,55de435bdc563432c92591162ced58a282eb2581a49e209c5fe12bf8706e5852
C:\Users\ransi\Documents\AA  SLIIT\Y2S1\IT2011 AIML\My First AI Project\EfficientNetB3_Project\data\brain_tumor_mri\Training\glioma_tumor\gg (44).jpg,gg (44).jpg,glioma_tumor,Training,0,09cc31c9cce5d0a6afe951856b84ec2bbf93958531b54d33805c35ef4cd1c650
C:\Users\ransi\Documents\AA  SLIIT\Y2S1\IT2011 AIML\My First AI Project\EfficientNetB3_Project\data\brain_tumor_mri\Training\meningioma_tumor\m2 (23).jpg,m2 (23).jpg,meningioma_tumor,Training,1,fdc40b15da68623b83aecc6f9d1d1f085e1c6fbdb80c0d3119d6482dd70b6df7
C:\Users\ransi\Documents\AA  SLIIT\Y2S1\IT2011 AIML\My First AI Project\EfficientNetB3_Project\data\brain_tumor_mri\Testing\meningioma_tumor\image.jpg,image.jpg,meningioma_tumor,Testing,1,096fe04df8baf322fa3033d1c8dcc769ce2c759d8872fba5f3b88646fa88b064
C:\Users\ransi\Documents\AA  SLIIT\Y2S1\IT2011 AIML\My First AI Project\EfficientNetB3_Project\data\brain_tumor_mri\Testing\no_tumor\image(56).jpg,image(56).jpg,no_tumor,Testing,2,c4c847d6e586faffcadf669ff0a9a608542741edc3a387040c059df1bb7052bb
C:\Users\ransi\Documents\AA  SLIIT\Y2S1\IT2011 AIML\My First AI Project\EfficientNetB3_Project\data\brain_tumor_mri\Training\meningioma_tumor\m2 (34).jpg,m2 (34).jpg,meningioma_tumor,Training,1,3e7091ccb68932b0a6238f3c20dc0d50c1b78a3a9458efb5cb5ba9b935fa4d25
C:\Users\ransi\Documents\AA  SLIIT\Y2S1\IT2011 AIML\My First AI Project\EfficientNetB3_Project\data\brain_tumor_mri\Training\pituitary_tumor\p (758).jpg,p (758).jpg,pituitary_tumor,Training,3,cd9b3882004231dd7d2676caceaa6914f9f906b088a065079392aa1f6ef019d6
C:\Users\ransi\Documents\AA  SLIIT\Y2S1\IT2011 AIML\My First AI Project\EfficientNetB3_Project\data\brain_tumor_mri\Training\meningioma_tumor\m3 (244).jpg,m3 (244).jpg,meningioma_tumor,Training,1,96ce5b2756df90d30963a0b3fe491274d477be2307253a4ac8c9cffb5f95c2f7
C:\Users\ransi\Documents\AA  SLIIT\Y2S1\IT2011 AIML\My First AI Project\EfficientNetB3_Project\data\brain_tumor_mri\Training\glioma_tumor\gg (118).jpg,gg (118).jpg,glioma_tumor,Training,0,eb43b38c7f6454dbd95cc4d5caec34ad9c89afa13ec2ce962443b46a85a5a820
C:\Users\ransi\Documents\AA  SLIIT\Y2S1\IT2011 AIML\My First AI Project\EfficientNetB3_Project\data\brain_tumor_mri\Testing\pituitary_tumor\image(73).jpg,image(73).jpg,pituitary_tumor,Testing,3,2040c161f3fc7f7e7202c8b6f6ab502fe7e6e8cceb10cd4a6a8d02fa2216f8e8
C:\Users\ransi\Documents\AA  SLIIT\Y2S1\IT2011 AIML\My First AI Project\EfficientNetB3_Project\data\brain_tumor_mri\Training\glioma_tumor\gg (716).jpg,gg (716).jpg,glioma_tumor,Training,0,2d693859ed345ffacbb7d4af5769859ffddbe644ac2911fd1d3a17cd43c2af0d
C:\Users\ransi\Documents\AA  SLIIT\Y2S1\IT2011 AIML\My First AI Project\EfficientNetB3_Project\data\brain_tumor_mri\Training\glioma_tumor\gg (99).jpg,gg (99).jpg,glioma_tumor,Training,0,6741478ab27526374bd0bef0a34031601e6ddc73069a73b6a6175592e59dbacc
C:\Users\ransi\Documents\AA  SLIIT\Y2S1\IT2011 AIML\My First AI Project\EfficientNetB3_Project\data\brain_tumor_mri\Testing\glioma_tumor\image(83).jpg,image(83).jpg,glioma_tumor,Testing,0,4564fc45762cd7ce0f3d87222c5030342e6b55dc2e7166a5155f24947345cb90
C:\Users\ransi\Documents\AA  SLIIT\Y2S1\IT2011 AIML\My First AI Project\EfficientNetB3_Project\data\brain_tumor_mri\Testing\meningioma_tumor\image(15).jpg,image(15).jpg,meningioma_tumor,Testing,1,065838e8c921af9cd741387fc62a1caf696e46c11fe15ac6ef95982cc9b74dee
C:\Users\ransi\Documents\AA  SLIIT\Y2S1\IT2011 AIML\My First AI Project\EfficientNetB3_Project\data\brain_tumor_mri\Training\no_tumor\image(262).jpg,image(262).jpg,no_tumor,Training,2,53765f8fc313f7684b0df4547a89e27ecae20ae66c60ee26318fc9f1a301de8d
C:\Users\ransi\Documents\AA  SLIIT\Y2S1\IT2011 AIML\My First AI Project\EfficientNetB3_Project\data\brain_tumor_mri\Training\meningioma_tumor\m1(74).jpg,m1(74).jpg,meningioma_tumor,Training,1,16976234ca11c0363dcb59caa3427e0539e418201627cef2860cef690a206c9d
C:\Users\ransi\Documents\AA  SLIIT\Y2S1\IT2011 AIML\My First AI Project\EfficientNetB3_Project\data\brain_tumor_mri\Testing\glioma_tumor\image(55).jpg,image(55).jpg,glioma_tumor,Testing,0,8854fba4d018533127553c10ffebacf8d730192cb6f07d957ea5d3fb48421eea
C:\Users\ransi\Documents\AA  SLIIT\Y2S1\IT2011 AIML\My First AI Project\EfficientNetB3_Project\data\brain_tumor_mri\Training\meningioma_tumor\m (74).jpg,m (74).jpg,meningioma_tumor,Training,1,29758f64ba84a4f20147ad114f2376b1cc38b0891a06e508a9d402acf226c9b8
C:\Users\ransi\Documents\AA  SLIIT\Y2S1\IT2011 AIML\My First AI Project\EfficientNetB3_Project\data\brain_tumor_mri\Training\glioma_tumor\gg (349).jpg,gg (349).jpg,glioma_tumor,Training,0,ea3a0749382bf10f4d8ac023e786e00d7b314e1c8dd49722c2607319fc4d9065
C:\Users\ransi\Documents\AA  SLIIT\Y2S1\IT2011 AIML\My First AI Project\EfficientNetB3_Project\data\brain_tumor_mri\Training\pituitary_tumor\p (617).jpg,p (617).jpg,pituitary_tumor,Training,3,5c82cb4942ffc799e697fa294c42a3f102a252c079648c61388d7a08a9282fa7
C:\Users\ransi\Documents\AA  SLIIT\Y2S1\IT2011 AIML\My First AI Project\EfficientNetB3_Project\data\brain_tumor_mri\Training\pituitary_tumor\p (29).jpg,p (29).jpg,pituitary_tumor,Training,3,c600ac973f16350d21eb0320df22be91c47fd047859b2bf4b63bef31e8bd92bd
C:\Users\ransi\Documents\AA  SLIIT\Y2S1\IT2011 AIML\My First AI Project\EfficientNetB3_Project\data\brain_tumor_mri\Testing\pituitary_tumor\image(51).jpg,image(51).jpg,pituitary_tumor,Testing,3,6c8c2a11f01b532a75a01f052e3f536e10bcdca633e77ef3001d8ed852e83ee7
C:\Users\ransi\Documents\AA  SLIIT\Y2S1\IT2011 AIML\My First AI Project\EfficientNetB3_Project\data\brain_tumor_mri\Training\pituitary_tumor\p (9).jpg,p (9).jpg,pituitary_tumor,Training,3,ad10cf3e409e39b3a6599d3c4fd771f06732a6ddae03a71e84b48bdcc2e2d358
C:\Users\ransi\Documents\AA  SLIIT\Y2S1\IT2011 AIML\My First AI Project\EfficientNetB3_Project\data\brain_tumor_mri\Training\pituitary_tumor\p (632).jpg,p (632).jpg,pituitary_tumor,Training,3,c5898d1c6a700de9bfa1bd82a802318501301bf59165d7fcad5818685713f0e8
C:\Users\ransi\Documents\AA  SLIIT\Y2S1\IT2011 AIML\My First AI Project\EfficientNetB3_Project\data\brain_tumor_mri\Training\pituitary_tumor\p (172).jpg,p (172).jpg,pituitary_tumor,Training,3,5534abc53fbac7fbffe4af8f436237c415f70bc3e5360117e7b2c90a0a253728
C:\Users\ransi\Documents\AA  SLIIT\Y2S1\IT2011 AIML\My First AI Project\EfficientNetB3_Project\data\brain_tumor_mri\Training\meningioma_tumor\m2 (167).jpg,m2 (167).jpg,meningioma_tumor,Training,1,312317fd7c7a57f56837abd4704e67bf1d0d724114f62586e63928937a165582
C:\Users\ransi\Documents\AA  SLIIT\Y2S1\IT2011 AIML\My First AI Project\EfficientNetB3_Project\data\brain_tumor_mri\Training\glioma_tumor\gg (622).jpg,gg (622).jpg,glioma_tumor,Training,0,19b033cf8e1f49b746d80ef3b0f753a801780116cfa1e4a39dddffdb4e27aae6
C:\Users\ransi\Documents\AA  SLIIT\Y2S1\IT2011 AIML\My First AI Project\EfficientNetB3_Project\data\brain_tumor_mri\Training\meningioma_tumor\m1(69).jpg,m1(69).jpg,meningioma_tumor,Training,1,6164089941ea497137647fa51082b4d8ea3cc2f7a12566d9c3efa34d5ddb95a1
C:\Users\ransi\Documents\AA  SLIIT\Y2S1\IT2011 AIML\My First AI Project\EfficientNetB3_Project\data\brain_tumor_mri\Testing\pituitary_tumor\image(68).jpg,image(68).jpg,pituitary_tumor,Testing,3,f764c8846c7fe11dce4e99b2bfa153347eb2976ae53857392f31f82b127b2270
C:\Users\ransi\Documents\AA  SLIIT\Y2S1\IT2011 AIML\My First AI Project\EfficientNetB3_Project\data\brain_tumor_mri\Training\glioma_tumor\gg (822).jpg,gg (822).jpg,glioma_tumor,Training,0,f653787d1845a429443fb097f9f274052d1e22b7dc51f62ebcecbefad7a0df0d
C:\Users\ransi\Documents\AA  SLIIT\Y2S1\IT2011 AIML\My First AI Project\EfficientNetB3_Project\data\brain_tumor_mri\Testing\meningioma_tumor\image(54).jpg,image(54).jpg,meningioma_tumor,Testing,1,da0737aaaf93cfdef149e05839b9e2bf5b6709a5f0dd712dda2cb31e7c8f9e46
C:\Users\ransi\Documents\AA  SLIIT\Y2S1\IT2011 AIML\My First AI Project\EfficientNetB3_Project\data\brain_tumor_mri\Training\meningioma_tumor\m3 (213).jpg,m3 (213).jpg,meningioma_tumor,Training,1,12c5d9de9a254a74b1bc257d185b3108003e3bfb25e22f17aad118488b935953
C:\Users\ransi\Documents\AA  SLIIT\Y2S1\IT2011 AIML\My First AI Project\EfficientNetB3_Project\data\brain_tumor_mri\Training\meningioma_tumor\m3 (136).jpg,m3 (136).jpg,meningioma_tumor,Training,1,ba7fa131ffa2c60ecc62014d7b1f7f4deccd1fe5a16abcb0862d73cf171857ce
C:\Users\ransi\Documents\AA  SLIIT\Y2S1\IT2011 AIML\My First AI Project\EfficientNetB3_Project\data\brain_tumor_mri\Training\no_tumor\image(143).jpg,image(143).jpg,no_tumor,Training,2,2ed15a662d8dcdf6077f3bf8bb4d21722e2a3b90ff2cf194db18b75933a4d322
C:\Users\ransi\Documents\AA  SLIIT\Y2S1\IT2011 AIML\My First AI Project\EfficientNetB3_Project\data\brain_tumor_mri\Testing\pituitary_tumor\image(41).jpg,image(41).jpg,pituitary_tumor,Testing,3,dc8ef910fb6a27abfe1862e83beeacb91864e160cd6919e5f0b2ebc039b865c4
C:\Users\ransi\Documents\AA  SLIIT\Y2S1\IT2011 AIML\My First AI Project\EfficientNetB3_Project\data\brain_tumor_mri\Training\no_tumor\image(287).jpg,image(287).jpg,no_tumor,Training,2,20b0c7de1c131e75deff54e8f0c51eef6c48116cdcbf7bb1f47fc7e4c7f07ab1
C:\Users\ransi\Documents\AA  SLIIT\Y2S1\IT2011 AIML\My First AI Project\EfficientNetB3_Project\data\brain_tumor_mri\Testing\no_tumor\image(95).jpg,image(95).jpg,no_tumor,Testing,2,b23fe6dad4ff5e7e0fe80d1d315399658298647951c5f5e148e8c0d6ff6e3b5e
C:\Users\ransi\Documents\AA  SLIIT\Y2S1\IT2011 AIML\My First AI Project\EfficientNetB3_Project\data\brain_tumor_mri\Training\meningioma_tumor\m3 (81).jpg,m3 (81).jpg,meningioma_tumor,Training,1,874f642dc295c0129a28e0e22f96fa27b26aca727276660feb998d75a343c6b4
C:\Users\ransi\Documents\AA  SLIIT\Y2S1\IT2011 AIML\My First AI Project\EfficientNetB3_Project\data\brain_tumor_mri\Testing\no_tumor\image(48).jpg,image(48).jpg,no_tumor,Testing,2,c3f2d52e1a996bea716774c0051492202d3bdf76fdb53f9ade2b5c6289a6cb36
C:\Users\ransi\Documents\AA  SLIIT\Y2S1\IT2011 AIML\My First AI Project\EfficientNetB3_Project\data\brain_tumor_mri\Training\no_tumor\image(71).jpg,image(71).jpg,no_tumor,Training,2,c50e621a36b08a9c2f28e239dc00b27ce321bd8ed715a48ced97515e965473d2
C:\Users\ransi\Documents\AA  SLIIT\Y2S1\IT2011 AIML\My First AI Project\EfficientNetB3_Project\data\brain_tumor_mri\Training\glioma_tumor\gg (273).jpg,gg (273).jpg,glioma_tumor,Training,0,5115c116aff5151fa1639bcd78651ec5d8f92773747400b119cf39eec77542d3
C:\Users\ransi\Documents\AA  SLIIT\Y2S1\IT2011 AIML\My First AI Project\EfficientNetB3_Project\data\brain_tumor_mri\Training\pituitary_tumor\p (185).jpg,p (185).jpg,pituitary_tumor,Training,3,013fb05dc794ae389ed805767e26a11def0bff389c0e569f868be6ac8fd0a90f
C:\Users\ransi\Documents\AA  SLIIT\Y2S1\IT2011 AIML\My First AI Project\EfficientNetB3_Project\data\brain_tumor_mri\Training\meningioma_tumor\m1(70).jpg,m1(70).jpg,meningioma_tumor,Training,1,e060cc6d2598883149005708851865495ae39de6ba2140724a03e36da6d12573
C:\Users\ransi\Documents\AA  SLIIT\Y2S1\IT2011 AIML\My First AI Project\EfficientNetB3_Project\data\brain_tumor_mri\Testing\no_tumor\image(9).jpg,image(9).jpg,no_tumor,Testing,2,a8d8bd68e37588a5be079ea92de410d9097988aea40552f6fd08ca44a7dd6c74
C:\Users\ransi\Documents\AA  SLIIT\Y2S1\IT2011 AIML\My First AI Project\EfficientNetB3_Project\data\brain_tumor_mri\Training\meningioma_tumor\m1(162).jpg,m1(162).jpg,meningioma_tumor,Training,1,8ae6b462e807908c4ee9ed56dfedef1c5e0151e543d820be29803cd56e4c38ba
C:\Users\ransi\Documents\AA  SLIIT\Y2S1\IT2011 AIML\My First AI Project\EfficientNetB3_Project\data\brain_tumor_mri\Training\pituitary_tumor\p (420).jpg,p (420).jpg,pituitary_tumor,Training,3,b66a6c1e11f627956b224a451cb4e4c5e0f291efb98de6587e4c2a459e71753b
C:\Users\ransi\Documents\AA  SLIIT\Y2S1\IT2011 AIML\My First AI Project\EfficientNetB3_Project\data\brain_tumor_mri\Training\pituitary_tumor\p (385).jpg,p (385).jpg,pituitary_tumor,Training,3,e7935292a097289221e523e0a29abaf126ba3f95888f958d284c2f20388f78cb
C:\Users\ransi\Documents\AA  SLIIT\Y2S1\IT2011 AIML\My First AI Project\EfficientNetB3_Project\data\brain_tumor_mri\Training\pituitary_tumor\p (752).jpg,p (752).jpg,pituitary_tumor,Training,3,690ed9d73b96706b833cfbb95e40543fe022c7579ab74693873e2c26766c5efb
C:\Users\ransi\Documents\AA  SLIIT\Y2S1\IT2011 AIML\My First AI Project\EfficientNetB3_Project\data\brain_tumor_mri\Training\glioma_tumor\gg (21).jpg,gg (21).jpg,glioma_tumor,Training,0,3db03edfd4fb1e157b099ddd1a3c28fb4ea984440a3f5f10c2ca8f0a1b56c16d
C:\Users\ransi\Documents\AA  SLIIT\Y2S1\IT2011 AIML\My First AI Project\EfficientNetB3_Project\data\brain_tumor_mri\Testing\no_tumor\image(12).jpg,image(12).jpg,no_tumor,Testing,2,f90baa21f7026f0f5c8595cb4c58a728618b80c679b18dbb42f4e77420262ac5
C:\Users\ransi\Documents\AA  SLIIT\Y2S1\IT2011 AIML\My First AI Project\EfficientNetB3_Project\data\brain_tumor_mri\Training\glioma_tumor\gg (385).jpg,gg (385).jpg,glioma_tumor,Training,0,60111a8e1498becb981ccda14b2ed1b97ed11e86752dce33ef376e6af0bd20d9
C:\Users\ransi\Documents\AA  SLIIT\Y2S1\IT2011 AIML\My First AI Project\EfficientNetB3_Project\data\brain_tumor_mri\Training\glioma_tumor\gg (214).jpg,gg (214).jpg,glioma_tumor,Training,0,5bae70efdfc86627ca934fb3a1a64850b17c6a0d44acd5b0964ab829525b923a
C:\Users\ransi\Documents\AA  SLIIT\Y2S1\IT2011 AIML\My First AI Project\EfficientNetB3_Project\data\brain_tumor_mri\Training\no_tumor\image(188).jpg,image(188).jpg,no_tumor,Training,2,1760da4ac516c8564bf06bc349176a1463dbb49f4de7b6d0b986ff015b96bd62
C:\Users\ransi\Documents\AA  SLIIT\Y2S1\IT2011 AIML\My First AI Project\EfficientNetB3_Project\data\brain_tumor_mri\Training\no_tumor\image(186).jpg,image(186).jpg,no_tumor,Training,2,2ad6ffff97ce8cbfd5d4785955ea16a6ccf7090eb67a8015e47cd8902571b827
C:\Users\ransi\Documents\AA  SLIIT\Y2S1\IT2011 AIML\My First AI Project\EfficientNetB3_Project\data\brain_tumor_mri\Training\pituitary_tumor\p (122).jpg,p (122).jpg,pituitary_tumor,Training,3,62fed2638ded6d0f1f9aecbaf71ed8800feadd41e00cb7f5b0630eaa398e0712
C:\Users\ransi\Documents\AA  SLIIT\Y2S1\IT2011 AIML\My First AI Project\EfficientNetB3_Project\data\brain_tumor_mri\Training\glioma_tumor\gg (762).jpg,gg (762).jpg,glioma_tumor,Training,0,d26ec4b155344b81697a2e3c09abb61d565af48304a866a7f5f70eaf3a3928ad
C:\Users\ransi\Documents\AA  SLIIT\Y2S1\IT2011 AIML\My First AI Project\EfficientNetB3_Project\data\brain_tumor_mri\Training\glioma_tumor\gg (806).jpg,gg (806).jpg,glioma_tumor,Training,0,981e8053797f14ae5a24515de334505ac43f40c210e7ee193c021293291373f0
C:\Users\ransi\Documents\AA  SLIIT\Y2S1\IT2011 AIML\My First AI Project\EfficientNetB3_Project\data\brain_tumor_mri\Training\pituitary_tumor\p (176).jpg,p (176).jpg,pituitary_tumor,Training,3,d927f8b4b691186b8070f2161d1c6dd13fbeadf51d2319689787308ff817c6e6
C:\Users\ransi\Documents\AA  SLIIT\Y2S1\IT2011 AIML\My First AI Project\EfficientNetB3_Project\data\brain_tumor_mri\Training\pituitary_tumor\p (65).jpg,p (65).jpg,pituitary_tumor,Training,3,e09c0efd7275fe6dcca7d375884a8a3bfdb440ccf7db0fe590457059f1daea1b
C:\Users\ransi\Documents\AA  SLIIT\Y2S1\IT2011 AIML\My First AI Project\EfficientNetB3_Project\data\brain_tumor_mri\Training\pituitary_tumor\p (751).jpg,p (751).jpg,pituitary_tumor,Training,3,690ed9d73b96706b833cfbb95e40543fe022c7579ab74693873e2c26766c5efb
C:\Users\ransi\Documents\AA  SLIIT\Y2S1\IT2011 AIML\My First AI Project\EfficientNetB3_Project\data\brain_tumor_mri\Training\glioma_tumor\gg (553).jpg,gg (553).jpg,glioma_tumor,Training,0,99823a94a0e5771885b4a351f4226646e05ac28dc26c1673d56f698fbecd0dbd
C:\Users\ransi\Documents\AA  SLIIT\Y2S1\IT2011 AIML\My First AI Project\EfficientNetB3_Project\data\brain_tumor_mri\Training\meningioma_tumor\m3 (131).jpg,m3 (131).jpg,meningioma_tumor,Training,1,d43433c6b5f1ea7da7d97f80b79d6f39b86bd3683f6b5febfd8f92fd18276cab
C:\Users\ransi\Documents\AA  SLIIT\Y2S1\IT2011 AIML\My First AI Project\EfficientNetB3_Project\data\brain_tumor_mri\Training\pituitary_tumor\p (813).jpg,p (813).jpg,pituitary_tumor,Training,3,bac63baaf058255ca0d9d4759838a5e0509199041f0077b085d4fcb9fe90b38e
C:\Users\ransi\Documents\AA  SLIIT\Y2S1\IT2011 AIML\My First AI Project\EfficientNetB3_Project\data\brain_tumor_mri\Training\pituitary_tumor\p (160).jpg,p (160).jpg,pituitary_tumor,Training,3,ee1f82ef6ec669fcf9acce1b77af8f7604a1880b15a3306e36f20d9d04e3ea31
C:\Users\ransi\Documents\AA  SLIIT\Y2S1\IT2011 AIML\My First AI Project\EfficientNetB3_Project\data\brain_tumor_mri\Training\pituitary_tumor\p (595).jpg,p (595).jpg,pituitary_tumor,Training,3,2215206c95fadc542497cc6e26ec8f8579f0aaa63d954a1319043adb49028634
C:\Users\ransi\Documents\AA  SLIIT\Y2S1\IT2011 AIML\My First AI Project\EfficientNetB3_Project\data\brain_tumor_mri\Testing\no_tumor\image(25).jpg,image(25).jpg,no_tumor,Testing,2,f2d9f0979df98ce2e4aab669d3c141ca02ebce9eb15775267bfd6d4eae2a7d7f
C:\Users\ransi\Documents\AA  SLIIT\Y2S1\IT2011 AIML\My First AI Project\EfficientNetB3_Project\data\brain_tumor_mri\Training\glioma_tumor\gg (606).jpg,gg (606).jpg,glioma_tumor,Training,0,0a596622e07a64da76755efb9cca9e3f0691787151044a70cd9c1a3a680736bc
C:\Users\ransi\Documents\AA  SLIIT\Y2S1\IT2011 AIML\My First AI Project\EfficientNetB3_Project\data\brain_tumor_mri\Testing\glioma_tumor\image(24).jpg,image(24).jpg,glioma_tumor,Testing,0,47ea3c97dfc5425a3d95305c48a794b7d3aafe82b4dba9f2db698d2840fa3bf2
C:\Users\ransi\Documents\AA  SLIIT\Y2S1\IT2011 AIML\My First AI Project\EfficientNetB3_Project\data\brain_tumor_mri\Training\no_tumor\image (16).jpg,image (16).jpg,no_tumor,Training,2,dc811fda9f7bc3506f21d4094da84c5e3a81d3878b28967b830536fda342a33e
C:\Users\ransi\Documents\AA  SLIIT\Y2S1\IT2011 AIML\My First AI Project\EfficientNetB3_Project\data\brain_tumor_mri\Training\pituitary_tumor\p (589).jpg,p (589).jpg,pituitary_tumor,Training,3,195d41d01120fdf1cb3b7af9d600c7da732c27bbb375c4361a76644a993b8ba9
C:\Users\ransi\Documents\AA  SLIIT\Y2S1\IT2011 AIML\My First AI Project\EfficientNetB3_Project\data\brain_tumor_mri\Training\meningioma_tumor\m1(166).jpg,m1(166).jpg,meningioma_tumor,Training,1,0fb56074c33854864a2e00a4ffff662efcff4cbdd2970cbcb29963d05a1c1ad7
C:\Users\ransi\Documents\AA  SLIIT\Y2S1\IT2011 AIML\My First AI Project\EfficientNetB3_Project\data\brain_tumor_mri\Testing\no_tumor\image(92).jpg,image(92).jpg,no_tumor,Testing,2,ad26946bf8b6ba5be922f24ab271337964fc35675fa4d0398719e33665337ece
C:\Users\ransi\Documents\AA  SLIIT\Y2S1\IT2011 AIML\My First AI Project\EfficientNetB3_Project\data\brain_tumor_mri\Training\glioma_tumor\gg (802).jpg,gg (802).jpg,glioma_tumor,Training,0,27d3c40b58e15d7feede36d9cedd485f10c0c22f5cfa32e412b2994f5cb98a19
C:\Users\ransi\Documents\AA  SLIIT\Y2S1\IT2011 AIML\My First AI Project\EfficientNetB3_Project\data\brain_tumor_mri\Testing\meningioma_tumor\image(49).jpg,image(49).jpg,meningioma_tumor,Testing,1,d04c10c4f3530ea0dc96002c117a18ed2252afe362b935aec1c673eec7fa0b4b
C:\Users\ransi\Documents\AA  SLIIT\Y2S1\IT2011 AIML\My First AI Project\EfficientNetB3_Project\data\brain_tumor_mri\Training\pituitary_tumor\p (277).jpg,p (277).jpg,pituitary_tumor,Training,3,20df36cfc35d068c7a5784f33355cf971f53de120f1d0f56f5e56990dac74c61
C:\Users\ransi\Documents\AA  SLIIT\Y2S1\IT2011 AIML\My First AI Project\EfficientNetB3_Project\data\brain_tumor_mri\Training\glioma_tumor\gg (395).jpg,gg (395).jpg,glioma_tumor,Training,0,174a5b544deed56cfb9de98aa1fdeb7f699cc814edbe5debfaaa1a4b56b001ea
C:\Users\ransi\Documents\AA  SLIIT\Y2S1\IT2011 AIML\My First AI Project\EfficientNetB3_Project\data\brain_tumor_mri\Training\pituitary_tumor\p (107).jpg,p (107).jpg,pituitary_tumor,Training,3,a4ed1a2e34f60bbc8deb53dfe8c789a6765fec3d70b9919c0f19c40b8709d783
C:\Users\ransi\Documents\AA  SLIIT\Y2S1\IT2011 AIML\My First AI Project\EfficientNetB3_Project\data\brain_tumor_mri\Training\no_tumor\image(181).jpg,image(181).jpg,no_tumor,Training,2,43c7fb765b0d878dca03cd26cb414b56a2e3280ce2510f3a84dac11003bbd0a0
C:\Users\ransi\Documents\AA  SLIIT\Y2S1\IT2011 AIML\My First AI Project\EfficientNetB3_Project\data\brain_tumor_mri\Training\pituitary_tumor\p (75).jpg,p (75).jpg,pituitary_tumor,Training,3,1ffc396a73047d5737df4c77752830b2ff2a6b83500db43953e031a5315d376e
C:\Users\ransi\Documents\AA  SLIIT\Y2S1\IT2011 AIML\My First AI Project\EfficientNetB3_Project\data\brain_tumor_mri\Training\pituitary_tumor\p (480).jpg,p (480).jpg,pituitary_tumor,Training,3,5747d697079b8100adaf72f45fcb9127e65de0177b4871ba32137e78dafea66b
C:\Users\ransi\Documents\AA  SLIIT\Y2S1\IT2011 AIML\My First AI Project\EfficientNetB3_Project\data\brain_tumor_mri\Training\pituitary_tumor\p (292).jpg,p (292).jpg,pituitary_tumor,Training,3,1946fe759b2ccaa5e476b6a50564a6ee8f2ed90909e7362d95d45c7f3aa3bed6
C:\Users\ransi\Documents\AA  SLIIT\Y2S1\IT2011 AIML\My First AI Project\EfficientNetB3_Project\data\brain_tumor_mri\Training\glioma_tumor\gg (823).jpg,gg (823).jpg,glioma_tumor,Training,0,98551100398ae40f50448fd85bf692eaf8954c95991a30fa43ca9e5f49bca19a
C:\Users\ransi\Documents\AA  SLIIT\Y2S1\IT2011 AIML\My First AI Project\EfficientNetB3_Project\data\brain_tumor_mri\Testing\meningioma_tumor\image(16).jpg,image(16).jpg,meningioma_tumor,Testing,1,790486755f0d3a02e2de284d3b28d5c238080836afad61cfbd60b8b8bf9820d8
C:\Users\ransi\Documents\AA  SLIIT\Y2S1\IT2011 AIML\My First AI Project\EfficientNetB3_Project\data\brain_tumor_mri\Testing\no_tumor\image(15).jpg,image(15).jpg,no_tumor,Testing,2,136e27954eca1b7b887f3700f412b2c531153938a0d721d1557a94c3362497c2
C:\Users\ransi\Documents\AA  SLIIT\Y2S1\IT2011 AIML\My First AI Project\EfficientNetB3_Project\data\brain_tumor_mri\Training\pituitary_tumor\p (47).jpg,p (47).jpg,pituitary_tumor,Training,3,2f66e9f714f6422e5f88362cd90bd2dbc922843c6c8a2d456a41153b633252eb
C:\Users\ransi\Documents\AA  SLIIT\Y2S1\IT2011 AIML\My First AI Project\EfficientNetB3_Project\data\brain_tumor_mri\Training\glioma_tumor\gg (643).jpg,gg (643).jpg,glioma_tumor,Training,0,8b91dc51412deb19558ad5c94d167614bf15f0339c6c801b0999e869b86c89be
C:\Users\ransi\Documents\AA  SLIIT\Y2S1\IT2011 AIML\My First AI Project\EfficientNetB3_Project\data\brain_tumor_mri\Training\pituitary_tumor\p (337).jpg,p (337).jpg,pituitary_tumor,Training,3,ed149475c7a9435e7b615565966a4ad952e1d3dc9cd4c950b930bc16e6111141
C:\Users\ransi\Documents\AA  SLIIT\Y2S1\IT2011 AIML\My First AI Project\EfficientNetB3_Project\data\brain_tumor_mri\Training\pituitary_tumor\p (217).jpg,p (217).jpg,pituitary_tumor,Training,3,5deebc6f15bd49c212271b69fd3cd083580b4225140e053d9db074abaa2e7529
C:\Users\ransi\Documents\AA  SLIIT\Y2S1\IT2011 AIML\My First AI Project\EfficientNetB3_Project\data\brain_tumor_mri\Training\glioma_tumor\gg (259).jpg,gg (259).jpg,glioma_tumor,Training,0,af7b25b9cc8b823696f22995732b3e3e6dcf1e020b9f69f98e02420d76402ecb
C:\Users\ransi\Documents\AA  SLIIT\Y2S1\IT2011 AIML\My First AI Project\EfficientNetB3_Project\data\brain_tumor_mri\Training\no_tumor\image(295).jpg,image(295).jpg,no_tumor,Training,2,b54132324f4c4684a54d7a0aeaa195e73ca027c410417ddc6bc3c303fa38aae0
C:\Users\ransi\Documents\AA  SLIIT\Y2S1\IT2011 AIML\My First AI Project\EfficientNetB3_Project\data\brain_tumor_mri\Training\pituitary_tumor\p (500).jpg,p (500).jpg,pituitary_tumor,Training,3,c1af54f2f9bdee2d2ecce4de81e56045b46c2bb70988dee44a73c4ea6331c846
C:\Users\ransi\Documents\AA  SLIIT\Y2S1\IT2011 AIML\My First AI Project\EfficientNetB3_Project\data\brain_tumor_mri\Training\no_tumor\image (62).jpg,image (62).jpg,no_tumor,Training,2,2f2b8e61cf480af3e41ad5cd553252ddff1774a1e17e25765c1c71582df89bb1
C:\Users\ransi\Documents\AA  SLIIT\Y2S1\IT2011 AIML\My First AI Project\EfficientNetB3_Project\data\brain_tumor_mri\Testing\pituitary_tumor\image(3).jpg,image(3).jpg,pituitary_tumor,Testing,3,f9d0258b9e93c970f46574f7f76ac449b80479c91603e7398690689bc63e73b8
C:\Users\ransi\Documents\AA  SLIIT\Y2S1\IT2011 AIML\My First AI Project\EfficientNetB3_Project\data\brain_tumor_mri\Training\meningioma_tumor\m (10).jpg,m (10).jpg,meningioma_tumor,Training,1,fce25282f9c298280721e6608db8dd49289984e7004b61c4dd142d442735ecce
C:\Users\ransi\Documents\AA  SLIIT\Y2S1\IT2011 AIML\My First AI Project\EfficientNetB3_Project\data\brain_tumor_mri\Training\pituitary_tumor\p (285).jpg,p (285).jpg,pituitary_tumor,Training,3,9d38c41cd3a4cc9f80907a1ce7335efb151b605cfe15b2ce31ec47da7a6cf6eb
C:\Users\ransi\Documents\AA  SLIIT\Y2S1\IT2011 AIML\My First AI Project\EfficientNetB3_Project\data\brain_tumor_mri\Training\glioma_tumor\gg (306).jpg,gg (306).jpg,glioma_tumor,Training,0,acb3b1d0521046e97e583bd2283c52bbcbd8e63e7ed51c21532ffd2f30a6d968
C:\Users\ransi\Documents\AA  SLIIT\Y2S1\IT2011 AIML\My First AI Project\EfficientNetB3_Project\data\brain_tumor_mri\Training\meningioma_tumor\m3 (123).jpg,m3 (123).jpg,meningioma_tumor,Training,1,a97e2b6ada84e226d7546ddf8706c52e8fb18c504446c0a8329aec8274aa5210
C:\Users\ransi\Documents\AA  SLIIT\Y2S1\IT2011 AIML\My First AI Project\EfficientNetB3_Project\data\brain_tumor_mri\Training\glioma_tumor\gg (784).jpg,gg (784).jpg,glioma_tumor,Training,0,f8ca81d89b96ca869e5a91c62d4aeab006e93958e5d3db8d086fb73d97d2e92b
C:\Users\ransi\Documents\AA  SLIIT\Y2S1\IT2011 AIML\My First AI Project\EfficientNetB3_Project\data\brain_tumor_mri\Training\pituitary_tumor\p (743).jpg,p (743).jpg,pituitary_tumor,Training,3,688becb1a46d9eccf3ec8c54c10bc2fb060c8da0968b1c6645de3b94c667fa2c
C:\Users\ransi\Documents\AA  SLIIT\Y2S1\IT2011 AIML\My First AI Project\EfficientNetB3_Project\data\brain_tumor_mri\Training\pituitary_tumor\p (433).jpg,p (433).jpg,pituitary_tumor,Training,3,411395c3c10c89ade0e4fe34a0debffb7c4d9f2ddf95396a9df60392dea546e5
C:\Users\ransi\Documents\AA  SLIIT\Y2S1\IT2011 AIML\My First AI Project\EfficientNetB3_Project\data\brain_tumor_mri\Training\glioma_tumor\gg (318).jpg,gg (318).jpg,glioma_tumor,Training,0,7f5277bf6bafa1f212d7e54124babd98b5f76492b0b186ad34b4d81c67aea18f
C:\Users\ransi\Documents\AA  SLIIT\Y2S1\IT2011 AIML\My First AI Project\EfficientNetB3_Project\data\brain_tumor_mri\Testing\glioma_tumor\image(50).jpg,image(50).jpg,glioma_tumor,Testing,0,8854fba4d018533127553c10ffebacf8d730192cb6f07d957ea5d3fb48421eea
C:\Users\ransi\Documents\AA  SLIIT\Y2S1\IT2011 AIML\My First AI Project\EfficientNetB3_Project\data\brain_tumor_mri\Training\glioma_tumor\gg (43).jpg,gg (43).jpg,glioma_tumor,Training,0,46f11942a37ebe8e630a346abe50aa0533a94fa23db40e07db6761dc157f46d6
C:\Users\ransi\Documents\AA  SLIIT\Y2S1\IT2011 AIML\My First AI Project\EfficientNetB3_Project\data\brain_tumor_mri\Training\meningioma_tumor\m (41).jpg,m (41).jpg,meningioma_tumor,Training,1,fdba6080bfdf2cc6f417d755d985bb99664856426a4b310cb88daa0ed74bf39f
C:\Users\ransi\Documents\AA  SLIIT\Y2S1\IT2011 AIML\My First AI Project\EfficientNetB3_Project\data\brain_tumor_mri\Training\glioma_tumor\gg (548).jpg,gg (548).jpg,glioma_tumor,Training,0,fc4eb2e160feadca9e7b0cd2acbd38592226cb66c24bcdc59e4b5ded010f49b0
C:\Users\ransi\Documents\AA  SLIIT\Y2S1\IT2011 AIML\My First AI Project\EfficientNetB3_Project\data\brain_tumor_mri\Training\glioma_tumor\gg (234).jpg,gg (234).jpg,glioma_tumor,Training,0,bd1e98f2f6ba68c1c380c1a5d95feb3052ea96f5d5d589e69d56a393b5aa06cd
C:\Users\ransi\Documents\AA  SLIIT\Y2S1\IT2011 AIML\My First AI Project\EfficientNetB3_Project\data\brain_tumor_mri\Training\glioma_tumor\gg (324).jpg,gg (324).jpg,glioma_tumor,Training,0,5e4bf9549dd0b305f5475030d80d4263f383cb1f852f8a2d4f9352e35bb9a9ce
C:\Users\ransi\Documents\AA  SLIIT\Y2S1\IT2011 AIML\My First AI Project\EfficientNetB3_Project\data\brain_tumor_mri\Training\meningioma_tumor\m1(119).jpg,m1(119).jpg,meningioma_tumor,Training,1,df3b60233bc68318448f9d2cc3ca4cfffe663807569eae0dc839e3a97d262117
C:\Users\ransi\Documents\AA  SLIIT\Y2S1\IT2011 AIML\My First AI Project\EfficientNetB3_Project\data\brain_tumor_mri\Testing\glioma_tumor\image(18).jpg,image(18).jpg,glioma_tumor,Testing,0,d5df0c8f28d04f30720ccdd77140962d0efcd2a0318cd98586087e8c1ca6b94e
C:\Users\ransi\Documents\AA  SLIIT\Y2S1\IT2011 AIML\My First AI Project\EfficientNetB3_Project\data\brain_tumor_mri\Training\no_tumor\image(182).jpg,image(182).jpg,no_tumor,Training,2,db13da94073aaa03960e97acb4ab41019e4be57c88c8b708e66791696f4bc4b9
C:\Users\ransi\Documents\AA  SLIIT\Y2S1\IT2011 AIML\My First AI Project\EfficientNetB3_Project\data\brain_tumor_mri\Training\pituitary_tumor\p (216).jpg,p (216).jpg,pituitary_tumor,Training,3,c5cc791e3c34a75c7dd5294057cf972d118738c34c02d55009ebba3e9437c82a
C:\Users\ransi\Documents\AA  SLIIT\Y2S1\IT2011 AIML\My First AI Project\EfficientNetB3_Project\data\brain_tumor_mri\Training\pituitary_tumor\p (175).jpg,p (175).jpg,pituitary_tumor,Training,3,2d59841b61f3795785f46860ab4d79c697efb911f259f1ad7ad84d4659799b42
C:\Users\ransi\Documents\AA  SLIIT\Y2S1\IT2011 AIML\My First AI Project\EfficientNetB3_Project\data\brain_tumor_mri\Training\pituitary_tumor\p (19).jpg,p (19).jpg,pituitary_tumor,Training,3,f30ed5f606402b91e4e5ec4fdbc0ab825cb494a48bcaaee4451f0dd1d09dacdb
C:\Users\ransi\Documents\AA  SLIIT\Y2S1\IT2011 AIML\My First AI Project\EfficientNetB3_Project\data\brain_tumor_mri\Testing\no_tumor\image(88).jpg,image(88).jpg,no_tumor,Testing,2,77d1374baf9988fd4f9272886783a65820b3afbbbaa773777ed01a4b04ff9d80
C:\Users\ransi\Documents\AA  SLIIT\Y2S1\IT2011 AIML\My First AI Project\EfficientNetB3_Project\data\brain_tumor_mri\Training\meningioma_tumor\m3 (130).jpg,m3 (130).jpg,meningioma_tumor,Training,1,d2e22fc6c997bbd6cc6317118f8fed20ef3597936e027c2974d14d77701a062e
C:\Users\ransi\Documents\AA  SLIIT\Y2S1\IT2011 AIML\My First AI Project\EfficientNetB3_Project\data\brain_tumor_mri\Training\pituitary_tumor\p (139).jpg,p (139).jpg,pituitary_tumor,Training,3,ee78940b5ae5d8ca3af0fa6dd1bc77b1e522373cdf266c44201bb39fe4a91260
C:\Users\ransi\Documents\AA  SLIIT\Y2S1\IT2011 AIML\My First AI Project\EfficientNetB3_Project\data\brain_tumor_mri\Testing\meningioma_tumor\image(65).jpg,image(65).jpg,meningioma_tumor,Testing,1,d50fe37de5cb0b6f97374864487a719fcaaca4e9ede3ef711b623314d64cdbc9
C:\Users\ransi\Documents\AA  SLIIT\Y2S1\IT2011 AIML\My First AI Project\EfficientNetB3_Project\data\brain_tumor_mri\Training\pituitary_tumor\p (245).jpg,p (245).jpg,pituitary_tumor,Training,3,794624ac5739eb6e1101fb344278641978b97280e159f6fb6610d4a7105d8175
C:\Users\ransi\Documents\AA  SLIIT\Y2S1\IT2011 AIML\My First AI Project\EfficientNetB3_Project\data\brain_tumor_mri\Training\meningioma_tumor\m1(139).jpg,m1(139).jpg,meningioma_tumor,Training,1,df42fa96f4e750ec67b95889f912770e0408328899912b9497691c99e3fb63c3
C:\Users\ransi\Documents\AA  SLIIT\Y2S1\IT2011 AIML\My First AI Project\EfficientNetB3_Project\data\brain_tumor_mri\Training\no_tumor\image(57).jpg,image(57).jpg,no_tumor,Training,2,cae1e3ac8a29d55a9f7c0638c1d26be1d91a18c26715459dfcfa56a26317c11b
C:\Users\ransi\Documents\AA  SLIIT\Y2S1\IT2011 AIML\My First AI Project\EfficientNetB3_Project\data\brain_tumor_mri\Training\pituitary_tumor\p (825).jpg,p (825).jpg,pituitary_tumor,Training,3,08690b76457b2b44d58682cece62ec951ef6d30d935ce07df852e97d44434680
C:\Users\ransi\Documents\AA  SLIIT\Y2S1\IT2011 AIML\My First AI Project\EfficientNetB3_Project\data\brain_tumor_mri\Training\glioma_tumor\gg (824).jpg,gg (824).jpg,glioma_tumor,Training,0,94c81cb1c8d9f11e8602ecfbf769a4ac73c858c78be21a7c534ea45ea178fa16
C:\Users\ransi\Documents\AA  SLIIT\Y2S1\IT2011 AIML\My First AI Project\EfficientNetB3_Project\data\brain_tumor_mri\Training\glioma_tumor\gg (10).jpg,gg (10).jpg,glioma_tumor,Training,0,f2fd35082f011d3c5c329446eb73aa142fcb4fc34b97527fefb3cff08f4c9a03
C:\Users\ransi\Documents\AA  SLIIT\Y2S1\IT2011 AIML\My First AI Project\EfficientNetB3_Project\data\brain_tumor_mri\Training\pituitary_tumor\p (711).jpg,p (711).jpg,pituitary_tumor,Training,3,01b8c3e1318e688ffb4aa4d83b3ff6aebfffb0b85a00d30589cf8eff2903705f
C:\Users\ransi\Documents\AA  SLIIT\Y2S1\IT2011 AIML\My First AI Project\EfficientNetB3_Project\data\brain_tumor_mri\Training\meningioma_tumor\m (144).jpg,m (144).jpg,meningioma_tumor,Training,1,ebcca0c3a7dd3935f45dc34e343f032138cf90b8b1d0ea72f078e6689203d2dc
C:\Users\ransi\Documents\AA  SLIIT\Y2S1\IT2011 AIML\My First AI Project\EfficientNetB3_Project\data\brain_tumor_mri\Training\pituitary_tumor\p (109).jpg,p (109).jpg,pituitary_tumor,Training,3,3527efa9cede765cf98fd0b1978b48b39738bf199d4eb9b7055b03ccc9419a41
C:\Users\ransi\Documents\AA  SLIIT\Y2S1\IT2011 AIML\My First AI Project\EfficientNetB3_Project\data\brain_tumor_mri\Training\meningioma_tumor\m3 (73).jpg,m3 (73).jpg,meningioma_tumor,Training,1,762cac805dcba3d0e9aeca30743a8b8cf4a423204eac58e19c5b9be02a699a03
C:\Users\ransi\Documents\AA  SLIIT\Y2S1\IT2011 AIML\My First AI Project\EfficientNetB3_Project\data\brain_tumor_mri\Testing\no_tumor\image(36).jpg,image(36).jpg,no_tumor,Testing,2,08c04f3659f54e170fe84f98a8ed10a235809251d6ba7c5372f08c90421ce51e
C:\Users\ransi\Documents\AA  SLIIT\Y2S1\IT2011 AIML\My First AI Project\EfficientNetB3_Project\data\brain_tumor_mri\Training\no_tumor\image(280).jpg,image(280).jpg,no_tumor,Training,2,30158c95efde792422007066f9e8662662e167f8817e2707ef9989d6c5580c68
C:\Users\ransi\Documents\AA  SLIIT\Y2S1\IT2011 AIML\My First AI Project\EfficientNetB3_Project\data\brain_tumor_mri\Training\pituitary_tumor\p (351).jpg,p (351).jpg,pituitary_tumor,Training,3,6c8faf8ddb7eb55c5228605110f32660552f95cf8fe7e8704043d502075e328b
C:\Users\ransi\Documents\AA  SLIIT\Y2S1\IT2011 AIML\My First AI Project\EfficientNetB3_Project\data\brain_tumor_mri\Training\meningioma_tumor\m3 (111).jpg,m3 (111).jpg,meningioma_tumor,Training,1,82ec8758774083bbbd92e5bf66e88ca04187a48ecc91a5b9f826640648da6d5f
C:\Users\ransi\Documents\AA  SLIIT\Y2S1\IT2011 AIML\My First AI Project\EfficientNetB3_Project\data\brain_tumor_mri\Testing\no_tumor\image(75).jpg,image(75).jpg,no_tumor,Testing,2,c3f2d52e1a996bea716774c0051492202d3bdf76fdb53f9ade2b5c6289a6cb36
C:\Users\ransi\Documents\AA  SLIIT\Y2S1\IT2011 AIML\My First AI Project\EfficientNetB3_Project\data\brain_tumor_mri\Training\pituitary_tumor\p (103).jpg,p (103).jpg,pituitary_tumor,Training,3,670e83f9182cfe0c097002322ff42cccda0fe426b6ab93487746f7f23aabcb84
C:\Users\ransi\Documents\AA  SLIIT\Y2S1\IT2011 AIML\My First AI Project\EfficientNetB3_Project\data\brain_tumor_mri\Training\pituitary_tumor\p (514).jpg,p (514).jpg,pituitary_tumor,Training,3,bdbe95f9ec6b7a87890ac7d288932d2f4fb7c522bb876009ec57023a8a36510b
C:\Users\ransi\Documents\AA  SLIIT\Y2S1\IT2011 AIML\My First AI Project\EfficientNetB3_Project\data\brain_tumor_mri\Training\meningioma_tumor\m (103).jpg,m (103).jpg,meningioma_tumor,Training,1,b8fe087d42213a376e5d66851d63af3248876dad442cde1eb810705d8487bc4f
C:\Users\ransi\Documents\AA  SLIIT\Y2S1\IT2011 AIML\My First AI Project\EfficientNetB3_Project\data\brain_tumor_mri\Training\meningioma_tumor\m (124).jpg,m (124).jpg,meningioma_tumor,Training,1,f150486b35fdda2e5bb8e06d87dc90e638118ffd4ad480d87fb06030cc28c0e3
C:\Users\ransi\Documents\AA  SLIIT\Y2S1\IT2011 AIML\My First AI Project\EfficientNetB3_Project\data\brain_tumor_mri\Training\meningioma_tumor\m3 (38).jpg,m3 (38).jpg,meningioma_tumor,Training,1,24246ccaeba07f6239922a81833d6483128eb053b05e812b36534361bda8219e
C:\Users\ransi\Documents\AA  SLIIT\Y2S1\IT2011 AIML\My First AI Project\EfficientNetB3_Project\data\brain_tumor_mri\Training\glioma_tumor\gg (457).jpg,gg (457).jpg,glioma_tumor,Training,0,5f17203ad48638f8cf7634e6cb38f72032c63086008503cc3136968277399cc5
C:\Users\ransi\Documents\AA  SLIIT\Y2S1\IT2011 AIML\My First AI Project\EfficientNetB3_Project\data\brain_tumor_mri\Training\glioma_tumor\gg (88).jpg,gg (88).jpg,glioma_tumor,Training,0,1691c3f99f6cee704a4c755f0c9fe6bbb104722c6ca189d6397dd5cea3e73003
C:\Users\ransi\Documents\AA  SLIIT\Y2S1\IT2011 AIML\My First AI Project\EfficientNetB3_Project\data\brain_tumor_mri\Training\no_tumor\image(174).jpg,image(174).jpg,no_tumor,Training,2,64eee5cd2516c265ea888fc3d784e97daed289385a487567e66b2aabacf50555
C:\Users\ransi\Documents\AA  SLIIT\Y2S1\IT2011 AIML\My First AI Project\EfficientNetB3_Project\data\brain_tumor_mri\Training\no_tumor\image(23).jpg,image(23).jpg,no_tumor,Training,2,c3f2d52e1a996bea716774c0051492202d3bdf76fdb53f9ade2b5c6289a6cb36
C:\Users\ransi\Documents\AA  SLIIT\Y2S1\IT2011 AIML\My First AI Project\EfficientNetB3_Project\data\brain_tumor_mri\Training\meningioma_tumor\m (16).jpg,m (16).jpg,meningioma_tumor,Training,1,4392621e100ef2a98711920785c0304663317ff6d964a14c3a41b2b5f2d3318b
C:\Users\ransi\Documents\AA  SLIIT\Y2S1\IT2011 AIML\My First AI Project\EfficientNetB3_Project\data\brain_tumor_mri\Training\meningioma_tumor\m3 (65).jpg,m3 (65).jpg,meningioma_tumor,Training,1,f26cb4f15d3f8718191cd21494b8898003fd73085ed56950e5d333c5f94f0593
C:\Users\ransi\Documents\AA  SLIIT\Y2S1\IT2011 AIML\My First AI Project\EfficientNetB3_Project\data\brain_tumor_mri\Training\pituitary_tumor\p (254).jpg,p (254).jpg,pituitary_tumor,Training,3,1dbe4efa3047cd8f8eb027ed7f13e58eaa5a74a326ffd1102a4c235bd7182f7f
C:\Users\ransi\Documents\AA  SLIIT\Y2S1\IT2011 AIML\My First AI Project\EfficientNetB3_Project\data\brain_tumor_mri\Training\meningioma_tumor\m1(87).jpg,m1(87).jpg,meningioma_tumor,Training,1,16e985c90f1f3b171aa91240c5c71ec8e3b1ca4f0108e850386d2a2df0d063c1
C:\Users\ransi\Documents\AA  SLIIT\Y2S1\IT2011 AIML\My First AI Project\EfficientNetB3_Project\data\brain_tumor_mri\Training\meningioma_tumor\m3 (87).jpg,m3 (87).jpg,meningioma_tumor,Training,1,1418973a383bcaebed3dab23603bd594d6b52015a1155085a5f1db122a3ad445
C:\Users\ransi\Documents\AA  SLIIT\Y2S1\IT2011 AIML\My First AI Project\EfficientNetB3_Project\data\brain_tumor_mri\Training\no_tumor\image(129).jpg,image(129).jpg,no_tumor,Training,2,00ed3998e680242ef46c6bc7fd99ea34568ddc07278e17da69f2e64a81f81022
C:\Users\ransi\Documents\AA  SLIIT\Y2S1\IT2011 AIML\My First AI Project\EfficientNetB3_Project\data\brain_tumor_mri\Training\no_tumor\image(136).jpg,image(136).jpg,no_tumor,Training,2,45f94977b8dcdda3912f51dd1f12e6d58ad625545d37ce1771ac3b3fdd155c81
C:\Users\ransi\Documents\AA  SLIIT\Y2S1\IT2011 AIML\My First AI Project\EfficientNetB3_Project\data\brain_tumor_mri\Training\pituitary_tumor\p (795).jpg,p (795).jpg,pituitary_tumor,Training,3,03bf6187fa392665517d8aa2f50eccc5e487abc2e1fd7eba4d9366a645d7a804
C:\Users\ransi\Documents\AA  SLIIT\Y2S1\IT2011 AIML\My First AI Project\EfficientNetB3_Project\data\brain_tumor_mri\Training\no_tumor\image(25).jpg,image(25).jpg,no_tumor,Training,2,733e77e4b6da2d851bddbf9cf2768c02db39d5fa0f7be61fdbcb9d1e044abb76
C:\Users\ransi\Documents\AA  SLIIT\Y2S1\IT2011 AIML\My First AI Project\EfficientNetB3_Project\data\brain_tumor_mri\Training\pituitary_tumor\p (574).jpg,p (574).jpg,pituitary_tumor,Training,3,53cf25a2e4879eab804e2fa56f1ad22f8d5c8082c5729ad027eb734bb854c986
C:\Users\ransi\Documents\AA  SLIIT\Y2S1\IT2011 AIML\My First AI Project\EfficientNetB3_Project\data\brain_tumor_mri\Training\no_tumor\image(289).jpg,image(289).jpg,no_tumor,Training,2,c715d389f6f52d451d66f141f87fb421f675e159129ada956a1e3ca54a231915
C:\Users\ransi\Documents\AA  SLIIT\Y2S1\IT2011 AIML\My First AI Project\EfficientNetB3_Project\data\brain_tumor_mri\Training\pituitary_tumor\p (140).jpg,p (140).jpg,pituitary_tumor,Training,3,c27c953b150b8cfa6c2820bac42a13a5d1b5b6420409973ba07a18542429afd5
C:\Users\ransi\Documents\AA  SLIIT\Y2S1\IT2011 AIML\My First AI Project\EfficientNetB3_Project\data\brain_tumor_mri\Training\no_tumor\image (45).jpg,image (45).jpg,no_tumor,Training,2,848319fa803a07c09363808d245bba2de5e74d769cf46770d39d357a3dad6b0b
C:\Users\ransi\Documents\AA  SLIIT\Y2S1\IT2011 AIML\My First AI Project\EfficientNetB3_Project\data\brain_tumor_mri\Testing\no_tumor\image(98).jpg,image(98).jpg,no_tumor,Testing,2,c515996f4519dbd88019480d9e6442c71bc2513a7e2cb35a776b56af27b1021a
C:\Users\ransi\Documents\AA  SLIIT\Y2S1\IT2011 AIML\My First AI Project\EfficientNetB3_Project\data\brain_tumor_mri\Testing\pituitary_tumor\image(35).jpg,image(35).jpg,pituitary_tumor,Testing,3,6e4a32b7a73554a9a26b0e594f63d76920f7caeea52be19c323f8ad755d17f8b
C:\Users\ransi\Documents\AA  SLIIT\Y2S1\IT2011 AIML\My First AI Project\EfficientNetB3_Project\data\brain_tumor_mri\Training\pituitary_tumor\p (117).jpg,p (117).jpg,pituitary_tumor,Training,3,22bf65b401d7b758e57010661ff40da7a18a6342bf870f98bbfa877af3f5d023
C:\Users\ransi\Documents\AA  SLIIT\Y2S1\IT2011 AIML\My First AI Project\EfficientNetB3_Project\data\brain_tumor_mri\Training\meningioma_tumor\m2 (172).jpg,m2 (172).jpg,meningioma_tumor,Training,1,c8f09ea8e565a6eb31aae270c9d143a0a4763abd94d279622aa4a0d918552fa2
C:\Users\ransi\Documents\AA  SLIIT\Y2S1\IT2011 AIML\My First AI Project\EfficientNetB3_Project\data\brain_tumor_mri\Training\meningioma_tumor\m (72).jpg,m (72).jpg,meningioma_tumor,Training,1,ff7dfd036e3e8661030f4d65736a070f79054404c07b0a2a90a7074f5f0dc20c
C:\Users\ransi\Documents\AA  SLIIT\Y2S1\IT2011 AIML\My First AI Project\EfficientNetB3_Project\data\brain_tumor_mri\Training\no_tumor\image(65).jpg,image(65).jpg,no_tumor,Training,2,d9f0d5ef8784abb3ac7cadb3e31a9b1ef4879de8edb20a637d66c49f6c8eb60f
C:\Users\ransi\Documents\AA  SLIIT\Y2S1\IT2011 AIML\My First AI Project\EfficientNetB3_Project\data\brain_tumor_mri\Training\pituitary_tumor\p (311).jpg,p (311).jpg,pituitary_tumor,Training,3,6d6db7080f888869bb383d3012022bd0ed6fc01f8a2d45c4f083f60c07611523
C:\Users\ransi\Documents\AA  SLIIT\Y2S1\IT2011 AIML\My First AI Project\EfficientNetB3_Project\data\brain_tumor_mri\Training\pituitary_tumor\p (204).jpg,p (204).jpg,pituitary_tumor,Training,3,a7f1feac8a82c7da74d07afa3a66ad0fb595a8ab9c73195ea77dc1870a9b1028
C:\Users\ransi\Documents\AA  SLIIT\Y2S1\IT2011 AIML\My First AI Project\EfficientNetB3_Project\data\brain_tumor_mri\Training\meningioma_tumor\m3 (173).jpg,m3 (173).jpg,meningioma_tumor,Training,1,31abce6bc997d6d4217b4bede63e7fe7c9978c747cc1533caacf88c916dc4086
C:\Users\ransi\Documents\AA  SLIIT\Y2S1\IT2011 AIML\My First AI Project\EfficientNetB3_Project\data\brain_tumor_mri\Training\meningioma_tumor\m2 (2).jpg,m2 (2).jpg,meningioma_tumor,Training,1,94a828587922f6dc144e5afad56ea5976205805fb08b84cf66fc109180ca597b
C:\Users\ransi\Documents\AA  SLIIT\Y2S1\IT2011 AIML\My First AI Project\EfficientNetB3_Project\data\brain_tumor_mri\Training\glioma_tumor\gg (710).jpg,gg (710).jpg,glioma_tumor,Training,0,a80c00f3ff65a851c5ba19f16f645e31d3aeaf767f01f3d0851355578adcfef5
C:\Users\ransi\Documents\AA  SLIIT\Y2S1\IT2011 AIML\My First AI Project\EfficientNetB3_Project\data\brain_tumor_mri\Training\pituitary_tumor\p (155).jpg,p (155).jpg,pituitary_tumor,Training,3,9f63b6d6aa94de3d04b05a653bbe58a851edce2f20592baf5009e2501275b089
C:\Users\ransi\Documents\AA  SLIIT\Y2S1\IT2011 AIML\My First AI Project\EfficientNetB3_Project\data\brain_tumor_mri\Testing\no_tumor\image(67).jpg,image(67).jpg,no_tumor,Testing,2,136e27954eca1b7b887f3700f412b2c531153938a0d721d1557a94c3362497c2
C:\Users\ransi\Documents\AA  SLIIT\Y2S1\IT2011 AIML\My First AI Project\EfficientNetB3_Project\data\brain_tumor_mri\Training\pituitary_tumor\p (243).jpg,p (243).jpg,pituitary_tumor,Training,3,6c374ab41105e5927d08e15103c8c27416f8e7d03c15c03d104ace5b310bd0ed
C:\Users\ransi\Documents\AA  SLIIT\Y2S1\IT2011 AIML\My First AI Project\EfficientNetB3_Project\data\brain_tumor_mri\Training\pituitary_tumor\p (424).jpg,p (424).jpg,pituitary_tumor,Training,3,7fa220a1897c05831b474a73ce2a2c1f54f1b3636a09f74c6f6dba49a42e4a42
C:\Users\ransi\Documents\AA  SLIIT\Y2S1\IT2011 AIML\My First AI Project\EfficientNetB3_Project\data\brain_tumor_mri\Training\glioma_tumor\gg (206).jpg,gg (206).jpg,glioma_tumor,Training,0,0ec40c7c391fbd735862967769098ad6b0020ed0d1effd2fb3c163c18f1e7d59
C:\Users\ransi\Documents\AA  SLIIT\Y2S1\IT2011 AIML\My First AI Project\EfficientNetB3_Project\data\brain_tumor_mri\Training\meningioma_tumor\m2 (141).jpg,m2 (141).jpg,meningioma_tumor,Training,1,22fb98f697d09c353349e62d35ea9b8ae94b62252818d709024540eaf1d3e098
C:\Users\ransi\Documents\AA  SLIIT\Y2S1\IT2011 AIML\My First AI Project\EfficientNetB3_Project\data\brain_tumor_mri\Training\glioma_tumor\gg (737).jpg,gg (737).jpg,glioma_tumor,Training,0,6fa70414d35ea183e1b0fb7cf43496b489352b94bc3868079dc173e4a46a5b97
C:\Users\ransi\Documents\AA  SLIIT\Y2S1\IT2011 AIML\My First AI Project\EfficientNetB3_Project\data\brain_tumor_mri\Training\meningioma_tumor\m1(149).jpg,m1(149).jpg,meningioma_tumor,Training,1,09efecdd6ab7be71c5bce1f0b9d293ca126d1b49c5f1c7c6baff17a65fbbf8c9
C:\Users\ransi\Documents\AA  SLIIT\Y2S1\IT2011 AIML\My First AI Project\EfficientNetB3_Project\data\brain_tumor_mri\Training\no_tumor\image(236).jpg,image(236).jpg,no_tumor,Training,2,537e7ad0a496f23042626741b362e936fc711da2aa25d4c5ce628d03bf4109cb
C:\Users\ransi\Documents\AA  SLIIT\Y2S1\IT2011 AIML\My First AI Project\EfficientNetB3_Project\data\brain_tumor_mri\Training\pituitary_tumor\p (382).jpg,p (382).jpg,pituitary_tumor,Training,3,eb975fe37c2b670c57923f1195cbc5d678049ae20aec37cad252e5aa87ea40de
C:\Users\ransi\Documents\AA  SLIIT\Y2S1\IT2011 AIML\My First AI Project\EfficientNetB3_Project\data\brain_tumor_mri\Training\meningioma_tumor\m2 (16).jpg,m2 (16).jpg,meningioma_tumor,Training,1,5e6c5de3049d89a70d1d32820d809c2b0cd1fc55212937b3b538523fc3e675fc
C:\Users\ransi\Documents\AA  SLIIT\Y2S1\IT2011 AIML\My First AI Project\EfficientNetB3_Project\data\brain_tumor_mri\Training\glioma_tumor\gg (329).jpg,gg (329).jpg,glioma_tumor,Training,0,bbd428c8e0554cbe56fa4b63990f58b44dfb7c32cf2e40cee4ef11739ff2405e
C:\Users\ransi\Documents\AA  SLIIT\Y2S1\IT2011 AIML\My First AI Project\EfficientNetB3_Project\data\brain_tumor_mri\Training\glioma_tumor\gg (540).jpg,gg (540).jpg,glioma_tumor,Training,0,4cae8930ca77fa9bc8022083cf6a27572668cc3256696218b7ab7696859eb1bc
C:\Users\ransi\Documents\AA  SLIIT\Y2S1\IT2011 AIML\My First AI Project\EfficientNetB3_Project\data\brain_tumor_mri\Training\meningioma_tumor\m1(156).jpg,m1(156).jpg,meningioma_tumor,Training,1,b6004e9d2015cbe1793941034ee633464ae0b57b9d91f01fdd1581640330a86d
C:\Users\ransi\Documents\AA  SLIIT\Y2S1\IT2011 AIML\My First AI Project\EfficientNetB3_Project\data\brain_tumor_mri\Training\glioma_tumor\gg (545).jpg,gg (545).jpg,glioma_tumor,Training,0,216b65a45d7effb4ebce1c9893f97d12449c9da777f81859f752513d2a0f9c61
C:\Users\ransi\Documents\AA  SLIIT\Y2S1\IT2011 AIML\My First AI Project\EfficientNetB3_Project\data\brain_tumor_mri\Testing\no_tumor\image(6).jpg,image(6).jpg,no_tumor,Testing,2,a3162569f0104e89e3950050d1d2f605cfe6bcf7c646f4bd596cb709d8b372c8
C:\Users\ransi\Documents\AA  SLIIT\Y2S1\IT2011 AIML\My First AI Project\EfficientNetB3_Project\data\brain_tumor_mri\Training\meningioma_tumor\m2 (149).jpg,m2 (149).jpg,meningioma_tumor,Training,1,a51333fd02577a4381cf1d0fd80c3f32139f26bcae1cbbdb920a44ae1d5dd9cf
C:\Users\ransi\Documents\AA  SLIIT\Y2S1\IT2011 AIML\My First AI Project\EfficientNetB3_Project\data\brain_tumor_mri\Training\no_tumor\image(238).jpg,image(238).jpg,no_tumor,Training,2,5b32b70fee5498a7e242f40fd975486691a248ef53c7657ac4c5831133ade0fb
C:\Users\ransi\Documents\AA  SLIIT\Y2S1\IT2011 AIML\My First AI Project\EfficientNetB3_Project\data\brain_tumor_mri\Training\meningioma_tumor\m1(75).jpg,m1(75).jpg,meningioma_tumor,Training,1,1c357c970bb419335870b61b84363ecb155cd431444058ba4895674ed76866be
C:\Users\ransi\Documents\AA  SLIIT\Y2S1\IT2011 AIML\My First AI Project\EfficientNetB3_Project\data\brain_tumor_mri\Training\no_tumor\image(37).jpg,image(37).jpg,no_tumor,Training,2,a8155f8b8f640f8464b58a380026d01471800d15e76cbfd9678848d669c7e3a7
C:\Users\ransi\Documents\AA  SLIIT\Y2S1\IT2011 AIML\My First AI Project\EfficientNetB3_Project\data\brain_tumor_mri\Training\pituitary_tumor\p (397).jpg,p (397).jpg,pituitary_tumor,Training,3,f0d2fc593138f61e3e4813641580afff08621c19fbd0cc72daeccf0645a1e21d
C:\Users\ransi\Documents\AA  SLIIT\Y2S1\IT2011 AIML\My First AI Project\EfficientNetB3_Project\data\brain_tumor_mri\Training\pituitary_tumor\p (698).jpg,p (698).jpg,pituitary_tumor,Training,3,81f2db419099188059876414898ec19a59145f8bb20fb1995a694d6352d1fefb
C:\Users\ransi\Documents\AA  SLIIT\Y2S1\IT2011 AIML\My First AI Project\EfficientNetB3_Project\data\brain_tumor_mri\Training\meningioma_tumor\m (80).jpg,m (80).jpg,meningioma_tumor,Training,1,9aa83dff4a422878908b096eb9ea6840541ba5521f97060aab775de0fe694f9f
C:\Users\ransi\Documents\AA  SLIIT\Y2S1\IT2011 AIML\My First AI Project\EfficientNetB3_Project\data\brain_tumor_mri\Training\pituitary_tumor\p (237).jpg,p (237).jpg,pituitary_tumor,Training,3,c7f66f83f1c6b20c3aad82ff4fb4df53e01b14c8b52db1db656fa7007ae39f6f
C:\Users\ransi\Documents\AA  SLIIT\Y2S1\IT2011 AIML\My First AI Project\EfficientNetB3_Project\data\brain_tumor_mri\Testing\meningioma_tumor\image(92).jpg,image(92).jpg,meningioma_tumor,Testing,1,9d77e3a05ebb113dabfd559fb0840079b9fbd2d7ee52002f4dfccba75f2dbe71
C:\Users\ransi\Documents\AA  SLIIT\Y2S1\IT2011 AIML\My First AI Project\EfficientNetB3_Project\data\brain_tumor_mri\Training\glioma_tumor\gg (665).jpg,gg (665).jpg,glioma_tumor,Training,0,e41a038d3be002107164bd5dac29c770784913a733d895a9c9a03dc32f113078
C:\Users\ransi\Documents\AA  SLIIT\Y2S1\IT2011 AIML\My First AI Project\EfficientNetB3_Project\data\brain_tumor_mri\Training\meningioma_tumor\m (56).jpg,m (56).jpg,meningioma_tumor,Training,1,39b8a59903e645f2983db74d338a0b113309778ccdf53e0d8060a8e766bb1a3a
C:\Users\ransi\Documents\AA  SLIIT\Y2S1\IT2011 AIML\My First AI Project\EfficientNetB3_Project\data\brain_tumor_mri\Training\pituitary_tumor\p (362).jpg,p (362).jpg,pituitary_tumor,Training,3,43079ffd91b6e9f24760cd3be48da2abb42f2d8c0225059f572b8549243e387b
C:\Users\ransi\Documents\AA  SLIIT\Y2S1\IT2011 AIML\My First AI Project\EfficientNetB3_Project\data\brain_tumor_mri\Training\glioma_tumor\gg (321).jpg,gg (321).jpg,glioma_tumor,Training,0,a63db65516c057b6c348f8922024fff4ae8e78f2dea93f57611d1337e6802055
C:\Users\ransi\Documents\AA  SLIIT\Y2S1\IT2011 AIML\My First AI Project\EfficientNetB3_Project\data\brain_tumor_mri\Training\pituitary_tumor\p (732).jpg,p (732).jpg,pituitary_tumor,Training,3,aa7a9bd5e81177c5e5ee7be54731f688da71b1925c8b08831513689a0710069d
C:\Users\ransi\Documents\AA  SLIIT\Y2S1\IT2011 AIML\My First AI Project\EfficientNetB3_Project\data\brain_tumor_mri\Training\pituitary_tumor\p (635).jpg,p (635).jpg,pituitary_tumor,Training,3,677ad07d344037fc8c15eb5eee7dee8b6fd3c82750c3a6f053488c836c1a887e
C:\Users\ransi\Documents\AA  SLIIT\Y2S1\IT2011 AIML\My First AI Project\EfficientNetB3_Project\data\brain_tumor_mri\Training\pituitary_tumor\p (90).jpg,p (90).jpg,pituitary_tumor,Training,3,178d4240956328d13e3f4b1429a212fb5129bc2c0db90e6f459be0dec24f1b78
C:\Users\ransi\Documents\AA  SLIIT\Y2S1\IT2011 AIML\My First AI Project\EfficientNetB3_Project\data\brain_tumor_mri\Training\pituitary_tumor\p (287).jpg,p (287).jpg,pituitary_tumor,Training,3,9d65acd152ccaa81d3531e73d412898186474f3eedbbbf9c3ae13ef4f341ef68
C:\Users\ransi\Documents\AA  SLIIT\Y2S1\IT2011 AIML\My First AI Project\EfficientNetB3_Project\data\brain_tumor_mri\Training\glioma_tumor\gg (523).jpg,gg (523).jpg,glioma_tumor,Training,0,56e14102234968d2d314170f95232a9099fdd09a65b55a8ae6fcf0161e7b210c
C:\Users\ransi\Documents\AA  SLIIT\Y2S1\IT2011 AIML\My First AI Project\EfficientNetB3_Project\data\brain_tumor_mri\Testing\glioma_tumor\image(63).jpg,image(63).jpg,glioma_tumor,Testing,0,213f8ac1606f7b3a09378a93ea1213fbf84f7bf2dbd3eac30777979c2c429da1
C:\Users\ransi\Documents\AA  SLIIT\Y2S1\IT2011 AIML\My First AI Project\EfficientNetB3_Project\data\brain_tumor_mri\Training\glioma_tumor\gg (572).jpg,gg (572).jpg,glioma_tumor,Training,0,5c468622b459b3468e1bdb00b050b55f458fefff80d73317fb7838689dbd02c5
C:\Users\ransi\Documents\AA  SLIIT\Y2S1\IT2011 AIML\My First AI Project\EfficientNetB3_Project\data\brain_tumor_mri\Training\pituitary_tumor\p (179).jpg,p (179).jpg,pituitary_tumor,Training,3,b843611b7381ac2326524d41ef5cd990358d49076bf7b043e85b4bc57f7a696e
C:\Users\ransi\Documents\AA  SLIIT\Y2S1\IT2011 AIML\My First AI Project\EfficientNetB3_Project\data\brain_tumor_mri\Training\glioma_tumor\gg (539).jpg,gg (539).jpg,glioma_tumor,Training,0,bdf01eada35606613a12df4ad159dbc4247e8e08b68f9f7adbdcf4a0c9fc086b
C:\Users\ransi\Documents\AA  SLIIT\Y2S1\IT2011 AIML\My First AI Project\EfficientNetB3_Project\data\brain_tumor_mri\Training\no_tumor\image(282).jpg,image(282).jpg,no_tumor,Training,2,3e28a41d472bdece4726feb35f1831db15769bc4664cd465e635297f8fe7255b
C:\Users\ransi\Documents\AA  SLIIT\Y2S1\IT2011 AIML\My First AI Project\EfficientNetB3_Project\data\brain_tumor_mri\Training\meningioma_tumor\m3 (140).jpg,m3 (140).jpg,meningioma_tumor,Training,1,c5ef2a26bed0ffc81784ae73c9e520e2585aaba87852ff9c169c4f2e221f31a1
C:\Users\ransi\Documents\AA  SLIIT\Y2S1\IT2011 AIML\My First AI Project\EfficientNetB3_Project\data\brain_tumor_mri\Training\no_tumor\image(249).jpg,image(249).jpg,no_tumor,Training,2,2779f5d9e97ff8a2283e34ab88a7e6de22c561367944758e2796f427fd2dddd9
C:\Users\ransi\Documents\AA  SLIIT\Y2S1\IT2011 AIML\My First AI Project\EfficientNetB3_Project\data\brain_tumor_mri\Training\pituitary_tumor\p (557).jpg,p (557).jpg,pituitary_tumor,Training,3,ca1bc7dc7e5c20459779884e37f46b44e365a7c99a3dad494a72d36e97dd62bb
C:\Users\ransi\Documents\AA  SLIIT\Y2S1\IT2011 AIML\My First AI Project\EfficientNetB3_Project\data\brain_tumor_mri\Training\meningioma_tumor\m3 (129).jpg,m3 (129).jpg,meningioma_tumor,Training,1,d3be7076c0faeb393c3bc918541bca770a63eb537c2d161081753c8c4b280f11
C:\Users\ransi\Documents\AA  SLIIT\Y2S1\IT2011 AIML\My First AI Project\EfficientNetB3_Project\data\brain_tumor_mri\Training\no_tumor\image (60).jpg,image (60).jpg,no_tumor,Training,2,9e4d567cc1c9654db6c31518f61e6f3832fd18f2c07551468ab0becf30ccd345
C:\Users\ransi\Documents\AA  SLIIT\Y2S1\IT2011 AIML\My First AI Project\EfficientNetB3_Project\data\brain_tumor_mri\Training\glioma_tumor\gg (175).jpg,gg (175).jpg,glioma_tumor,Training,0,d14e0156c4c964a90c936ba47d28dfec8211578cf9c86aa6c7043588b0f81f96
C:\Users\ransi\Documents\AA  SLIIT\Y2S1\IT2011 AIML\My First AI Project\EfficientNetB3_Project\data\brain_tumor_mri\Training\pituitary_tumor\p (601).jpg,p (601).jpg,pituitary_tumor,Training,3,52e449fe6598d1539378cc4442bd5589ed6e5706a1f00bf068bb84fcacef6469
C:\Users\ransi\Documents\AA  SLIIT\Y2S1\IT2011 AIML\My First AI Project\EfficientNetB3_Project\data\brain_tumor_mri\Training\meningioma_tumor\m3 (168).jpg,m3 (168).jpg,meningioma_tumor,Training,1,3c83b5f4ecfafb75d7e2cabaaf04662db7e8de0b6cc4b5b1c6670d1aa012ada7
C:\Users\ransi\Documents\AA  SLIIT\Y2S1\IT2011 AIML\My First AI Project\EfficientNetB3_Project\data\brain_tumor_mri\Training\glioma_tumor\gg (65).jpg,gg (65).jpg,glioma_tumor,Training,0,3ae0c597399127610c3c9d79df25c73d8819b143c90a91cf93f3c0590cf7bf18
C:\Users\ransi\Documents\AA  SLIIT\Y2S1\IT2011 AIML\My First AI Project\EfficientNetB3_Project\data\brain_tumor_mri\Training\glioma_tumor\gg (524).jpg,gg (524).jpg,glioma_tumor,Training,0,14511cd5b963d3a3a667f449e938cadee3f00e4e7b53be1591f02297010bf42b
C:\Users\ransi\Documents\AA  SLIIT\Y2S1\IT2011 AIML\My First AI Project\EfficientNetB3_Project\data\brain_tumor_mri\Training\pituitary_tumor\p (793).jpg,p (793).jpg,pituitary_tumor,Training,3,a96e6bad030f1c8528abb32719201db07442e1b63c9c6a8ec791ed86b236ccf0
C:\Users\ransi\Documents\AA  SLIIT\Y2S1\IT2011 AIML\My First AI Project\EfficientNetB3_Project\data\brain_tumor_mri\Training\meningioma_tumor\m (37).jpg,m (37).jpg,meningioma_tumor,Training,1,3c1e3c352dfccc970ba5cb39fc65e10638d23f63bc2730dc2c2e4bec7f7ecdc5
C:\Users\ransi\Documents\AA  SLIIT\Y2S1\IT2011 AIML\My First AI Project\EfficientNetB3_Project\data\brain_tumor_mri\Training\pituitary_tumor\p (822).jpg,p (822).jpg,pituitary_tumor,Training,3,676b8ece5576809886faaac26dba4160774c826c8d0adecbb41d42d74f281756
C:\Users\ransi\Documents\AA  SLIIT\Y2S1\IT2011 AIML\My First AI Project\EfficientNetB3_Project\data\brain_tumor_mri\Training\meningioma_tumor\m (68).jpg,m (68).jpg,meningioma_tumor,Training,1,9a98cbd31643a3bcc1193ca2f79008f3c2b2e72df7d737857c1a399f90fe5316
C:\Users\ransi\Documents\AA  SLIIT\Y2S1\IT2011 AIML\My First AI Project\EfficientNetB3_Project\data\brain_tumor_mri\Training\meningioma_tumor\m2 (43).jpg,m2 (43).jpg,meningioma_tumor,Training,1,feaa4232463eb10f953924cba96966b1bb9fc82509b64bbb661f75475ebec186
C:\Users\ransi\Documents\AA  SLIIT\Y2S1\IT2011 AIML\My First AI Project\EfficientNetB3_Project\data\brain_tumor_mri\Training\meningioma_tumor\m1(163).jpg,m1(163).jpg,meningioma_tumor,Training,1,3dda830ebaa3389847012b51952891707f147df53645461c849dda635a9bb3dc
C:\Users\ransi\Documents\AA  SLIIT\Y2S1\IT2011 AIML\My First AI Project\EfficientNetB3_Project\data\brain_tumor_mri\Training\glioma_tumor\gg (479).jpg,gg (479).jpg,glioma_tumor,Training,0,2299f472426e9ae90124bbb04861f0783feba44013f77ef9fcc8d8484e92d1a7
C:\Users\ransi\Documents\AA  SLIIT\Y2S1\IT2011 AIML\My First AI Project\EfficientNetB3_Project\data\brain_tumor_mri\Testing\glioma_tumor\image(7).jpg,image(7).jpg,glioma_tumor,Testing,0,42f3fe6596e8bed9d7726b2d2ee66763b83698707d8b7ae1d811d385d3b50148
C:\Users\ransi\Documents\AA  SLIIT\Y2S1\IT2011 AIML\My First AI Project\EfficientNetB3_Project\data\brain_tumor_mri\Training\meningioma_tumor\m2 (136).jpg,m2 (136).jpg,meningioma_tumor,Training,1,1bc3bfd538c294c77249266cd81c2d02f496dc0926762d8857d5229719962f7a
C:\Users\ransi\Documents\AA  SLIIT\Y2S1\IT2011 AIML\My First AI Project\EfficientNetB3_Project\data\brain_tumor_mri\Training\meningioma_tumor\m3 (58).jpg,m3 (58).jpg,meningioma_tumor,Training,1,99c266ea256b5ead05d36b9b45302c617a2b1a5891a679219e7bf5ef640bd3ad
C:\Users\ransi\Documents\AA  SLIIT\Y2S1\IT2011 AIML\My First AI Project\EfficientNetB3_Project\data\brain_tumor_mri\Training\glioma_tumor\gg (609).jpg,gg (609).jpg,glioma_tumor,Training,0,4e8198dde883bcdd41bc1b5ce936ff79eb3a8cfcb8827bcadd9c327e4de232e5
C:\Users\ransi\Documents\AA  SLIIT\Y2S1\IT2011 AIML\My First AI Project\EfficientNetB3_Project\data\brain_tumor_mri\Training\meningioma_tumor\m (93).jpg,m (93).jpg,meningioma_tumor,Training,1,b53353cf2ca67b3a2cfc03843a14a774c08257de9a0f44f016f3c6650955a619
C:\Users\ransi\Documents\AA  SLIIT\Y2S1\IT2011 AIML\My First AI Project\EfficientNetB3_Project\data\brain_tumor_mri\Testing\glioma_tumor\image(4).jpg,image(4).jpg,glioma_tumor,Testing,0,2b8e8a4692e924d20e9ea9b8647ddfa8d436b5e8a37c21b17ad2b218d10b4749
C:\Users\ransi\Documents\AA  SLIIT\Y2S1\IT2011 AIML\My First AI Project\EfficientNetB3_Project\data\brain_tumor_mri\Training\meningioma_tumor\m2 (110).jpg,m2 (110).jpg,meningioma_tumor,Training,1,ddb90b3226855dd3dcc8f76ad2882b7943d9f28c1e9db0218ec77c5f9a50ae1f
C:\Users\ransi\Documents\AA  SLIIT\Y2S1\IT2011 AIML\My First AI Project\EfficientNetB3_Project\data\brain_tumor_mri\Training\pituitary_tumor\p (496).jpg,p (496).jpg,pituitary_tumor,Training,3,b2cb2d85ac9a7812c0accadd910ca71740fb24e2a85da482c3237b2448456021
C:\Users\ransi\Documents\AA  SLIIT\Y2S1\IT2011 AIML\My First AI Project\EfficientNetB3_Project\data\brain_tumor_mri\Training\glioma_tumor\gg (322).jpg,gg (322).jpg,glioma_tumor,Training,0,37a94f43c2516759ad98138ffc379156763e4d587f0000930656c3a5089763a2
C:\Users\ransi\Documents\AA  SLIIT\Y2S1\IT2011 AIML\My First AI Project\EfficientNetB3_Project\data\brain_tumor_mri\Training\glioma_tumor\gg (275).jpg,gg (275).jpg,glioma_tumor,Training,0,39869043477d5c15758a77fdbb7247a9ed43cb75faaab442ee57f3490d5cccfe
C:\Users\ransi\Documents\AA  SLIIT\Y2S1\IT2011 AIML\My First AI Project\EfficientNetB3_Project\data\brain_tumor_mri\Training\no_tumor\image(47).jpg,image(47).jpg,no_tumor,Training,2,812a2c6599255067e9752c7d0037f409d91f7336f42d7af3440fb5c2c91e8da1
C:\Users\ransi\Documents\AA  SLIIT\Y2S1\IT2011 AIML\My First AI Project\EfficientNetB3_Project\data\brain_tumor_mri\Testing\meningioma_tumor\image(88).jpg,image(88).jpg,meningioma_tumor,Testing,1,7912b475d4fe70819a6982a63f4487ade1f9ea600b1bdf99c60c1019facd9e02
C:\Users\ransi\Documents\AA  SLIIT\Y2S1\IT2011 AIML\My First AI Project\EfficientNetB3_Project\data\brain_tumor_mri\Training\meningioma_tumor\m (15).jpg,m (15).jpg,meningioma_tumor,Training,1,1b5cc7e3ff4c1dd8d2478d96f3a56554b315bd6a812fd04d98b193de1e537ae5
C:\Users\ransi\Documents\AA  SLIIT\Y2S1\IT2011 AIML\My First AI Project\EfficientNetB3_Project\data\brain_tumor_mri\Training\no_tumor\image(255).jpg,image(255).jpg,no_tumor,Training,2,aa66d8e967787f1f68a537f5300e72131b53cc4706620d41e67f74b1eb53d931
C:\Users\ransi\Documents\AA  SLIIT\Y2S1\IT2011 AIML\My First AI Project\EfficientNetB3_Project\data\brain_tumor_mri\Training\meningioma_tumor\m3 (103).jpg,m3 (103).jpg,meningioma_tumor,Training,1,5b9cf595842206d941aef38d87fa6f10027a206f73949e9689add2738ac7a12f
C:\Users\ransi\Documents\AA  SLIIT\Y2S1\IT2011 AIML\My First AI Project\EfficientNetB3_Project\data\brain_tumor_mri\Training\meningioma_tumor\m2 (142).jpg,m2 (142).jpg,meningioma_tumor,Training,1,73a0e5d8b81640305ec22876b3f18a60ff60332fd2d9099c516307a834835ad1
C:\Users\ransi\Documents\AA  SLIIT\Y2S1\IT2011 AIML\My First AI Project\EfficientNetB3_Project\data\brain_tumor_mri\Training\no_tumor\image(52).jpg,image(52).jpg,no_tumor,Training,2,4c6238dc9771a99b1623932047fd64d5eb26d25cc294916c516b85e261c8ab46
C:\Users\ransi\Documents\AA  SLIIT\Y2S1\IT2011 AIML\My First AI Project\EfficientNetB3_Project\data\brain_tumor_mri\Training\pituitary_tumor\p (466).jpg,p (466).jpg,pituitary_tumor,Training,3,1a978a472d36c94cabd8f4e78a28954d76c11e4acaeb0b730fc2f5069a2eb60b
C:\Users\ransi\Documents\AA  SLIIT\Y2S1\IT2011 AIML\My First AI Project\EfficientNetB3_Project\data\brain_tumor_mri\Training\pituitary_tumor\p (811).jpg,p (811).jpg,pituitary_tumor,Training,3,a6a96199edd6b7394588d6ffb33860f6940fa97c7df39a3b2e8622aee3ce10b2
C:\Users\ransi\Documents\AA  SLIIT\Y2S1\IT2011 AIML\My First AI Project\EfficientNetB3_Project\data\brain_tumor_mri\Training\glioma_tumor\gg (14).jpg,gg (14).jpg,glioma_tumor,Training,0,80008166546bbec3da482bc8100bbd773f93e4640aca680f13198083a6301bec
C:\Users\ransi\Documents\AA  SLIIT\Y2S1\IT2011 AIML\My First AI Project\EfficientNetB3_Project\data\brain_tumor_mri\Training\meningioma_tumor\m (51).jpg,m (51).jpg,meningioma_tumor,Training,1,a1ed9509b447dd290e548448b6090a46376846d2a3344b30ce539bf13e9f2c42
C:\Users\ransi\Documents\AA  SLIIT\Y2S1\IT2011 AIML\My First AI Project\EfficientNetB3_Project\data\brain_tumor_mri\Testing\pituitary_tumor\image(20).jpg,image(20).jpg,pituitary_tumor,Testing,3,ad94e2ae69c36712cf7ee4f8829c2f5edd598699ee2863985fe6f700817a98ea
C:\Users\ransi\Documents\AA  SLIIT\Y2S1\IT2011 AIML\My First AI Project\EfficientNetB3_Project\data\brain_tumor_mri\Training\no_tumor\image(229).jpg,image(229).jpg,no_tumor,Training,2,b3d48eaa67fc8a46bf8ef134ffa3b797c6d118804369ad6d981b800529787bc1
C:\Users\ransi\Documents\AA  SLIIT\Y2S1\IT2011 AIML\My First AI Project\EfficientNetB3_Project\data\brain_tumor_mri\Training\no_tumor\image(115).jpg,image(115).jpg,no_tumor,Training,2,da99d997905f712cfb948d63b23a292382cbb2954e55ebda62fe39f160b50686
C:\Users\ransi\Documents\AA  SLIIT\Y2S1\IT2011 AIML\My First AI Project\EfficientNetB3_Project\data\brain_tumor_mri\Training\pituitary_tumor\p (690).jpg,p (690).jpg,pituitary_tumor,Training,3,cbf4590e16586adc61e35f23beaa4cae1d54f72bb6aacef9b651e9ccbc373fe9
C:\Users\ransi\Documents\AA  SLIIT\Y2S1\IT2011 AIML\My First AI Project\EfficientNetB3_Project\data\brain_tumor_mri\Training\no_tumor\image (56).jpg,image (56).jpg,no_tumor,Training,2,bda484a632a2f6a5e8083fe8954759e1176bac99ca707af27f87dfbddf56feba
C:\Users\ransi\Documents\AA  SLIIT\Y2S1\IT2011 AIML\My First AI Project\EfficientNetB3_Project\data\brain_tumor_mri\Training\pituitary_tumor\p (578).jpg,p (578).jpg,pituitary_tumor,Training,3,7d0738e4f6493b449e20a147b80f674c589dc478dd6b5ccd4fb6ea1c329f0cfe
C:\Users\ransi\Documents\AA  SLIIT\Y2S1\IT2011 AIML\My First AI Project\EfficientNetB3_Project\data\brain_tumor_mri\Training\glioma_tumor\gg (369).jpg,gg (369).jpg,glioma_tumor,Training,0,2fbb87104feee4ba01b6d4aa0d3a09ade6111393f3ea5408c10e13cc94e364c4
C:\Users\ransi\Documents\AA  SLIIT\Y2S1\IT2011 AIML\My First AI Project\EfficientNetB3_Project\data\brain_tumor_mri\Training\pituitary_tumor\p (600).jpg,p (600).jpg,pituitary_tumor,Training,3,1ddc5ccc4a192592b15e96d23e5bc20536915b59931a6e87b0fa629b9f24225e
C:\Users\ransi\Documents\AA  SLIIT\Y2S1\IT2011 AIML\My First AI Project\EfficientNetB3_Project\data\brain_tumor_mri\Testing\glioma_tumor\image(93).jpg,image(93).jpg,glioma_tumor,Testing,0,04aa41d8514362877d7f8fd81e543bc8584e4a6ba1ac025c2f37515f32abd9b0
C:\Users\ransi\Documents\AA  SLIIT\Y2S1\IT2011 AIML\My First AI Project\EfficientNetB3_Project\data\brain_tumor_mri\Training\glioma_tumor\gg (777).jpg,gg (777).jpg,glioma_tumor,Training,0,8a8e8d7c3362561c0da7910495f11d57713bd26a5d31571cd4e48711cc073fa6
C:\Users\ransi\Documents\AA  SLIIT\Y2S1\IT2011 AIML\My First AI Project\EfficientNetB3_Project\data\brain_tumor_mri\Testing\meningioma_tumor\image(7).jpg,image(7).jpg,meningioma_tumor,Testing,1,85810ba8cb4b872c9b258e404db14581906135c54f678bc4ea4d8c706f8530af
C:\Users\ransi\Documents\AA  SLIIT\Y2S1\IT2011 AIML\My First AI Project\EfficientNetB3_Project\data\brain_tumor_mri\Training\meningioma_tumor\m3 (79).jpg,m3 (79).jpg,meningioma_tumor,Training,1,296f0ac03b09e428c8a10d7b2b8ccc9601ddcdfbfc458dd308d88ecce9c4b644
C:\Users\ransi\Documents\AA  SLIIT\Y2S1\IT2011 AIML\My First AI Project\EfficientNetB3_Project\data\brain_tumor_mri\Training\pituitary_tumor\p (767).jpg,p (767).jpg,pituitary_tumor,Training,3,b41c73b1bccaaf3d1d613f90ecac9ca4dd941667bf41d49d08889e2911ab2fac
C:\Users\ransi\Documents\AA  SLIIT\Y2S1\IT2011 AIML\My First AI Project\EfficientNetB3_Project\data\brain_tumor_mri\Training\pituitary_tumor\p (610).jpg,p (610).jpg,pituitary_tumor,Training,3,70334e5860fa4fb7b90aad8b0f4610f0a844d8f41954ba921ff4e07dad757249
C:\Users\ransi\Documents\AA  SLIIT\Y2S1\IT2011 AIML\My First AI Project\EfficientNetB3_Project\data\brain_tumor_mri\Training\glioma_tumor\gg (86).jpg,gg (86).jpg,glioma_tumor,Training,0,9c6957b8bfd19b01b5374ea31db6415b5edd882e4bb05f7cee6a5b9ef341303a
C:\Users\ransi\Documents\AA  SLIIT\Y2S1\IT2011 AIML\My First AI Project\EfficientNetB3_Project\data\brain_tumor_mri\Training\no_tumor\image(288).jpg,image(288).jpg,no_tumor,Training,2,65171c43207bd38c794fd14bf5f513325e8a4fe207f71539009bfb4f78b347d8
C:\Users\ransi\Documents\AA  SLIIT\Y2S1\IT2011 AIML\My First AI Project\EfficientNetB3_Project\data\brain_tumor_mri\Training\meningioma_tumor\m3 (5).jpg,m3 (5).jpg,meningioma_tumor,Training,1,a094ba4385c8afbe93e77543abdb9505e3e4db8aaa1b923a2eb436b52471dfae
C:\Users\ransi\Documents\AA  SLIIT\Y2S1\IT2011 AIML\My First AI Project\EfficientNetB3_Project\data\brain_tumor_mri\Training\pituitary_tumor\p (400).jpg,p (400).jpg,pituitary_tumor,Training,3,d6addb59f4164bfdc94f2137f87f3e4462646e5f377aaf02129bea7e503c53db
C:\Users\ransi\Documents\AA  SLIIT\Y2S1\IT2011 AIML\My First AI Project\EfficientNetB3_Project\data\brain_tumor_mri\Training\glioma_tumor\gg (736).jpg,gg (736).jpg,glioma_tumor,Training,0,b3552156c376b5b5ad31c6dd10a56afdf737706d77341f7d95ea18467b54c066
C:\Users\ransi\Documents\AA  SLIIT\Y2S1\IT2011 AIML\My First AI Project\EfficientNetB3_Project\data\brain_tumor_mri\Training\glioma_tumor\gg (309).jpg,gg (309).jpg,glioma_tumor,Training,0,81b635d077ec8fd59fdd96b703a20e674bcafea59c9c47e9f994b59cb9072fd7
C:\Users\ransi\Documents\AA  SLIIT\Y2S1\IT2011 AIML\My First AI Project\EfficientNetB3_Project\data\brain_tumor_mri\Training\pituitary_tumor\p (297).jpg,p (297).jpg,pituitary_tumor,Training,3,5ad5cba7d03927d82fc5985a79b57ff7c0f5d93427431f25b4f44838290f61fc
C:\Users\ransi\Documents\AA  SLIIT\Y2S1\IT2011 AIML\My First AI Project\EfficientNetB3_Project\data\brain_tumor_mri\Training\meningioma_tumor\m1(92).jpg,m1(92).jpg,meningioma_tumor,Training,1,995eefcf311b352e0f1e8855db68f9c40e8aa033f422663b715860c76aa4b1db
C:\Users\ransi\Documents\AA  SLIIT\Y2S1\IT2011 AIML\My First AI Project\EfficientNetB3_Project\data\brain_tumor_mri\Training\pituitary_tumor\p (587).jpg,p (587).jpg,pituitary_tumor,Training,3,c311a5a5f69d793b73860932397a7b85db7c52bd86bb3b209c01666a259c38df
C:\Users\ransi\Documents\AA  SLIIT\Y2S1\IT2011 AIML\My First AI Project\EfficientNetB3_Project\data\brain_tumor_mri\Testing\pituitary_tumor\image(27).jpg,image(27).jpg,pituitary_tumor,Testing,3,038cb56df6089d058966e13005993a7a900c70ee13f617c7f4d8dad0ea8e14c4
C:\Users\ransi\Documents\AA  SLIIT\Y2S1\IT2011 AIML\My First AI Project\EfficientNetB3_Project\data\brain_tumor_mri\Training\meningioma_tumor\m2 (52).jpg,m2 (52).jpg,meningioma_tumor,Training,1,9ea44414ffff40ebd9ef6313a0faa443f015ed7d14a5aea3187a6cf708ae1524
C:\Users\ransi\Documents\AA  SLIIT\Y2S1\IT2011 AIML\My First AI Project\EfficientNetB3_Project\data\brain_tumor_mri\Training\glioma_tumor\gg (627).jpg,gg (627).jpg,glioma_tumor,Training,0,f9441b2abfaa5ee60b73074ed41b15cd2cb2e2e2a96be76058da21d8341b9b04
C:\Users\ransi\Documents\AA  SLIIT\Y2S1\IT2011 AIML\My First AI Project\EfficientNetB3_Project\data\brain_tumor_mri\Training\meningioma_tumor\m (200).jpg,m (200).jpg,meningioma_tumor,Training,1,9913d4d00bfc19f18d7aba882f7e1002ae62251258ed2b4db286b46faa9a1f10
C:\Users\ransi\Documents\AA  SLIIT\Y2S1\IT2011 AIML\My First AI Project\EfficientNetB3_Project\data\brain_tumor_mri\Testing\glioma_tumor\image(23).jpg,image(23).jpg,glioma_tumor,Testing,0,87d1bdfc11bba2766713e757c711cb8401e1e7d0943e29b9b0146e66ed10463b
C:\Users\ransi\Documents\AA  SLIIT\Y2S1\IT2011 AIML\My First AI Project\EfficientNetB3_Project\data\brain_tumor_mri\Training\glioma_tumor\gg (122).jpg,gg (122).jpg,glioma_tumor,Training,0,335bd7878ded8ea8db4dbd897a52231e781ba4fd863c714415f331adaa340c4c
C:\Users\ransi\Documents\AA  SLIIT\Y2S1\IT2011 AIML\My First AI Project\EfficientNetB3_Project\data\brain_tumor_mri\Training\glioma_tumor\gg (612).jpg,gg (612).jpg,glioma_tumor,Training,0,dc7ad845c85b5645c3482077a16615cac98a858e878f59217baef886f063bca6
C:\Users\ransi\Documents\AA  SLIIT\Y2S1\IT2011 AIML\My First AI Project\EfficientNetB3_Project\data\brain_tumor_mri\Training\meningioma_tumor\m3 (174).jpg,m3 (174).jpg,meningioma_tumor,Training,1,4e943b2e22317c511ac920f2697c873de4377e922aca41b1dd3473597320c696
C:\Users\ransi\Documents\AA  SLIIT\Y2S1\IT2011 AIML\My First AI Project\EfficientNetB3_Project\data\brain_tumor_mri\Testing\glioma_tumor\image(48).jpg,image(48).jpg,glioma_tumor,Testing,0,7731e42be9ba3453360086cd91b77036dd5cacd848cb1c407887159c71222a7b
C:\Users\ransi\Documents\AA  SLIIT\Y2S1\IT2011 AIML\My First AI Project\EfficientNetB3_Project\data\brain_tumor_mri\Training\meningioma_tumor\m1(7).jpg,m1(7).jpg,meningioma_tumor,Training,1,c70dc85daacdc0227c689b1945a83b0e026425721769070db8eb664bb274b569
C:\Users\ransi\Documents\AA  SLIIT\Y2S1\IT2011 AIML\My First AI Project\EfficientNetB3_Project\data\brain_tumor_mri\Training\meningioma_tumor\m3 (210).jpg,m3 (210).jpg,meningioma_tumor,Training,1,141d77f45f51c96c419ddbf0ddcbae97d0d8ccf23051026ee9fccb5669eddc68
C:\Users\ransi\Documents\AA  SLIIT\Y2S1\IT2011 AIML\My First AI Project\EfficientNetB3_Project\data\brain_tumor_mri\Testing\meningioma_tumor\image(66).jpg,image(66).jpg,meningioma_tumor,Testing,1,32aeabe5bd8a77001d06adbb24a0c1727d110692d91e6a5143251f9719696b58
C:\Users\ransi\Documents\AA  SLIIT\Y2S1\IT2011 AIML\My First AI Project\EfficientNetB3_Project\data\brain_tumor_mri\Training\no_tumor\image(276).jpg,image(276).jpg,no_tumor,Training,2,e3ea07d69e4b3242a2bc56046a2c9547c6e15d8169d3bdad7d4f8f9baf2a2442
C:\Users\ransi\Documents\AA  SLIIT\Y2S1\IT2011 AIML\My First AI Project\EfficientNetB3_Project\data\brain_tumor_mri\Testing\meningioma_tumor\image(22).jpg,image(22).jpg,meningioma_tumor,Testing,1,535e5fd3284fb948f3b07147480899b2df00c0705e3ff3e5808d96bd30be2057
C:\Users\ransi\Documents\AA  SLIIT\Y2S1\IT2011 AIML\My First AI Project\EfficientNetB3_Project\data\brain_tumor_mri\Training\meningioma_tumor\m (46).jpg,m (46).jpg,meningioma_tumor,Training,1,11defc1c97aa665e3e2983e34b2a2902a20f83c622c20a01b1a4096dc23dc28d
C:\Users\ransi\Documents\AA  SLIIT\Y2S1\IT2011 AIML\My First AI Project\EfficientNetB3_Project\data\brain_tumor_mri\Training\pituitary_tumor\p (164).jpg,p (164).jpg,pituitary_tumor,Training,3,3bd4e3a1635729598f0f665ed24acbce0695e9c2d9f1abda4050a36ee9e28b26
C:\Users\ransi\Documents\AA  SLIIT\Y2S1\IT2011 AIML\My First AI Project\EfficientNetB3_Project\data\brain_tumor_mri\Training\glioma_tumor\gg (242).jpg,gg (242).jpg,glioma_tumor,Training,0,bdc3a61f724c0ff33d702185ca2e4b012371b5404b1bd55e5a4ffd29b079eec6
C:\Users\ransi\Documents\AA  SLIIT\Y2S1\IT2011 AIML\My First AI Project\EfficientNetB3_Project\data\brain_tumor_mri\Training\pituitary_tumor\p (683).jpg,p (683).jpg,pituitary_tumor,Training,3,72ad48da50eaff7286f161ae2e149fa6044b2cbe4108758a61097401b549bc96
C:\Users\ransi\Documents\AA  SLIIT\Y2S1\IT2011 AIML\My First AI Project\EfficientNetB3_Project\data\brain_tumor_mri\Training\no_tumor\image(233).jpg,image(233).jpg,no_tumor,Training,2,54f6988e22d13ed8a6612371d0d2c725f2e163384d9059f3b25dd56f4bb11fab
C:\Users\ransi\Documents\AA  SLIIT\Y2S1\IT2011 AIML\My First AI Project\EfficientNetB3_Project\data\brain_tumor_mri\Training\glioma_tumor\gg (47).jpg,gg (47).jpg,glioma_tumor,Training,0,a1af6fa086bf8e00e6ccc98eb5aed748e4b844ce615a10e09cf9c180fe8b48b6
C:\Users\ransi\Documents\AA  SLIIT\Y2S1\IT2011 AIML\My First AI Project\EfficientNetB3_Project\data\brain_tumor_mri\Training\meningioma_tumor\m3 (239).jpg,m3 (239).jpg,meningioma_tumor,Training,1,abaad42f4606006a3e7b16692713430aba3540a3c0a1062bea657182e6b4b300
C:\Users\ransi\Documents\AA  SLIIT\Y2S1\IT2011 AIML\My First AI Project\EfficientNetB3_Project\data\brain_tumor_mri\Training\glioma_tumor\gg (619).jpg,gg (619).jpg,glioma_tumor,Training,0,bc8f42ffb02631a2f5fa6c348742039fe2495a2a45b44dbc7ebe00354f6a1f41
C:\Users\ransi\Documents\AA  SLIIT\Y2S1\IT2011 AIML\My First AI Project\EfficientNetB3_Project\data\brain_tumor_mri\Training\pituitary_tumor\p (72).jpg,p (72).jpg,pituitary_tumor,Training,3,3b7aa24d390beb1641274fda437655f427898a8e7a142f6bf03324b5b361a845
C:\Users\ransi\Documents\AA  SLIIT\Y2S1\IT2011 AIML\My First AI Project\EfficientNetB3_Project\data\brain_tumor_mri\Training\pituitary_tumor\p (112).jpg,p (112).jpg,pituitary_tumor,Training,3,cbf0c6e83823bb9deca10e8df22caa30990ff5c1638d2808ed648deacfcd75e4
C:\Users\ransi\Documents\AA  SLIIT\Y2S1\IT2011 AIML\My First AI Project\EfficientNetB3_Project\data\brain_tumor_mri\Training\meningioma_tumor\m2 (7).jpg,m2 (7).jpg,meningioma_tumor,Training,1,9939205cb6581f00cd7bb1eb62c8646f55af90ffc209b98fc12a8cbd541d03be
C:\Users\ransi\Documents\AA  SLIIT\Y2S1\IT2011 AIML\My First AI Project\EfficientNetB3_Project\data\brain_tumor_mri\Training\meningioma_tumor\m3 (104).jpg,m3 (104).jpg,meningioma_tumor,Training,1,57fc67427416f206032a2e953a6b8b760b80d1897a1ddffe48d4c919412b698e
C:\Users\ransi\Documents\AA  SLIIT\Y2S1\IT2011 AIML\My First AI Project\EfficientNetB3_Project\data\brain_tumor_mri\Training\meningioma_tumor\m3 (76).jpg,m3 (76).jpg,meningioma_tumor,Training,1,7b4277e1da6ba794a3b4bb4b01bdf3d36a81a1be3f315b286ead7e3d9c9d8f68
C:\Users\ransi\Documents\AA  SLIIT\Y2S1\IT2011 AIML\My First AI Project\EfficientNetB3_Project\data\brain_tumor_mri\Training\meningioma_tumor\m1(146).jpg,m1(146).jpg,meningioma_tumor,Training,1,887770a828d268a2487b833f31281d0291951557c1ecd96ed38f3e8966d0def0
